"age","marital","education","housing","loan","contact","month","duration","pdays","TermDeposit"
44,"divorced","secondary","no","yes","cellular","jul",275,-1,"no"
39,"married","primary","yes","no","unknown","may",35,-1,"no"
33,"married","secondary","yes","yes","unknown","may",29,-1,"no"
38,"married","unknown","yes","no","unknown","may",87,-1,"no"
49,"married","primary","no","no","telephone","aug",214,-1,"no"
46,"single","tertiary","no","no","cellular","aug",411,-1,"no"
34,"single","secondary","yes","no","unknown","may",194,-1,"no"
61,"married","tertiary","yes","no","cellular","apr",114,-1,"no"
36,"married","tertiary","no","no","cellular","aug",58,-1,"no"
38,"married","secondary","yes","no","cellular","jul",143,-1,"no"
50,"married","primary","no","no","unknown","jun",21,-1,"no"
28,"married","secondary","no","no","cellular","feb",220,-1,"no"
51,"single","tertiary","yes","no","unknown","nov",287,-1,"no"
33,"divorced","secondary","yes","yes","cellular","jan",263,239,"no"
42,"married","secondary","no","no","cellular","aug",113,-1,"no"
35,"divorced","tertiary","yes","no","cellular","aug",210,124,"no"
40,"single","secondary","no","no","cellular","nov",411,8,"no"
36,"married","secondary","no","no","unknown","jun",481,-1,"no"
41,"married","tertiary","yes","no","telephone","jul",80,-1,"no"
46,"married","secondary","yes","no","cellular","apr",427,337,"no"
25,"single","secondary","no","no","cellular","mar",141,180,"yes"
39,"married","secondary","yes","no","cellular","apr",939,-1,"yes"
31,"single","tertiary","yes","yes","cellular","jan",572,-1,"no"
28,"single","secondary","no","no","cellular","may",259,63,"no"
47,"married","unknown","no","no","cellular","aug",358,-1,"yes"
36,"married","secondary","yes","yes","cellular","may",132,-1,"no"
29,"single","tertiary","yes","yes","cellular","jan",499,248,"no"
32,"married","secondary","yes","no","unknown","may",923,-1,"yes"
32,"married","tertiary","yes","yes","cellular","nov",44,182,"no"
30,"married","secondary","yes","no","unknown","may",114,-1,"no"
55,"single","secondary","no","no","unknown","jun",14,-1,"no"
37,"married","secondary","yes","yes","cellular","may",151,351,"no"
31,"divorced","secondary","no","no","telephone","aug",9,-1,"no"
52,"married","secondary","no","no","unknown","jun",83,-1,"no"
54,"married","primary","yes","no","telephone","apr",40,-1,"no"
46,"married","secondary","no","no","cellular","nov",240,119,"no"
59,"married","secondary","yes","no","cellular","aug",1241,-1,"yes"
48,"divorced","primary","yes","no","unknown","may",832,-1,"yes"
43,"married","secondary","yes","no","cellular","jul",89,-1,"no"
44,"single","tertiary","yes","no","cellular","nov",54,-1,"no"
27,"single","tertiary","no","no","cellular","aug",171,91,"no"
53,"married","tertiary","no","no","cellular","feb",66,-1,"no"
30,"single","secondary","no","no","cellular","jul",358,-1,"no"
56,"married","tertiary","no","no","cellular","aug",148,-1,"no"
52,"divorced","tertiary","yes","yes","unknown","jun",741,-1,"yes"
41,"married","tertiary","yes","no","unknown","may",37,-1,"no"
30,"single","unknown","yes","no","cellular","apr",187,-1,"no"
37,"married","secondary","no","no","cellular","feb",276,167,"no"
47,"married","secondary","yes","no","cellular","apr",20,-1,"no"
36,"married","secondary","yes","no","cellular","may",86,-1,"no"
48,"married","secondary","no","yes","cellular","jul",302,-1,"no"
36,"single","tertiary","no","no","cellular","apr",567,595,"yes"
47,"married","secondary","yes","no","cellular","may",230,354,"no"
32,"single","tertiary","no","no","unknown","dec",10,-1,"no"
58,"married","secondary","yes","no","cellular","apr",286,-1,"no"
46,"married","primary","no","no","cellular","aug",322,-1,"no"
34,"married","primary","yes","no","unknown","may",192,-1,"no"
37,"single","secondary","no","yes","cellular","jul",661,-1,"yes"
36,"married","secondary","yes","no","telephone","jan",99,259,"no"
52,"married","secondary","yes","no","telephone","nov",102,188,"no"
37,"single","secondary","yes","no","cellular","feb",96,271,"no"
44,"married","primary","yes","no","unknown","may",113,-1,"no"
26,"single","tertiary","no","no","cellular","feb",136,-1,"no"
43,"divorced","secondary","no","no","cellular","nov",1468,-1,"yes"
31,"married","tertiary","no","no","cellular","apr",739,-1,"yes"
30,"married","tertiary","no","no","cellular","aug",137,-1,"no"
42,"married","secondary","no","no","cellular","aug",314,-1,"no"
66,"married","tertiary","no","no","cellular","jan",156,-1,"no"
36,"married","tertiary","no","no","cellular","jul",150,-1,"no"
38,"married","primary","no","no","cellular","jul",267,-1,"no"
40,"married","secondary","yes","yes","cellular","nov",173,-1,"no"
31,"married","secondary","yes","no","cellular","nov",391,-1,"no"
41,"married","secondary","yes","no","unknown","may",221,-1,"no"
54,"married","secondary","yes","no","cellular","may",65,342,"no"
44,"married","secondary","yes","yes","unknown","jun",271,-1,"no"
33,"divorced","secondary","no","no","cellular","feb",207,-1,"no"
35,"married","tertiary","yes","no","cellular","jul",65,-1,"no"
36,"married","secondary","yes","no","unknown","may",482,-1,"no"
47,"married","tertiary","no","yes","cellular","aug",898,-1,"no"
31,"single","secondary","no","no","cellular","jul",167,181,"no"
45,"married","secondary","yes","yes","cellular","jan",625,-1,"no"
26,"single","secondary","yes","no","unknown","jun",18,-1,"no"
53,"married","secondary","no","no","cellular","aug",78,-1,"no"
50,"married","tertiary","no","yes","cellular","aug",50,-1,"no"
43,"married","secondary","yes","no","telephone","may",128,324,"no"
33,"married","secondary","yes","no","cellular","apr",322,-1,"no"
30,"single","unknown","yes","no","cellular","nov",1206,-1,"no"
42,"married","tertiary","yes","no","cellular","nov",149,186,"no"
51,"divorced","tertiary","no","no","cellular","aug",84,-1,"no"
51,"divorced","tertiary","yes","no","cellular","nov",72,-1,"no"
49,"married","primary","yes","yes","unknown","may",520,-1,"yes"
43,"single","tertiary","no","no","unknown","jun",147,-1,"no"
30,"married","secondary","yes","no","cellular","jul",15,-1,"no"
42,"married","tertiary","no","no","cellular","feb",156,-1,"yes"
32,"married","secondary","yes","yes","cellular","aug",132,-1,"no"
40,"married","secondary","yes","no","unknown","may",735,-1,"no"
56,"married","primary","yes","no","telephone","may",179,-1,"no"
43,"married","tertiary","no","no","cellular","dec",150,195,"yes"
53,"divorced","tertiary","no","no","cellular","aug",173,-1,"no"
45,"married","secondary","no","no","unknown","jun",442,-1,"no"
47,"married","primary","yes","yes","cellular","aug",166,-1,"no"
35,"single","secondary","yes","no","cellular","may",85,-1,"no"
58,"married","secondary","no","no","cellular","jan",536,-1,"no"
50,"single","tertiary","no","no","unknown","jun",338,-1,"no"
35,"single","tertiary","no","no","cellular","jun",651,-1,"yes"
39,"married","secondary","no","no","cellular","aug",102,-1,"no"
29,"single","tertiary","no","no","cellular","aug",130,94,"yes"
39,"single","tertiary","yes","no","cellular","nov",147,170,"no"
43,"married","secondary","no","no","cellular","jul",129,-1,"no"
60,"married","secondary","no","yes","cellular","aug",87,-1,"no"
43,"divorced","secondary","yes","no","cellular","jan",74,-1,"no"
60,"married","unknown","yes","no","unknown","jun",32,-1,"no"
48,"married","primary","yes","no","cellular","feb",144,209,"no"
45,"single","tertiary","no","no","cellular","nov",125,-1,"no"
39,"divorced","secondary","yes","yes","cellular","oct",222,-1,"yes"
54,"married","secondary","yes","no","cellular","aug",164,-1,"no"
42,"married","tertiary","yes","yes","unknown","may",193,-1,"no"
46,"married","secondary","no","no","cellular","aug",565,-1,"yes"
30,"married","tertiary","yes","no","cellular","jan",464,258,"no"
52,"married","primary","yes","no","unknown","may",60,-1,"no"
41,"married","secondary","yes","no","cellular","may",208,325,"no"
36,"single","secondary","yes","no","cellular","nov",139,-1,"no"
39,"married","tertiary","yes","no","unknown","jun",268,-1,"no"
31,"single","secondary","no","yes","cellular","jul",230,-1,"no"
54,"married","tertiary","yes","yes","unknown","may",12,-1,"no"
39,"divorced","tertiary","yes","no","cellular","nov",1337,126,"no"
38,"married","secondary","yes","yes","unknown","jun",406,-1,"no"
51,"divorced","primary","no","no","telephone","jan",360,-1,"no"
31,"single","secondary","no","yes","cellular","aug",186,-1,"no"
36,"married","tertiary","no","no","cellular","aug",558,-1,"no"
47,"married","tertiary","no","no","cellular","mar",80,-1,"yes"
31,"married","secondary","yes","no","cellular","apr",342,-1,"no"
37,"married","secondary","no","yes","unknown","jun",89,-1,"no"
52,"married","primary","yes","no","unknown","may",30,-1,"no"
30,"married","secondary","yes","no","cellular","apr",294,275,"no"
32,"married","secondary","no","no","cellular","jan",366,-1,"yes"
41,"married","primary","yes","no","unknown","may",423,-1,"no"
30,"single","secondary","yes","yes","unknown","may",220,-1,"no"
33,"single","secondary","no","yes","cellular","nov",966,-1,"no"
47,"married","primary","no","no","unknown","jun",148,-1,"no"
60,"divorced","secondary","no","no","cellular","feb",282,-1,"no"
42,"married","primary","no","no","unknown","jun",19,-1,"no"
37,"married","tertiary","no","no","cellular","aug",23,-1,"no"
35,"married","secondary","no","no","unknown","may",274,-1,"no"
26,"single","tertiary","yes","no","telephone","nov",5,-1,"no"
31,"married","tertiary","yes","no","unknown","jun",138,-1,"no"
31,"married","primary","yes","no","unknown","may",104,-1,"no"
31,"married","primary","yes","no","cellular","feb",256,190,"no"
52,"single","secondary","yes","no","cellular","jul",159,-1,"no"
28,"married","secondary","yes","no","cellular","may",74,-1,"no"
47,"married","secondary","yes","yes","unknown","may",370,-1,"no"
59,"married","secondary","no","no","unknown","jun",77,-1,"no"
59,"divorced","primary","no","yes","cellular","jul",116,-1,"no"
46,"single","tertiary","no","yes","cellular","nov",104,-1,"no"
32,"single","tertiary","yes","no","unknown","may",264,-1,"no"
42,"married","secondary","no","no","cellular","nov",124,-1,"no"
42,"married","unknown","yes","no","unknown","may",299,-1,"no"
35,"divorced","secondary","yes","no","cellular","feb",74,24,"no"
38,"single","tertiary","no","yes","telephone","jul",32,-1,"no"
39,"married","secondary","yes","yes","cellular","may",204,336,"no"
39,"married","tertiary","yes","no","unknown","jun",46,-1,"no"
57,"married","primary","no","no","cellular","nov",902,-1,"no"
33,"married","tertiary","no","no","unknown","may",1287,-1,"no"
47,"divorced","secondary","no","no","cellular","feb",253,-1,"no"
42,"married","primary","no","no","unknown","jun",79,-1,"no"
37,"single","secondary","no","no","cellular","jul",11,-1,"no"
34,"married","tertiary","yes","no","cellular","jul",359,-1,"no"
59,"married","secondary","yes","no","unknown","may",232,-1,"no"
48,"married","secondary","no","no","cellular","aug",273,-1,"no"
41,"married","tertiary","yes","no","cellular","jul",74,-1,"no"
47,"married","tertiary","no","no","cellular","jul",408,-1,"no"
53,"married","unknown","no","no","telephone","feb",137,-1,"no"
60,"married","secondary","no","no","cellular","jul",190,-1,"no"
29,"single","tertiary","no","no","cellular","feb",264,-1,"yes"
38,"divorced","secondary","yes","no","unknown","jun",61,-1,"no"
45,"divorced","secondary","yes","no","unknown","jun",144,-1,"no"
46,"married","secondary","yes","no","cellular","jul",61,-1,"no"
42,"married","primary","yes","no","cellular","jul",98,-1,"no"
57,"married","primary","no","no","cellular","aug",169,-1,"no"
48,"married","secondary","yes","yes","cellular","jul",225,-1,"no"
54,"married","secondary","no","no","cellular","may",820,-1,"yes"
25,"single","secondary","no","no","cellular","feb",215,92,"yes"
35,"married","primary","no","no","cellular","nov",322,-1,"no"
31,"married","tertiary","yes","no","cellular","feb",572,238,"yes"
54,"married","tertiary","no","no","unknown","jun",113,-1,"no"
32,"single","primary","yes","no","cellular","may",90,-1,"no"
46,"married","tertiary","yes","yes","cellular","nov",288,-1,"no"
35,"married","secondary","yes","no","cellular","jul",402,-1,"no"
45,"married","tertiary","yes","no","unknown","jun",332,-1,"no"
39,"single","secondary","yes","no","unknown","jun",348,-1,"no"
34,"married","secondary","yes","no","cellular","feb",97,85,"yes"
28,"divorced","primary","yes","no","unknown","may",867,-1,"no"
52,"married","secondary","yes","no","cellular","apr",201,272,"no"
31,"married","secondary","yes","yes","cellular","may",92,-1,"no"
41,"married","secondary","yes","no","cellular","jul",245,-1,"no"
35,"married","secondary","no","no","cellular","apr",295,303,"no"
37,"divorced","tertiary","yes","no","cellular","apr",60,-1,"no"
28,"single","secondary","no","no","cellular","may",155,-1,"yes"
50,"married","tertiary","no","yes","cellular","oct",96,-1,"yes"
32,"married","secondary","yes","no","cellular","may",77,-1,"no"
44,"single","tertiary","yes","yes","cellular","apr",345,249,"no"
38,"single","secondary","no","no","cellular","feb",275,-1,"no"
44,"divorced","secondary","yes","no","unknown","jun",66,-1,"no"
39,"divorced","tertiary","no","no","cellular","may",170,-1,"no"
29,"single","secondary","yes","yes","cellular","may",16,355,"no"
48,"married","secondary","yes","no","cellular","jan",255,-1,"no"
42,"married","primary","yes","no","cellular","feb",81,273,"no"
34,"single","secondary","no","yes","cellular","jan",136,262,"no"
32,"married","secondary","yes","no","unknown","may",189,-1,"no"
39,"married","tertiary","no","no","cellular","may",181,184,"no"
33,"single","tertiary","no","no","cellular","aug",127,-1,"no"
29,"single","primary","yes","no","unknown","jun",2653,-1,"yes"
37,"married","unknown","yes","no","unknown","may",1106,-1,"no"
46,"married","secondary","yes","no","unknown","may",259,-1,"no"
33,"married","secondary","yes","no","cellular","jul",735,-1,"yes"
32,"single","tertiary","yes","yes","cellular","apr",419,-1,"no"
55,"married","secondary","no","no","cellular","aug",265,91,"yes"
47,"married","primary","yes","no","unknown","may",164,-1,"no"
29,"single","tertiary","no","no","cellular","may",430,50,"yes"
27,"single","tertiary","yes","no","unknown","may",244,-1,"no"
41,"single","secondary","yes","no","cellular","apr",258,-1,"no"
37,"married","primary","no","yes","cellular","jul",15,-1,"no"
36,"married","tertiary","yes","no","cellular","jul",74,-1,"no"
46,"married","secondary","yes","no","cellular","mar",229,-1,"yes"
54,"married","secondary","no","no","cellular","may",309,93,"no"
29,"married","secondary","yes","no","cellular","jul",89,-1,"no"
52,"married","primary","yes","no","cellular","may",198,170,"no"
29,"married","tertiary","yes","no","unknown","jun",72,-1,"no"
27,"single","secondary","yes","no","unknown","may",198,-1,"no"
36,"married","primary","yes","no","cellular","jun",244,-1,"yes"
46,"divorced","tertiary","yes","no","cellular","may",189,-1,"no"
50,"divorced","secondary","no","no","unknown","jun",716,-1,"yes"
30,"married","primary","yes","yes","unknown","may",244,-1,"no"
30,"single","unknown","yes","no","unknown","may",225,-1,"no"
49,"divorced","secondary","no","yes","cellular","jul",439,-1,"no"
26,"single","tertiary","no","no","cellular","jul",262,-1,"no"
32,"single","secondary","yes","yes","cellular","apr",169,316,"no"
36,"married","primary","yes","no","unknown","may",255,-1,"no"
34,"single","secondary","yes","no","cellular","may",9,-1,"no"
59,"married","primary","no","no","unknown","jun",39,-1,"no"
49,"married","secondary","yes","no","cellular","apr",223,182,"yes"
29,"single","primary","yes","yes","cellular","feb",72,274,"no"
43,"divorced","tertiary","no","no","cellular","sep",83,113,"yes"
27,"single","tertiary","no","no","telephone","mar",39,-1,"no"
32,"married","secondary","yes","no","unknown","may",203,-1,"no"
30,"single","primary","no","no","unknown","jun",11,-1,"no"
48,"married","secondary","no","no","cellular","nov",20,-1,"no"
30,"single","secondary","yes","no","unknown","jun",747,-1,"yes"
46,"married","unknown","no","no","unknown","nov",722,-1,"no"
57,"single","secondary","yes","no","cellular","may",99,-1,"no"
38,"married","secondary","no","no","cellular","jul",635,-1,"yes"
48,"married","tertiary","no","no","cellular","aug",14,-1,"no"
73,"married","secondary","no","no","cellular","may",157,28,"no"
48,"divorced","secondary","yes","no","cellular","jul",84,-1,"no"
55,"married","secondary","no","no","telephone","jul",153,-1,"no"
26,"single","secondary","no","no","cellular","may",445,-1,"yes"
35,"married","secondary","yes","no","cellular","jul",173,-1,"no"
39,"married","secondary","yes","yes","unknown","may",35,-1,"no"
46,"married","secondary","yes","no","cellular","apr",226,-1,"no"
30,"single","tertiary","no","no","cellular","sep",77,-1,"no"
40,"married","primary","yes","yes","unknown","may",56,-1,"no"
35,"single","secondary","yes","no","unknown","may",81,-1,"no"
46,"married","unknown","yes","no","cellular","may",725,-1,"yes"
34,"single","secondary","yes","no","cellular","nov",963,-1,"yes"
31,"married","secondary","yes","no","cellular","jul",211,-1,"no"
37,"married","tertiary","no","no","cellular","jul",224,-1,"yes"
36,"married","secondary","yes","no","cellular","apr",254,-1,"no"
34,"single","secondary","no","no","cellular","jun",282,126,"yes"
34,"married","secondary","yes","no","cellular","aug",67,-1,"no"
52,"divorced","secondary","yes","no","cellular","apr",498,-1,"no"
26,"married","primary","yes","no","unknown","may",99,-1,"no"
37,"married","tertiary","yes","no","cellular","jul",70,-1,"no"
42,"married","secondary","yes","no","unknown","may",66,-1,"no"
47,"married","tertiary","no","no","cellular","jul",87,-1,"no"
39,"married","primary","no","no","cellular","nov",201,-1,"no"
41,"single","secondary","yes","no","telephone","nov",661,-1,"no"
48,"married","tertiary","no","no","cellular","aug",162,-1,"no"
42,"single","tertiary","yes","no","telephone","feb",43,-1,"no"
51,"married","secondary","yes","yes","cellular","nov",346,-1,"no"
34,"married","secondary","no","no","cellular","nov",114,-1,"no"
29,"married","tertiary","yes","no","unknown","may",304,-1,"no"
51,"married","secondary","yes","no","cellular","may",361,364,"no"
38,"married","secondary","yes","no","unknown","jun",235,-1,"no"
47,"married","secondary","yes","no","telephone","jul",105,-1,"no"
30,"single","tertiary","no","no","cellular","nov",87,-1,"no"
33,"single","tertiary","yes","no","cellular","may",59,-1,"no"
60,"married","tertiary","no","no","cellular","aug",101,-1,"no"
59,"divorced","primary","yes","no","unknown","may",165,-1,"no"
31,"single","secondary","no","no","cellular","may",529,-1,"no"
46,"single","tertiary","no","no","telephone","jun",94,-1,"no"
40,"married","tertiary","yes","no","unknown","may",198,-1,"no"
25,"single","secondary","no","no","cellular","jun",252,92,"yes"
27,"single","primary","yes","no","cellular","may",276,301,"no"
60,"married","primary","no","no","cellular","feb",480,189,"no"
27,"married","secondary","yes","no","cellular","jul",124,-1,"no"
55,"married","tertiary","no","no","cellular","aug",59,-1,"no"
31,"divorced","secondary","no","no","cellular","jan",138,164,"no"
47,"married","secondary","yes","no","unknown","may",943,-1,"yes"
37,"single","tertiary","no","no","cellular","nov",110,-1,"no"
60,"married","tertiary","no","no","cellular","jun",195,-1,"no"
39,"married","secondary","yes","no","cellular","feb",84,267,"no"
38,"married","secondary","yes","no","cellular","apr",45,153,"no"
31,"single","secondary","yes","no","cellular","may",239,-1,"no"
25,"single","secondary","yes","no","unknown","jun",214,-1,"no"
51,"married","primary","no","no","unknown","jun",92,-1,"no"
43,"single","secondary","no","no","unknown","may",243,-1,"no"
32,"married","primary","yes","no","cellular","may",130,-1,"no"
41,"married","secondary","yes","no","cellular","may",90,348,"no"
54,"married","secondary","yes","no","unknown","may",27,-1,"no"
65,"married","secondary","yes","no","cellular","oct",349,183,"yes"
55,"married","tertiary","no","no","unknown","jun",49,-1,"no"
49,"single","tertiary","no","no","cellular","apr",191,-1,"no"
59,"divorced","secondary","yes","no","cellular","nov",319,165,"no"
49,"married","primary","yes","yes","cellular","may",99,-1,"no"
30,"single","primary","yes","no","cellular","may",148,345,"no"
59,"divorced","secondary","no","yes","telephone","jul",176,-1,"no"
48,"single","secondary","yes","no","unknown","jun",245,-1,"no"
45,"married","secondary","no","no","cellular","aug",95,-1,"no"
33,"married","secondary","no","yes","cellular","jul",92,-1,"no"
52,"single","unknown","yes","no","telephone","may",82,335,"no"
50,"married","secondary","yes","no","telephone","may",352,175,"no"
53,"married","primary","no","no","cellular","jan",470,-1,"yes"
40,"married","tertiary","yes","yes","cellular","jul",843,-1,"no"
38,"married","unknown","no","no","unknown","jun",57,-1,"no"
80,"married","secondary","no","no","telephone","oct",219,-1,"no"
42,"single","secondary","yes","no","unknown","may",146,-1,"no"
38,"married","secondary","yes","no","cellular","apr",503,-1,"no"
30,"married","secondary","yes","yes","unknown","may",107,-1,"no"
40,"married","secondary","no","no","unknown","jun",30,-1,"no"
53,"married","secondary","no","no","cellular","aug",59,-1,"no"
32,"single","secondary","no","yes","cellular","feb",432,-1,"yes"
44,"single","primary","no","no","telephone","jul",564,-1,"no"
33,"married","primary","yes","no","unknown","may",304,-1,"no"
55,"single","secondary","yes","no","unknown","may",34,-1,"no"
33,"single","secondary","yes","no","cellular","may",133,353,"no"
43,"married","secondary","yes","no","cellular","feb",137,264,"no"
30,"married","secondary","yes","no","cellular","apr",476,-1,"no"
40,"married","secondary","yes","no","cellular","nov",365,100,"no"
31,"single","secondary","no","no","unknown","may",413,-1,"no"
40,"married","unknown","yes","no","unknown","may",465,-1,"no"
50,"married","secondary","yes","yes","telephone","jul",141,-1,"no"
30,"single","tertiary","no","yes","cellular","jul",91,-1,"no"
72,"single","unknown","no","yes","cellular","mar",66,-1,"no"
40,"divorced","secondary","no","no","cellular","nov",98,-1,"no"
44,"married","secondary","yes","no","cellular","apr",122,136,"no"
55,"married","tertiary","no","no","cellular","aug",116,-1,"no"
38,"married","primary","no","no","cellular","jul",33,-1,"no"
48,"single","secondary","no","no","unknown","jun",1005,-1,"no"
55,"married","secondary","no","no","cellular","jul",538,-1,"no"
34,"married","secondary","no","no","cellular","aug",67,-1,"no"
58,"married","secondary","no","no","unknown","may",362,-1,"no"
51,"single","secondary","no","no","unknown","jun",78,-1,"no"
25,"single","secondary","yes","no","unknown","may",156,-1,"no"
39,"married","tertiary","no","yes","cellular","jul",182,-1,"no"
54,"married","secondary","yes","yes","cellular","nov",137,-1,"no"
27,"single","primary","yes","no","cellular","may",54,-1,"no"
36,"married","secondary","no","no","cellular","aug",125,-1,"no"
46,"married","secondary","no","no","telephone","jul",43,-1,"no"
32,"married","tertiary","yes","no","cellular","may",1111,-1,"yes"
40,"married","tertiary","yes","no","cellular","jul",1018,-1,"no"
58,"married","secondary","yes","no","unknown","jun",319,-1,"no"
41,"married","secondary","yes","no","cellular","jul",91,-1,"no"
31,"married","secondary","yes","no","cellular","jul",119,-1,"no"
28,"single","tertiary","yes","no","unknown","may",293,-1,"no"
27,"single","tertiary","no","no","cellular","apr",165,-1,"yes"
36,"married","secondary","no","no","unknown","jun",1093,-1,"yes"
31,"married","tertiary","no","yes","unknown","jul",143,-1,"no"
35,"married","secondary","yes","no","unknown","may",1056,-1,"no"
45,"married","primary","no","no","cellular","aug",317,-1,"no"
45,"single","secondary","yes","no","cellular","apr",754,143,"no"
51,"divorced","secondary","no","no","telephone","feb",23,-1,"no"
55,"married","tertiary","no","no","cellular","aug",545,-1,"no"
38,"single","primary","yes","no","cellular","jan",70,-1,"no"
35,"single","secondary","yes","no","cellular","apr",8,-1,"no"
37,"married","secondary","no","no","cellular","jul",179,-1,"no"
36,"single","tertiary","no","no","cellular","apr",260,-1,"yes"
47,"single","tertiary","no","no","unknown","jun",993,-1,"yes"
37,"single","secondary","no","no","cellular","jan",1600,-1,"yes"
24,"single","secondary","no","no","cellular","jul",106,-1,"no"
32,"single","secondary","yes","no","cellular","apr",135,521,"no"
50,"married","secondary","yes","no","cellular","aug",69,-1,"no"
36,"married","tertiary","yes","no","cellular","jun",132,392,"no"
28,"single","tertiary","yes","no","cellular","apr",205,82,"yes"
46,"married","secondary","no","no","cellular","aug",210,-1,"no"
49,"married","secondary","yes","yes","cellular","may",199,167,"no"
40,"married","secondary","no","no","unknown","jun",87,-1,"no"
39,"married","secondary","yes","yes","cellular","jan",199,234,"no"
34,"married","secondary","yes","no","unknown","may",170,-1,"no"
48,"divorced","tertiary","yes","no","unknown","jun",64,-1,"no"
32,"married","secondary","yes","yes","unknown","may",214,-1,"no"
57,"married","secondary","no","no","telephone","jan",585,192,"yes"
53,"married","secondary","yes","no","unknown","may",155,-1,"no"
72,"married","secondary","no","no","cellular","dec",546,-1,"yes"
37,"single","tertiary","no","no","cellular","sep",238,464,"no"
56,"married","tertiary","yes","no","cellular","jul",156,-1,"no"
35,"married","tertiary","no","no","cellular","apr",144,-1,"no"
59,"married","secondary","no","no","telephone","jul",10,-1,"no"
49,"married","unknown","yes","no","unknown","may",241,-1,"no"
52,"married","primary","no","no","cellular","aug",273,-1,"no"
47,"married","unknown","no","no","cellular","aug",455,-1,"no"
42,"married","secondary","no","no","cellular","aug",67,-1,"no"
53,"married","tertiary","yes","no","cellular","feb",128,-1,"no"
41,"married","secondary","yes","no","unknown","jun",20,-1,"no"
56,"married","secondary","yes","yes","cellular","jul",98,-1,"no"
37,"single","secondary","no","no","cellular","jan",79,-1,"no"
46,"married","tertiary","no","no","cellular","aug",87,-1,"no"
29,"married","secondary","yes","yes","cellular","jul",141,-1,"no"
42,"married","secondary","yes","no","cellular","jun",271,92,"yes"
31,"married","secondary","no","no","cellular","aug",720,-1,"yes"
28,"single","tertiary","yes","yes","unknown","may",300,-1,"no"
32,"divorced","tertiary","yes","no","cellular","jan",131,127,"no"
34,"married","tertiary","yes","no","cellular","feb",189,-1,"no"
52,"married","secondary","yes","no","unknown","may",132,-1,"no"
39,"married","primary","yes","no","cellular","may",290,-1,"no"
31,"married","tertiary","no","no","cellular","jun",192,93,"yes"
43,"married","secondary","yes","no","unknown","jun",14,-1,"no"
32,"single","secondary","no","no","cellular","aug",71,-1,"no"
50,"married","primary","yes","no","unknown","may",221,-1,"no"
51,"married","unknown","no","no","cellular","jun",458,-1,"yes"
50,"divorced","secondary","yes","no","unknown","jun",113,-1,"no"
54,"married","secondary","no","yes","cellular","jan",105,-1,"no"
38,"married","secondary","yes","no","cellular","jul",13,-1,"no"
55,"married","primary","no","no","cellular","aug",118,-1,"no"
46,"married","secondary","yes","no","unknown","may",50,-1,"no"
35,"married","secondary","yes","no","cellular","may",125,175,"no"
49,"married","secondary","yes","no","cellular","jul",155,-1,"no"
51,"married","secondary","no","yes","unknown","jun",155,-1,"no"
54,"married","primary","no","no","cellular","jul",115,-1,"no"
52,"married","unknown","yes","no","unknown","may",253,-1,"no"
24,"single","secondary","yes","no","cellular","may",7,-1,"no"
42,"married","secondary","yes","no","cellular","may",67,-1,"no"
37,"single","primary","no","no","unknown","jun",131,-1,"no"
51,"married","primary","no","no","cellular","aug",121,-1,"no"
27,"single","tertiary","yes","no","unknown","may",897,-1,"yes"
36,"married","secondary","yes","no","unknown","jun",202,-1,"no"
57,"married","unknown","no","no","unknown","jun",340,-1,"no"
30,"single","secondary","yes","no","unknown","may",116,-1,"no"
41,"single","primary","yes","no","cellular","may",198,167,"no"
36,"married","tertiary","no","no","cellular","may",322,-1,"yes"
56,"married","secondary","no","no","cellular","aug",70,-1,"no"
25,"divorced","secondary","no","yes","cellular","jul",483,-1,"no"
49,"divorced","tertiary","no","no","cellular","mar",111,585,"no"
31,"single","tertiary","no","no","cellular","jul",64,-1,"no"
36,"married","tertiary","no","no","unknown","jun",222,-1,"no"
49,"married","primary","no","no","cellular","jul",51,-1,"no"
31,"single","secondary","yes","no","cellular","may",127,-1,"no"
41,"divorced","tertiary","yes","no","unknown","may",270,-1,"no"
32,"married","secondary","yes","no","unknown","may",294,-1,"no"
39,"single","secondary","yes","no","cellular","may",247,-1,"no"
30,"single","tertiary","yes","yes","unknown","may",261,-1,"no"
25,"single","secondary","no","no","cellular","jul",246,-1,"no"
26,"single","tertiary","no","no","cellular","jul",178,-1,"no"
36,"married","secondary","no","no","unknown","jun",243,-1,"no"
47,"married","secondary","no","no","cellular","aug",618,-1,"no"
39,"married","primary","yes","no","unknown","may",181,-1,"no"
29,"single","secondary","yes","no","unknown","may",214,-1,"no"
43,"married","tertiary","yes","no","unknown","may",166,-1,"no"
38,"single","primary","yes","yes","cellular","may",84,290,"no"
51,"divorced","secondary","no","no","telephone","jul",273,-1,"no"
39,"married","secondary","yes","yes","unknown","may",240,-1,"no"
38,"married","secondary","no","no","cellular","jul",624,-1,"no"
44,"divorced","secondary","yes","no","cellular","apr",142,-1,"no"
49,"married","secondary","yes","no","unknown","jun",51,-1,"no"
41,"single","tertiary","no","no","cellular","dec",352,182,"no"
51,"married","tertiary","yes","yes","cellular","jul",252,-1,"no"
41,"married","secondary","yes","no","cellular","nov",1055,177,"no"
53,"divorced","secondary","no","no","unknown","jun",150,-1,"no"
28,"single","tertiary","no","no","cellular","may",69,99,"no"
25,"single","secondary","no","no","cellular","jul",144,-1,"no"
35,"divorced","secondary","yes","no","cellular","nov",187,-1,"yes"
38,"married","secondary","yes","no","unknown","may",59,-1,"no"
59,"divorced","primary","yes","no","telephone","jul",69,-1,"no"
37,"divorced","secondary","no","no","cellular","jan",293,162,"no"
48,"single","secondary","yes","no","unknown","may",198,-1,"no"
35,"single","secondary","no","no","unknown","may",268,-1,"no"
36,"married","primary","no","no","cellular","apr",151,-1,"no"
54,"divorced","primary","yes","no","unknown","jun",173,-1,"no"
48,"single","secondary","yes","no","cellular","may",214,358,"no"
49,"single","secondary","no","no","unknown","may",14,-1,"no"
29,"single","secondary","yes","yes","unknown","jun",106,-1,"no"
25,"single","secondary","yes","no","unknown","may",393,-1,"no"
40,"married","secondary","yes","yes","unknown","may",263,-1,"no"
34,"married","primary","no","no","cellular","jan",278,97,"no"
35,"married","secondary","yes","no","cellular","jan",99,245,"no"
46,"married","tertiary","yes","no","unknown","may",374,-1,"no"
37,"divorced","secondary","yes","no","unknown","may",182,-1,"no"
32,"married","secondary","yes","no","unknown","may",260,-1,"no"
28,"single","secondary","yes","no","unknown","may",158,-1,"no"
22,"single","secondary","yes","no","cellular","apr",84,343,"no"
26,"single","primary","yes","no","cellular","apr",271,300,"no"
39,"married","secondary","yes","no","cellular","jul",311,-1,"no"
34,"married","tertiary","yes","no","cellular","apr",28,345,"no"
59,"divorced","primary","no","no","unknown","jun",404,-1,"no"
33,"single","secondary","yes","no","unknown","may",1128,-1,"no"
28,"single","tertiary","yes","no","cellular","sep",201,-1,"yes"
35,"married","secondary","yes","no","cellular","jul",230,-1,"no"
34,"single","tertiary","no","no","cellular","aug",211,-1,"no"
43,"married","secondary","yes","no","cellular","nov",504,-1,"yes"
25,"single","tertiary","yes","no","cellular","may",263,348,"no"
39,"married","secondary","yes","no","cellular","apr",436,-1,"no"
40,"single","primary","yes","no","unknown","jun",152,-1,"no"
44,"married","unknown","yes","no","telephone","jul",84,-1,"no"
58,"married","tertiary","no","no","cellular","aug",49,-1,"no"
71,"married","primary","no","no","cellular","sep",246,-1,"no"
50,"married","primary","no","no","unknown","jun",107,-1,"no"
49,"married","tertiary","yes","no","cellular","nov",42,188,"no"
23,"single","secondary","yes","no","cellular","may",283,-1,"no"
48,"married","primary","no","yes","cellular","aug",418,-1,"yes"
29,"single","secondary","yes","yes","unknown","jun",250,-1,"no"
31,"single","tertiary","no","no","cellular","aug",9,-1,"no"
36,"married","primary","no","no","unknown","jul",584,-1,"yes"
42,"divorced","secondary","yes","no","unknown","may",112,-1,"no"
44,"married","secondary","yes","no","cellular","feb",218,-1,"no"
44,"divorced","primary","no","no","cellular","jul",432,-1,"no"
47,"divorced","secondary","no","no","unknown","jun",63,-1,"no"
39,"married","secondary","yes","no","cellular","jul",342,-1,"yes"
33,"married","secondary","yes","no","cellular","may",244,-1,"no"
39,"married","tertiary","no","no","cellular","aug",140,-1,"no"
46,"single","secondary","no","no","telephone","jul",46,-1,"no"
42,"single","primary","yes","no","unknown","may",156,-1,"no"
47,"married","secondary","no","yes","cellular","jul",360,-1,"no"
54,"divorced","secondary","yes","no","cellular","feb",341,-1,"no"
33,"single","tertiary","no","no","cellular","aug",332,-1,"no"
53,"married","primary","no","no","cellular","aug",145,-1,"no"
31,"single","secondary","no","no","cellular","jul",252,184,"yes"
45,"married","tertiary","no","yes","cellular","jul",12,-1,"no"
51,"divorced","unknown","no","yes","unknown","jul",167,-1,"no"
41,"married","secondary","no","no","cellular","sep",134,121,"no"
38,"divorced","secondary","no","no","cellular","aug",63,-1,"no"
56,"single","secondary","yes","no","cellular","nov",367,-1,"no"
35,"married","unknown","yes","no","unknown","may",843,-1,"yes"
36,"married","tertiary","no","no","cellular","sep",349,53,"no"
31,"single","tertiary","yes","no","cellular","feb",15,261,"no"
48,"married","primary","no","no","cellular","jan",362,-1,"no"
36,"single","secondary","no","no","cellular","aug",876,-1,"yes"
47,"married","secondary","no","no","cellular","nov",353,-1,"no"
50,"married","secondary","no","no","telephone","jun",113,-1,"no"
49,"single","secondary","yes","yes","cellular","nov",454,-1,"yes"
43,"married","tertiary","yes","yes","cellular","nov",82,97,"no"
30,"married","primary","yes","no","cellular","may",55,-1,"no"
36,"married","secondary","yes","no","unknown","may",24,-1,"no"
25,"single","secondary","yes","no","unknown","may",615,-1,"yes"
53,"married","tertiary","yes","no","cellular","jul",85,-1,"no"
45,"married","tertiary","yes","no","unknown","may",657,-1,"no"
45,"single","tertiary","yes","yes","cellular","may",81,-1,"no"
42,"married","primary","yes","no","unknown","jun",46,-1,"no"
44,"married","secondary","yes","no","cellular","jul",149,-1,"no"
50,"divorced","secondary","yes","no","cellular","aug",101,-1,"no"
33,"married","secondary","yes","no","unknown","may",365,-1,"no"
48,"married","primary","no","no","cellular","nov",123,-1,"no"
47,"married","primary","no","no","telephone","jul",167,-1,"no"
60,"divorced","tertiary","no","no","cellular","may",243,271,"no"
60,"married","secondary","no","no","cellular","aug",124,-1,"no"
31,"married","secondary","yes","no","unknown","may",408,-1,"no"
43,"married","tertiary","no","no","cellular","jul",646,-1,"no"
51,"married","secondary","no","no","cellular","nov",118,-1,"no"
33,"divorced","tertiary","yes","yes","cellular","may",82,306,"no"
29,"married","secondary","yes","no","unknown","jun",85,-1,"no"
49,"married","tertiary","no","no","cellular","aug",27,-1,"no"
28,"married","secondary","yes","yes","cellular","may",165,300,"no"
31,"single","secondary","yes","no","cellular","aug",74,-1,"no"
35,"married","secondary","no","no","cellular","nov",178,-1,"no"
55,"divorced","tertiary","no","no","cellular","aug",1019,63,"yes"
44,"divorced","tertiary","no","no","cellular","aug",118,-1,"no"
48,"married","secondary","no","no","cellular","aug",139,-1,"no"
30,"single","secondary","no","yes","cellular","jul",117,-1,"no"
46,"married","primary","no","no","unknown","may",177,-1,"no"
37,"married","secondary","yes","no","cellular","may",8,-1,"no"
41,"married","secondary","yes","no","cellular","may",729,-1,"yes"
39,"divorced","secondary","no","no","cellular","aug",73,-1,"no"
23,"single","secondary","yes","no","unknown","jun",217,-1,"no"
32,"married","tertiary","yes","yes","cellular","apr",72,-1,"no"
37,"married","tertiary","no","no","unknown","may",36,-1,"no"
44,"divorced","secondary","yes","yes","unknown","may",97,-1,"no"
30,"married","tertiary","yes","no","unknown","may",122,-1,"no"
36,"married","tertiary","yes","yes","unknown","may",958,-1,"yes"
32,"single","secondary","yes","no","cellular","jan",61,-1,"no"
26,"single","tertiary","yes","yes","cellular","feb",269,-1,"yes"
32,"single","tertiary","no","no","cellular","may",16,-1,"no"
32,"single","tertiary","no","no","cellular","jul",407,-1,"no"
40,"single","primary","yes","no","cellular","may",109,-1,"no"
54,"married","secondary","yes","no","unknown","may",192,-1,"no"
34,"married","tertiary","no","no","cellular","aug",235,-1,"no"
44,"married","primary","no","no","unknown","jun",291,-1,"no"
34,"divorced","secondary","no","yes","unknown","may",339,-1,"no"
23,"single","secondary","yes","no","cellular","may",222,-1,"no"
40,"divorced","primary","yes","no","unknown","may",962,-1,"no"
38,"single","secondary","no","no","cellular","feb",315,180,"yes"
40,"married","secondary","no","no","unknown","jun",253,-1,"no"
38,"single","secondary","no","yes","cellular","jul",172,-1,"no"
49,"married","secondary","no","no","cellular","nov",201,113,"no"
47,"divorced","primary","yes","no","cellular","apr",473,339,"no"
51,"divorced","primary","yes","no","cellular","may",341,-1,"no"
51,"married","secondary","no","no","telephone","jul",145,-1,"no"
48,"married","primary","yes","yes","cellular","aug",36,-1,"no"
39,"divorced","tertiary","no","yes","cellular","aug",74,-1,"no"
60,"divorced","tertiary","no","yes","cellular","may",464,321,"yes"
58,"married","tertiary","yes","no","cellular","apr",750,164,"yes"
49,"divorced","secondary","yes","no","cellular","jul",85,-1,"no"
54,"single","secondary","no","no","cellular","nov",149,-1,"no"
52,"married","secondary","no","no","cellular","aug",314,-1,"no"
25,"married","secondary","no","no","telephone","jul",218,-1,"no"
27,"married","secondary","yes","no","unknown","jun",749,-1,"no"
31,"single","tertiary","no","no","cellular","nov",74,-1,"no"
46,"divorced","tertiary","no","yes","cellular","jul",96,-1,"no"
58,"married","primary","no","no","telephone","jun",336,-1,"no"
33,"single","primary","no","no","cellular","jul",263,-1,"no"
30,"married","secondary","yes","yes","cellular","aug",92,-1,"no"
38,"married","secondary","yes","no","cellular","may",32,308,"no"
55,"divorced","tertiary","no","no","cellular","nov",48,154,"no"
42,"married","secondary","no","yes","unknown","jun",47,-1,"no"
42,"married","secondary","no","no","cellular","aug",91,-1,"no"
32,"single","secondary","yes","no","cellular","nov",379,-1,"no"
49,"married","tertiary","no","no","cellular","aug",102,-1,"no"
51,"married","tertiary","no","no","cellular","aug",896,-1,"no"
32,"married","tertiary","yes","no","cellular","apr",77,133,"no"
34,"divorced","secondary","no","no","cellular","apr",137,430,"no"
24,"single","tertiary","yes","no","cellular","jul",267,-1,"yes"
45,"married","secondary","yes","no","cellular","nov",143,166,"no"
37,"married","tertiary","yes","no","unknown","may",149,-1,"no"
37,"married","secondary","yes","yes","unknown","may",157,-1,"no"
47,"married","secondary","no","no","cellular","aug",175,-1,"no"
33,"divorced","tertiary","yes","no","cellular","jan",259,259,"no"
40,"married","primary","yes","no","cellular","apr",1156,-1,"no"
29,"married","tertiary","yes","no","cellular","jan",61,265,"no"
53,"married","primary","no","no","cellular","jul",1169,-1,"yes"
37,"married","tertiary","yes","yes","cellular","jul",332,-1,"no"
26,"single","secondary","no","no","unknown","may",54,-1,"no"
29,"married","secondary","yes","no","cellular","jul",644,-1,"no"
32,"divorced","secondary","yes","yes","cellular","apr",211,-1,"no"
48,"married","secondary","no","no","cellular","aug",459,-1,"no"
60,"divorced","secondary","no","yes","telephone","jul",357,-1,"no"
73,"single","secondary","no","no","cellular","mar",562,181,"yes"
34,"married","secondary","yes","yes","cellular","jul",127,-1,"no"
33,"single","secondary","yes","no","cellular","feb",121,256,"no"
55,"divorced","secondary","yes","no","unknown","jun",99,-1,"no"
43,"married","secondary","yes","no","unknown","may",107,-1,"no"
51,"divorced","secondary","yes","no","unknown","may",247,-1,"no"
27,"single","secondary","yes","no","unknown","may",238,-1,"no"
44,"married","tertiary","no","no","cellular","jul",571,-1,"yes"
45,"married","tertiary","no","no","unknown","jun",100,-1,"no"
43,"married","primary","yes","no","cellular","jul",180,-1,"no"
34,"married","primary","yes","no","unknown","jun",130,-1,"no"
28,"single","tertiary","no","no","cellular","apr",384,80,"yes"
35,"married","tertiary","yes","no","unknown","jun",281,-1,"no"
49,"married","secondary","no","yes","unknown","jun",10,-1,"no"
36,"married","primary","yes","no","unknown","jun",132,-1,"no"
59,"married","primary","no","no","cellular","aug",184,-1,"no"
35,"single","unknown","no","no","telephone","jan",122,-1,"no"
40,"married","primary","yes","no","telephone","nov",111,156,"no"
26,"married","secondary","no","no","cellular","apr",209,-1,"yes"
30,"married","secondary","yes","no","unknown","may",115,-1,"no"
30,"single","secondary","yes","no","cellular","jul",81,-1,"no"
58,"single","secondary","yes","no","cellular","apr",861,321,"no"
53,"divorced","tertiary","yes","no","unknown","may",217,-1,"no"
26,"single","secondary","yes","no","unknown","jun",239,-1,"no"
34,"single","secondary","no","no","cellular","jan",27,-1,"no"
38,"single","secondary","yes","no","cellular","may",193,-1,"no"
50,"divorced","primary","yes","no","unknown","may",92,-1,"no"
49,"married","secondary","no","yes","cellular","aug",168,-1,"no"
34,"divorced","tertiary","yes","no","cellular","may",239,-1,"no"
50,"married","tertiary","yes","no","cellular","nov",163,113,"no"
66,"married","secondary","no","no","cellular","oct",189,-1,"no"
26,"single","secondary","no","yes","cellular","may",172,-1,"no"
39,"married","tertiary","no","no","telephone","jul",41,-1,"no"
85,"married","unknown","no","no","telephone","jan",140,-1,"no"
48,"single","tertiary","no","yes","cellular","jan",121,190,"no"
43,"married","tertiary","no","no","cellular","aug",25,-1,"no"
45,"divorced","primary","no","no","cellular","jul",758,-1,"no"
31,"married","secondary","yes","no","cellular","may",394,-1,"yes"
29,"single","tertiary","yes","no","cellular","may",44,-1,"no"
34,"married","tertiary","no","no","cellular","sep",300,44,"yes"
31,"single","secondary","yes","yes","cellular","may",1205,-1,"yes"
31,"single","secondary","yes","no","unknown","may",87,-1,"no"
41,"single","tertiary","yes","no","cellular","may",258,90,"yes"
35,"single","tertiary","no","no","cellular","nov",370,-1,"no"
48,"married","primary","yes","no","unknown","may",70,-1,"no"
30,"married","secondary","no","yes","unknown","jun",23,-1,"no"
33,"married","secondary","yes","no","unknown","may",247,-1,"no"
35,"married","secondary","yes","no","cellular","jul",219,-1,"no"
37,"single","tertiary","no","no","unknown","may",416,-1,"no"
35,"single","tertiary","yes","no","unknown","may",554,-1,"no"
34,"married","tertiary","yes","yes","cellular","jul",129,-1,"no"
56,"married","secondary","no","no","cellular","nov",150,-1,"no"
56,"married","secondary","no","yes","telephone","jul",197,-1,"no"
45,"married","tertiary","yes","no","cellular","may",337,-1,"no"
41,"married","tertiary","no","no","cellular","jul",21,-1,"no"
25,"married","tertiary","no","no","cellular","dec",400,-1,"yes"
59,"married","secondary","no","no","telephone","jul",1140,-1,"no"
59,"married","secondary","no","no","cellular","jul",62,-1,"no"
62,"married","tertiary","no","no","cellular","apr",113,182,"no"
45,"married","primary","no","no","unknown","jun",98,-1,"no"
55,"married","secondary","no","no","cellular","aug",129,-1,"no"
38,"single","tertiary","yes","yes","cellular","jan",103,247,"no"
33,"married","primary","yes","no","unknown","may",296,-1,"no"
41,"married","secondary","yes","no","unknown","may",114,-1,"no"
33,"married","secondary","yes","yes","unknown","may",323,-1,"no"
44,"married","secondary","yes","no","unknown","may",253,-1,"no"
38,"married","tertiary","yes","no","cellular","jul",139,-1,"no"
52,"married","primary","no","no","telephone","dec",91,217,"no"
30,"single","secondary","no","no","cellular","nov",51,-1,"no"
37,"married","primary","yes","no","unknown","may",137,-1,"no"
59,"married","primary","no","no","telephone","jul",215,-1,"no"
39,"married","secondary","no","yes","cellular","aug",94,-1,"no"
31,"single","secondary","yes","no","cellular","may",228,370,"no"
41,"married","primary","yes","no","cellular","nov",145,-1,"no"
30,"married","secondary","yes","no","cellular","feb",192,-1,"no"
28,"married","secondary","yes","yes","unknown","may",866,-1,"no"
56,"married","unknown","no","no","unknown","jun",471,-1,"no"
36,"married","secondary","yes","no","unknown","may",456,-1,"no"
42,"married","primary","no","no","unknown","jun",850,-1,"no"
38,"divorced","tertiary","yes","no","cellular","may",295,343,"no"
41,"single","tertiary","no","no","cellular","nov",164,-1,"no"
33,"married","secondary","yes","no","cellular","nov",193,-1,"no"
33,"single","primary","yes","no","unknown","may",193,-1,"no"
35,"single","tertiary","yes","yes","unknown","jun",95,-1,"no"
27,"single","secondary","yes","no","telephone","may",289,-1,"no"
31,"married","primary","no","no","unknown","jun",532,-1,"no"
56,"divorced","tertiary","no","no","cellular","feb",108,199,"no"
23,"single","secondary","yes","no","unknown","may",180,-1,"no"
31,"married","tertiary","yes","no","unknown","may",206,-1,"no"
66,"married","primary","no","no","cellular","aug",401,-1,"no"
27,"single","tertiary","yes","no","unknown","may",391,-1,"no"
34,"single","tertiary","no","no","cellular","aug",37,-1,"no"
48,"divorced","secondary","yes","yes","cellular","may",100,361,"no"
44,"married","tertiary","no","no","telephone","jul",168,-1,"no"
39,"single","secondary","yes","no","unknown","may",462,-1,"no"
40,"married","secondary","yes","no","cellular","may",508,173,"no"
47,"married","secondary","yes","no","cellular","nov",127,176,"no"
57,"married","tertiary","no","no","telephone","jul",539,-1,"no"
39,"married","secondary","yes","no","unknown","may",126,-1,"no"
43,"married","secondary","no","no","cellular","jul",103,-1,"no"
38,"single","secondary","no","yes","cellular","jul",260,-1,"no"
39,"married","tertiary","yes","yes","unknown","jun",185,-1,"no"
38,"single","secondary","yes","no","cellular","apr",1691,264,"yes"
59,"married","secondary","no","yes","cellular","jul",246,-1,"no"
44,"divorced","secondary","yes","no","cellular","jul",835,-1,"no"
29,"married","tertiary","yes","no","cellular","may",41,-1,"no"
30,"married","tertiary","no","no","cellular","aug",112,-1,"no"
36,"married","primary","no","no","cellular","feb",148,-1,"no"
31,"single","tertiary","no","no","cellular","apr",116,-1,"no"
31,"divorced","secondary","yes","yes","cellular","jul",913,-1,"yes"
49,"married","secondary","no","no","cellular","aug",278,-1,"no"
35,"married","secondary","yes","yes","cellular","nov",83,144,"no"
48,"married","tertiary","yes","no","cellular","jan",134,169,"no"
32,"married","tertiary","no","yes","unknown","oct",71,-1,"no"
42,"married","primary","yes","no","telephone","jul",59,-1,"no"
53,"married","primary","yes","no","unknown","may",121,-1,"no"
60,"married","secondary","no","yes","cellular","feb",260,195,"no"
40,"divorced","secondary","no","no","cellular","may",449,-1,"yes"
31,"single","tertiary","yes","no","cellular","feb",90,-1,"no"
32,"divorced","secondary","yes","no","cellular","feb",342,260,"no"
26,"single","secondary","yes","no","cellular","sep",230,93,"yes"
44,"married","tertiary","yes","yes","cellular","jul",54,-1,"no"
31,"single","tertiary","no","no","cellular","jul",225,-1,"no"
35,"single","tertiary","no","no","cellular","jan",105,-1,"no"
57,"divorced","unknown","no","no","unknown","jun",335,-1,"no"
30,"single","tertiary","yes","no","unknown","may",138,-1,"no"
50,"married","tertiary","no","no","unknown","jun",117,-1,"no"
31,"single","tertiary","yes","no","unknown","may",202,-1,"no"
26,"single","tertiary","no","no","cellular","feb",11,-1,"no"
31,"single","tertiary","yes","no","cellular","may",380,-1,"no"
58,"married","primary","yes","yes","cellular","aug",163,-1,"no"
33,"married","secondary","no","no","cellular","aug",87,1,"no"
48,"married","tertiary","yes","no","cellular","may",235,-1,"no"
56,"married","secondary","no","no","unknown","jun",74,-1,"no"
26,"single","tertiary","yes","no","cellular","may",216,-1,"no"
34,"single","secondary","yes","no","cellular","apr",437,-1,"no"
26,"single","secondary","yes","no","cellular","may",667,-1,"yes"
58,"married","secondary","no","no","cellular","may",165,287,"yes"
33,"single","tertiary","no","no","cellular","feb",126,88,"yes"
42,"married","secondary","yes","no","cellular","nov",96,-1,"no"
37,"single","secondary","no","no","unknown","jun",527,-1,"no"
60,"married","secondary","yes","no","telephone","jul",196,-1,"no"
51,"single","tertiary","yes","no","cellular","nov",168,-1,"no"
57,"married","tertiary","yes","no","unknown","may",339,-1,"no"
24,"single","unknown","yes","no","unknown","may",109,-1,"no"
47,"married","tertiary","no","no","cellular","aug",228,-1,"no"
45,"married","secondary","no","no","cellular","may",204,-1,"no"
31,"single","primary","yes","no","unknown","may",411,-1,"no"
55,"married","secondary","no","no","cellular","jun",201,-1,"yes"
28,"single","secondary","yes","no","unknown","may",267,-1,"no"
39,"married","secondary","no","no","cellular","feb",137,189,"no"
36,"married","tertiary","no","no","cellular","jul",74,-1,"no"
44,"married","tertiary","no","no","unknown","jun",125,-1,"no"
46,"married","secondary","yes","yes","cellular","may",60,-1,"no"
37,"married","secondary","yes","no","unknown","may",158,-1,"no"
57,"single","secondary","yes","no","cellular","jul",98,-1,"no"
59,"married","primary","yes","no","cellular","jul",408,-1,"no"
47,"married","secondary","yes","no","unknown","may",577,-1,"no"
55,"married","tertiary","no","no","cellular","aug",273,-1,"no"
42,"married","secondary","yes","no","cellular","nov",46,171,"no"
30,"single","tertiary","no","no","cellular","apr",243,-1,"no"
33,"single","secondary","yes","no","unknown","may",142,-1,"no"
39,"married","primary","yes","no","unknown","may",173,-1,"no"
42,"married","secondary","yes","no","unknown","may",259,-1,"no"
35,"married","tertiary","yes","yes","cellular","feb",76,5,"no"
28,"single","secondary","yes","no","cellular","jan",205,-1,"no"
38,"single","secondary","yes","no","cellular","may",114,-1,"no"
28,"single","secondary","yes","no","cellular","may",87,-1,"no"
41,"married","tertiary","yes","no","unknown","may",335,-1,"no"
35,"single","secondary","no","no","telephone","nov",215,-1,"no"
39,"married","secondary","yes","yes","unknown","jun",252,-1,"no"
52,"married","secondary","no","no","cellular","aug",112,-1,"no"
46,"married","tertiary","yes","no","unknown","jun",153,-1,"no"
39,"single","secondary","no","no","cellular","nov",333,105,"no"
29,"single","secondary","yes","no","unknown","may",177,-1,"no"
42,"single","secondary","yes","no","unknown","sep",6,524,"no"
33,"single","secondary","yes","no","cellular","may",302,356,"no"
29,"married","secondary","yes","no","cellular","may",339,362,"no"
53,"married","primary","yes","yes","cellular","aug",119,-1,"no"
30,"single","secondary","no","no","cellular","feb",110,-1,"no"
34,"single","secondary","yes","no","cellular","nov",121,-1,"no"
59,"divorced","secondary","no","no","cellular","feb",213,-1,"no"
44,"married","secondary","yes","no","cellular","nov",205,-1,"no"
32,"divorced","secondary","yes","no","unknown","may",218,-1,"no"
45,"married","tertiary","yes","yes","cellular","jul",199,-1,"no"
57,"married","secondary","no","no","cellular","nov",198,-1,"no"
28,"single","secondary","no","no","cellular","jul",87,184,"yes"
53,"married","tertiary","no","no","cellular","aug",224,86,"no"
56,"married","secondary","yes","no","unknown","jun",44,-1,"no"
50,"divorced","secondary","no","no","cellular","jul",65,-1,"no"
36,"married","secondary","no","no","unknown","jun",283,-1,"no"
66,"married","secondary","no","yes","cellular","feb",232,181,"yes"
33,"married","secondary","yes","yes","cellular","nov",17,198,"no"
34,"married","secondary","yes","yes","telephone","jul",92,-1,"no"
51,"married","primary","yes","no","unknown","may",673,-1,"no"
59,"married","tertiary","no","no","cellular","nov",48,-1,"no"
40,"married","secondary","yes","no","cellular","jul",145,-1,"no"
27,"single","secondary","yes","no","cellular","feb",416,-1,"yes"
30,"married","secondary","yes","no","cellular","may",69,-1,"no"
44,"divorced","secondary","no","no","cellular","apr",1594,148,"yes"
55,"married","secondary","yes","yes","unknown","may",61,-1,"no"
44,"divorced","secondary","no","yes","telephone","jul",672,-1,"no"
29,"single","secondary","yes","no","cellular","apr",161,316,"no"
28,"single","secondary","yes","no","cellular","may",55,-1,"no"
25,"single","tertiary","yes","no","cellular","may",223,89,"yes"
42,"divorced","tertiary","yes","no","unknown","jun",254,-1,"no"
49,"married","tertiary","yes","no","cellular","nov",408,-1,"no"
45,"divorced","primary","no","no","cellular","jul",878,-1,"yes"
61,"divorced","secondary","no","no","cellular","sep",145,391,"no"
27,"married","secondary","yes","no","unknown","jun",216,-1,"no"
41,"divorced","secondary","yes","yes","unknown","may",65,-1,"no"
35,"single","unknown","yes","no","cellular","nov",68,-1,"no"
32,"single","tertiary","no","no","cellular","aug",181,-1,"no"
34,"married","secondary","yes","no","unknown","may",91,-1,"no"
42,"divorced","tertiary","no","no","cellular","aug",85,-1,"no"
45,"married","primary","yes","no","unknown","may",68,-1,"no"
30,"single","secondary","no","yes","cellular","jul",110,-1,"no"
46,"married","secondary","no","no","cellular","jul",1187,-1,"no"
46,"married","secondary","yes","yes","cellular","jul",232,-1,"no"
32,"single","primary","yes","no","unknown","may",61,-1,"no"
59,"divorced","unknown","yes","no","unknown","may",248,-1,"no"
39,"married","secondary","yes","no","cellular","apr",649,-1,"no"
32,"married","secondary","yes","no","cellular","may",80,-1,"no"
33,"married","secondary","yes","yes","unknown","may",22,-1,"no"
34,"married","tertiary","yes","no","cellular","aug",262,99,"yes"
28,"single","secondary","no","no","unknown","jun",25,-1,"no"
40,"married","secondary","no","no","cellular","jul",255,-1,"no"
33,"married","tertiary","yes","no","unknown","aug",12,-1,"no"
49,"married","tertiary","no","no","cellular","dec",439,185,"yes"
56,"married","secondary","no","no","telephone","jul",39,-1,"no"
48,"divorced","tertiary","yes","no","cellular","apr",725,-1,"no"
32,"single","secondary","yes","yes","unknown","may",162,-1,"no"
34,"single","unknown","yes","no","cellular","may",612,-1,"yes"
50,"married","tertiary","yes","no","cellular","may",258,329,"no"
24,"single","tertiary","no","no","cellular","jul",257,-1,"yes"
31,"married","unknown","no","no","cellular","nov",584,-1,"no"
54,"single","tertiary","yes","no","unknown","jun",68,-1,"no"
36,"single","unknown","yes","no","unknown","may",515,-1,"yes"
30,"single","unknown","no","no","cellular","feb",96,175,"no"
53,"divorced","secondary","yes","no","unknown","may",812,-1,"no"
45,"married","secondary","no","yes","cellular","jul",312,-1,"no"
40,"single","secondary","yes","no","unknown","jun",65,-1,"no"
31,"married","secondary","yes","no","unknown","may",226,-1,"no"
46,"divorced","secondary","yes","no","cellular","jul",100,-1,"no"
31,"single","secondary","yes","yes","cellular","jul",104,-1,"no"
32,"divorced","secondary","yes","no","cellular","may",286,-1,"no"
30,"single","tertiary","yes","no","cellular","apr",108,-1,"no"
60,"married","primary","no","no","cellular","apr",118,-1,"no"
40,"married","primary","yes","no","unknown","may",145,-1,"no"
48,"married","secondary","yes","no","unknown","may",98,-1,"no"
41,"married","tertiary","yes","no","cellular","jun",288,-1,"no"
32,"married","secondary","no","no","cellular","may",113,-1,"no"
29,"single","secondary","yes","no","cellular","may",172,346,"no"
51,"married","primary","no","yes","unknown","jun",75,-1,"no"
30,"married","primary","yes","no","unknown","may",299,-1,"no"
32,"married","primary","yes","no","cellular","nov",820,-1,"yes"
57,"married","secondary","no","no","cellular","jan",73,-1,"no"
30,"married","tertiary","yes","no","cellular","jul",209,-1,"no"
34,"single","tertiary","no","no","cellular","aug",196,455,"yes"
31,"single","tertiary","yes","no","unknown","may",48,-1,"no"
32,"single","primary","yes","no","cellular","may",72,-1,"no"
57,"married","secondary","no","no","cellular","jun",195,-1,"no"
30,"married","tertiary","no","no","cellular","aug",351,-1,"no"
26,"married","secondary","yes","no","unknown","jun",60,-1,"no"
40,"married","secondary","yes","no","unknown","may",112,-1,"no"
42,"married","tertiary","yes","no","unknown","may",254,-1,"no"
30,"married","primary","yes","no","cellular","jul",225,-1,"no"
30,"married","secondary","yes","no","cellular","apr",99,267,"no"
29,"single","tertiary","yes","no","cellular","jul",199,-1,"no"
29,"single","tertiary","yes","no","unknown","jun",105,-1,"no"
33,"married","secondary","no","no","unknown","may",189,-1,"no"
49,"married","secondary","yes","yes","unknown","jun",92,-1,"no"
33,"married","secondary","yes","no","unknown","jun",106,-1,"no"
28,"single","secondary","no","no","cellular","feb",15,-1,"no"
23,"married","tertiary","yes","no","unknown","may",796,-1,"no"
42,"single","unknown","no","no","cellular","jul",73,-1,"no"
40,"married","secondary","yes","no","cellular","dec",110,232,"no"
40,"married","primary","yes","no","telephone","may",11,-1,"no"
53,"married","secondary","yes","no","cellular","nov",89,-1,"no"
30,"single","primary","yes","no","cellular","apr",686,-1,"no"
51,"married","tertiary","no","no","cellular","aug",266,-1,"no"
29,"married","secondary","yes","no","cellular","apr",343,316,"no"
48,"divorced","secondary","yes","no","cellular","jul",285,-1,"no"
58,"married","primary","yes","no","unknown","may",144,-1,"no"
57,"married","secondary","no","no","cellular","feb",154,-1,"no"
29,"married","primary","yes","no","cellular","apr",353,-1,"no"
41,"married","secondary","no","yes","cellular","jul",72,-1,"no"
36,"single","tertiary","no","no","unknown","jun",1137,-1,"yes"
56,"married","secondary","yes","no","unknown","may",289,-1,"no"
47,"single","tertiary","no","no","telephone","feb",17,-1,"no"
35,"married","secondary","yes","no","telephone","apr",19,-1,"no"
43,"married","primary","no","no","unknown","jun",973,-1,"yes"
58,"married","tertiary","no","no","cellular","aug",211,-1,"no"
32,"married","tertiary","yes","no","cellular","may",265,-1,"no"
50,"married","secondary","no","no","unknown","jun",53,-1,"no"
33,"single","secondary","yes","no","unknown","may",96,-1,"no"
53,"married","tertiary","no","no","cellular","aug",51,-1,"no"
38,"single","secondary","yes","yes","unknown","may",44,-1,"no"
23,"single","tertiary","no","no","unknown","aug",7,-1,"no"
60,"married","unknown","no","no","unknown","jun",174,-1,"no"
60,"married","primary","no","no","telephone","jul",130,-1,"no"
34,"divorced","tertiary","no","no","cellular","feb",314,156,"yes"
54,"married","tertiary","no","no","cellular","jul",34,-1,"no"
31,"married","secondary","no","no","telephone","nov",196,117,"no"
32,"single","secondary","yes","no","telephone","may",36,176,"no"
44,"married","tertiary","no","no","cellular","aug",122,-1,"no"
54,"married","tertiary","no","no","cellular","aug",333,-1,"no"
38,"married","tertiary","yes","no","cellular","feb",366,-1,"no"
52,"married","unknown","no","no","unknown","jun",58,-1,"no"
34,"married","secondary","yes","yes","cellular","jul",131,-1,"no"
28,"single","secondary","yes","yes","cellular","may",431,-1,"yes"
40,"divorced","tertiary","yes","no","unknown","may",184,-1,"no"
46,"married","primary","yes","yes","telephone","jul",270,-1,"no"
35,"single","secondary","no","yes","cellular","aug",215,-1,"no"
41,"married","secondary","yes","no","unknown","jun",80,-1,"no"
28,"single","tertiary","yes","yes","unknown","jun",222,-1,"no"
61,"married","tertiary","no","no","cellular","feb",503,-1,"yes"
29,"single","tertiary","no","no","cellular","may",491,-1,"yes"
36,"single","secondary","no","no","cellular","aug",67,-1,"no"
30,"single","secondary","no","no","telephone","aug",44,-1,"no"
56,"married","primary","no","no","unknown","jun",153,-1,"no"
33,"married","secondary","yes","no","unknown","jun",400,-1,"no"
42,"single","secondary","no","no","cellular","aug",81,-1,"no"
41,"divorced","tertiary","yes","no","cellular","nov",21,-1,"no"
56,"divorced","tertiary","no","no","unknown","jun",36,-1,"no"
39,"married","tertiary","no","no","cellular","apr",342,22,"yes"
50,"married","tertiary","no","no","cellular","jul",188,-1,"no"
58,"married","primary","no","no","cellular","aug",171,-1,"no"
28,"married","secondary","yes","yes","cellular","jul",164,-1,"no"
52,"married","primary","no","no","cellular","aug",77,-1,"no"
30,"single","secondary","no","no","cellular","jan",143,-1,"yes"
48,"divorced","secondary","no","no","cellular","nov",134,-1,"no"
26,"single","secondary","no","no","cellular","aug",138,69,"no"
39,"married","secondary","yes","no","cellular","jul",179,-1,"no"
35,"divorced","tertiary","yes","no","telephone","oct",171,-1,"yes"
31,"married","secondary","yes","no","cellular","may",232,-1,"no"
46,"married","primary","no","no","telephone","feb",151,-1,"no"
36,"married","tertiary","no","no","cellular","jul",172,-1,"no"
36,"married","secondary","yes","no","unknown","may",99,-1,"no"
27,"married","secondary","yes","no","unknown","may",131,-1,"no"
31,"single","tertiary","no","no","cellular","apr",209,-1,"yes"
44,"married","primary","no","no","unknown","may",158,-1,"no"
32,"married","secondary","no","no","cellular","nov",253,-1,"no"
42,"married","unknown","no","no","cellular","apr",368,-1,"yes"
36,"single","tertiary","no","no","unknown","jun",219,-1,"no"
32,"single","tertiary","no","no","cellular","aug",175,-1,"no"
51,"married","secondary","no","no","cellular","sep",345,-1,"yes"
23,"married","secondary","yes","no","cellular","may",199,358,"no"
30,"single","tertiary","no","yes","cellular","jul",11,-1,"no"
29,"married","tertiary","yes","no","cellular","jul",191,-1,"no"
42,"married","primary","yes","no","cellular","may",11,-1,"no"
60,"divorced","tertiary","no","yes","cellular","jul",76,-1,"no"
39,"married","tertiary","no","no","cellular","aug",88,-1,"no"
33,"married","primary","yes","no","cellular","may",304,-1,"no"
43,"married","secondary","yes","no","cellular","may",181,300,"no"
54,"married","unknown","no","no","cellular","aug",753,-1,"no"
39,"married","primary","yes","no","cellular","may",340,312,"no"
19,"single","primary","no","no","cellular","oct",96,97,"no"
34,"single","secondary","yes","no","unknown","may",192,-1,"no"
53,"married","secondary","yes","no","cellular","may",27,344,"no"
45,"married","primary","no","yes","cellular","jan",79,-1,"no"
53,"single","secondary","no","no","cellular","jan",287,-1,"no"
37,"single","tertiary","no","no","cellular","feb",7,-1,"no"
31,"married","tertiary","no","no","cellular","apr",297,86,"yes"
57,"married","secondary","yes","yes","cellular","may",63,-1,"no"
33,"single","tertiary","no","no","cellular","aug",107,-1,"no"
42,"married","tertiary","no","no","unknown","jun",40,-1,"no"
49,"married","secondary","yes","no","unknown","may",276,-1,"no"
53,"married","secondary","yes","no","unknown","may",107,-1,"no"
49,"married","primary","no","no","unknown","jun",171,-1,"no"
43,"married","tertiary","yes","no","unknown","jun",11,-1,"no"
44,"married","tertiary","no","no","cellular","aug",98,-1,"no"
54,"married","tertiary","no","no","cellular","aug",160,-1,"no"
48,"divorced","primary","no","yes","telephone","jul",494,-1,"no"
37,"single","tertiary","no","no","cellular","jul",280,-1,"no"
53,"married","secondary","no","no","cellular","nov",6,-1,"no"
33,"divorced","secondary","no","no","cellular","jan",119,-1,"no"
41,"married","secondary","yes","no","cellular","nov",157,-1,"no"
22,"single","tertiary","no","no","cellular","jun",155,-1,"no"
54,"divorced","tertiary","no","no","cellular","aug",67,-1,"no"
52,"married","tertiary","no","no","cellular","feb",341,-1,"yes"
43,"single","tertiary","no","no","cellular","jul",603,-1,"no"
60,"divorced","tertiary","no","no","cellular","jul",108,-1,"no"
45,"married","tertiary","yes","yes","cellular","nov",740,-1,"no"
32,"single","tertiary","no","no","cellular","mar",278,-1,"yes"
45,"divorced","primary","no","yes","unknown","jul",407,-1,"no"
37,"married","secondary","yes","no","unknown","may",149,-1,"no"
49,"married","primary","no","no","telephone","jul",127,-1,"no"
37,"single","secondary","no","no","cellular","aug",75,-1,"no"
54,"married","secondary","yes","no","cellular","nov",264,-1,"no"
40,"married","tertiary","no","no","cellular","oct",138,136,"no"
51,"single","tertiary","no","no","telephone","jan",968,-1,"yes"
44,"single","secondary","no","no","cellular","apr",133,-1,"yes"
45,"married","primary","yes","no","unknown","may",460,-1,"yes"
46,"married","primary","no","yes","cellular","jul",90,-1,"no"
26,"single","tertiary","no","no","cellular","mar",87,91,"yes"
51,"married","primary","yes","no","cellular","nov",174,195,"no"
29,"single","tertiary","yes","no","cellular","may",179,-1,"no"
56,"divorced","tertiary","yes","no","telephone","may",325,-1,"no"
34,"married","secondary","yes","no","unknown","jun",90,-1,"no"
34,"single","tertiary","yes","no","unknown","may",205,-1,"no"
29,"single","tertiary","yes","no","cellular","may",245,356,"no"
59,"married","secondary","no","no","unknown","jun",396,-1,"no"
41,"divorced","secondary","yes","no","unknown","may",32,-1,"no"
24,"married","secondary","yes","no","unknown","may",77,-1,"no"
29,"single","secondary","no","no","unknown","may",323,-1,"no"
47,"divorced","tertiary","yes","no","cellular","jan",139,-1,"no"
40,"married","secondary","yes","no","cellular","may",173,-1,"no"
48,"married","primary","no","no","cellular","jan",166,-1,"no"
30,"married","secondary","no","no","cellular","jul",241,-1,"no"
32,"married","tertiary","no","no","cellular","apr",532,-1,"yes"
40,"married","primary","yes","no","cellular","apr",1332,-1,"yes"
39,"single","secondary","yes","no","cellular","jun",108,32,"no"
32,"married","primary","yes","no","cellular","nov",591,-1,"no"
50,"divorced","secondary","yes","yes","cellular","jul",270,-1,"no"
39,"married","primary","yes","no","unknown","may",109,-1,"no"
55,"married","secondary","no","no","unknown","may",166,-1,"no"
50,"married","primary","yes","no","cellular","jul",111,-1,"no"
30,"married","primary","yes","no","unknown","may",125,-1,"no"
35,"married","secondary","yes","yes","cellular","apr",63,-1,"no"
37,"single","secondary","yes","no","unknown","jun",207,-1,"no"
32,"married","secondary","yes","yes","cellular","feb",42,-1,"no"
30,"single","tertiary","no","no","unknown","jun",301,-1,"no"
35,"married","secondary","yes","no","cellular","apr",474,-1,"no"
26,"single","tertiary","yes","no","cellular","may",171,-1,"no"
42,"married","tertiary","no","no","cellular","aug",302,-1,"no"
33,"married","secondary","no","no","unknown","sep",35,-1,"no"
48,"single","primary","yes","no","cellular","may",17,-1,"no"
47,"married","tertiary","yes","no","cellular","apr",145,323,"no"
65,"married","secondary","no","no","telephone","mar",904,-1,"yes"
24,"married","primary","yes","no","unknown","may",62,-1,"no"
27,"married","unknown","yes","no","cellular","may",525,-1,"yes"
25,"single","secondary","yes","no","cellular","jul",487,-1,"no"
60,"married","secondary","yes","no","cellular","jul",266,-1,"no"
23,"single","secondary","no","no","unknown","aug",22,-1,"no"
50,"married","primary","no","no","cellular","aug",584,-1,"no"
46,"married","tertiary","no","no","cellular","aug",205,-1,"no"
36,"divorced","tertiary","no","yes","cellular","jul",43,-1,"no"
50,"married","secondary","yes","yes","cellular","may",55,-1,"no"
45,"married","secondary","yes","yes","cellular","may",180,-1,"no"
56,"married","secondary","yes","yes","unknown","jun",151,-1,"no"
45,"married","unknown","yes","no","unknown","may",124,-1,"no"
32,"single","secondary","no","no","cellular","feb",305,-1,"no"
37,"married","secondary","no","yes","cellular","jul",1000,-1,"yes"
53,"married","tertiary","yes","no","cellular","nov",371,96,"no"
47,"divorced","tertiary","no","no","cellular","jul",122,-1,"no"
49,"married","secondary","no","no","cellular","nov",63,-1,"no"
33,"married","secondary","yes","no","cellular","nov",77,127,"no"
30,"single","secondary","yes","no","cellular","apr",196,-1,"no"
41,"married","primary","no","yes","cellular","jul",309,-1,"no"
30,"married","tertiary","yes","no","cellular","aug",249,-1,"no"
48,"married","primary","no","yes","cellular","nov",120,-1,"no"
48,"married","secondary","yes","yes","cellular","may",97,343,"no"
80,"married","secondary","no","no","telephone","aug",199,181,"no"
31,"single","tertiary","no","no","cellular","jul",67,-1,"no"
31,"married","secondary","yes","no","cellular","apr",251,-1,"no"
35,"married","secondary","no","no","unknown","sep",13,-1,"no"
46,"married","primary","no","no","cellular","aug",127,-1,"no"
53,"married","tertiary","no","no","cellular","jul",95,182,"no"
56,"married","primary","no","no","cellular","oct",631,149,"no"
48,"married","secondary","no","no","unknown","jun",148,-1,"no"
31,"divorced","tertiary","no","no","cellular","aug",1576,-1,"yes"
37,"married","primary","yes","no","unknown","may",233,-1,"no"
34,"single","tertiary","no","no","cellular","feb",427,-1,"no"
31,"single","tertiary","no","no","cellular","jan",364,-1,"no"
37,"single","secondary","yes","no","cellular","nov",9,185,"no"
35,"single","unknown","no","no","cellular","jul",344,87,"yes"
33,"married","secondary","yes","no","unknown","may",207,-1,"no"
54,"divorced","secondary","no","no","cellular","jul",208,-1,"no"
54,"married","secondary","no","yes","cellular","oct",595,187,"yes"
30,"single","secondary","yes","no","cellular","jul",51,-1,"no"
25,"single","tertiary","yes","no","unknown","jun",579,-1,"no"
42,"married","primary","no","no","cellular","jul",111,-1,"no"
47,"married","tertiary","no","no","cellular","aug",557,-1,"no"
49,"divorced","tertiary","no","no","cellular","nov",88,-1,"no"
59,"married","secondary","no","no","cellular","feb",92,-1,"no"
30,"single","secondary","no","no","cellular","jun",115,-1,"no"
42,"single","secondary","yes","no","cellular","may",113,-1,"no"
32,"married","secondary","no","no","cellular","mar",217,-1,"yes"
36,"single","secondary","no","no","unknown","jun",187,-1,"no"
35,"married","secondary","yes","no","cellular","mar",301,90,"yes"
35,"married","secondary","yes","no","cellular","may",265,-1,"no"
56,"married","secondary","yes","no","cellular","apr",249,-1,"no"
32,"single","secondary","no","no","cellular","jul",280,-1,"no"
33,"single","secondary","no","yes","cellular","aug",118,-1,"no"
52,"divorced","secondary","no","yes","cellular","nov",591,-1,"no"
33,"married","secondary","no","no","cellular","aug",250,-1,"no"
37,"single","tertiary","no","no","cellular","jul",60,-1,"no"
50,"married","secondary","yes","no","cellular","jul",717,-1,"no"
39,"married","secondary","yes","no","cellular","apr",244,-1,"no"
36,"married","tertiary","no","no","cellular","apr",41,-1,"no"
37,"married","secondary","no","no","unknown","jun",215,-1,"no"
37,"married","secondary","yes","no","cellular","nov",232,-1,"no"
33,"married","tertiary","no","no","cellular","jul",170,-1,"no"
48,"married","secondary","yes","no","cellular","jul",448,-1,"no"
38,"married","tertiary","no","no","cellular","nov",147,-1,"no"
35,"single","tertiary","yes","no","cellular","may",37,302,"no"
28,"single","secondary","no","no","cellular","jan",237,-1,"no"
35,"married","tertiary","yes","yes","cellular","jul",86,-1,"no"
39,"married","secondary","yes","no","cellular","feb",146,264,"yes"
32,"married","secondary","yes","no","cellular","aug",118,-1,"no"
39,"married","primary","no","no","unknown","jun",133,-1,"no"
57,"married","primary","no","no","cellular","may",700,92,"yes"
43,"married","primary","yes","no","cellular","apr",351,337,"no"
29,"married","secondary","yes","no","cellular","apr",399,-1,"no"
43,"single","secondary","yes","no","cellular","apr",58,228,"no"
46,"married","secondary","yes","no","unknown","may",20,-1,"no"
53,"married","primary","yes","no","unknown","jun",155,-1,"no"
37,"single","secondary","yes","no","unknown","may",200,-1,"no"
55,"divorced","primary","no","yes","telephone","jan",88,-1,"no"
42,"divorced","tertiary","yes","no","cellular","may",222,370,"no"
50,"married","secondary","yes","yes","cellular","jan",197,244,"no"
59,"divorced","secondary","yes","no","cellular","nov",221,-1,"no"
35,"divorced","secondary","yes","no","cellular","jul",87,-1,"no"
44,"single","tertiary","yes","no","unknown","jun",312,-1,"no"
28,"married","primary","yes","no","unknown","may",218,-1,"no"
67,"married","tertiary","no","no","cellular","aug",190,-1,"no"
39,"single","primary","yes","no","unknown","may",183,-1,"no"
57,"divorced","tertiary","yes","no","cellular","jul",147,-1,"no"
27,"single","secondary","yes","no","unknown","may",78,-1,"no"
48,"married","secondary","yes","no","cellular","nov",169,196,"yes"
34,"single","secondary","no","no","cellular","may",134,185,"no"
59,"married","primary","no","no","cellular","jul",133,-1,"no"
51,"married","secondary","yes","no","unknown","may",272,-1,"no"
32,"married","tertiary","no","no","cellular","feb",175,-1,"no"
53,"married","primary","no","no","cellular","jan",78,-1,"no"
33,"married","tertiary","yes","no","cellular","apr",381,243,"no"
38,"divorced","tertiary","no","no","cellular","jan",296,-1,"no"
72,"married","unknown","no","no","cellular","aug",400,-1,"no"
59,"divorced","tertiary","yes","yes","unknown","may",264,-1,"no"
61,"divorced","primary","no","no","cellular","apr",40,-1,"no"
34,"married","tertiary","no","no","cellular","feb",327,-1,"no"
35,"single","secondary","yes","no","cellular","may",63,-1,"no"
27,"single","primary","yes","yes","cellular","may",267,311,"no"
33,"married","secondary","yes","no","cellular","nov",188,-1,"no"
25,"single","secondary","yes","no","cellular","may",85,71,"no"
33,"single","secondary","yes","no","cellular","may",11,297,"no"
53,"married","tertiary","yes","no","unknown","may",336,-1,"no"
40,"married","primary","yes","no","cellular","may",143,370,"no"
48,"single","tertiary","no","no","cellular","aug",961,-1,"yes"
56,"married","secondary","yes","no","unknown","may",152,-1,"no"
37,"divorced","secondary","yes","no","cellular","nov",178,170,"no"
60,"married","secondary","no","no","unknown","jun",419,-1,"no"
38,"married","tertiary","no","no","cellular","nov",53,161,"no"
37,"single","secondary","yes","no","telephone","may",115,-1,"no"
30,"single","secondary","yes","no","unknown","may",27,-1,"no"
53,"married","tertiary","no","no","cellular","jul",78,-1,"no"
35,"single","tertiary","no","yes","cellular","jul",220,-1,"no"
65,"married","unknown","no","no","cellular","may",593,178,"no"
57,"divorced","secondary","yes","no","unknown","may",268,-1,"no"
42,"divorced","primary","yes","no","cellular","feb",102,-1,"no"
54,"married","secondary","yes","no","unknown","may",183,-1,"no"
41,"married","secondary","yes","no","cellular","may",911,-1,"yes"
53,"married","tertiary","no","no","unknown","may",105,-1,"no"
29,"married","unknown","yes","no","unknown","may",150,-1,"no"
31,"single","secondary","yes","no","cellular","nov",51,140,"no"
35,"married","tertiary","no","no","unknown","jun",18,-1,"no"
34,"divorced","secondary","yes","no","cellular","jul",54,-1,"no"
53,"married","tertiary","yes","no","cellular","may",111,356,"no"
38,"married","primary","yes","no","unknown","jun",224,-1,"no"
39,"divorced","secondary","yes","no","cellular","jul",55,-1,"no"
50,"divorced","secondary","yes","no","unknown","may",1340,-1,"yes"
45,"married","secondary","no","yes","cellular","aug",140,-1,"no"
51,"married","tertiary","yes","yes","cellular","aug",263,84,"no"
44,"married","secondary","yes","no","cellular","apr",276,-1,"no"
39,"married","unknown","yes","no","cellular","feb",64,-1,"no"
34,"married","secondary","no","no","unknown","may",1677,-1,"yes"
32,"single","tertiary","yes","no","cellular","nov",148,-1,"no"
34,"married","secondary","no","no","cellular","aug",835,-1,"yes"
53,"married","tertiary","no","no","cellular","nov",117,-1,"no"
60,"married","primary","no","no","telephone","may",15,-1,"no"
23,"single","secondary","no","no","cellular","may",538,184,"yes"
39,"married","primary","yes","no","telephone","jul",81,-1,"no"
33,"single","tertiary","no","no","cellular","apr",86,-1,"no"
33,"married","tertiary","yes","no","unknown","may",463,-1,"no"
40,"married","secondary","yes","yes","cellular","may",24,-1,"no"
31,"single","tertiary","no","no","cellular","aug",419,-1,"no"
44,"married","secondary","no","no","cellular","jul",125,-1,"no"
31,"married","tertiary","yes","no","cellular","aug",221,-1,"no"
25,"single","secondary","yes","no","unknown","jun",167,-1,"no"
26,"divorced","secondary","yes","no","cellular","may",556,-1,"no"
46,"single","secondary","yes","no","cellular","oct",427,-1,"yes"
34,"married","secondary","no","no","cellular","aug",106,-1,"no"
28,"single","tertiary","yes","no","cellular","aug",78,79,"no"
45,"married","secondary","yes","no","cellular","apr",188,-1,"no"
28,"single","secondary","yes","no","unknown","may",97,-1,"no"
44,"married","primary","no","no","cellular","jul",331,-1,"no"
47,"married","primary","yes","yes","unknown","may",53,-1,"no"
35,"single","secondary","yes","no","unknown","may",243,-1,"no"
51,"married","primary","yes","no","unknown","may",142,-1,"no"
38,"married","secondary","no","no","unknown","jun",105,-1,"no"
43,"married","secondary","no","no","cellular","jul",307,-1,"no"
57,"divorced","secondary","no","yes","unknown","jun",420,-1,"no"
30,"married","tertiary","no","no","cellular","nov",375,-1,"no"
32,"single","secondary","yes","no","cellular","aug",322,-1,"no"
37,"married","secondary","no","no","unknown","may",336,-1,"no"
43,"divorced","primary","yes","no","unknown","jun",236,-1,"no"
40,"married","secondary","yes","no","unknown","may",167,-1,"no"
56,"married","tertiary","yes","no","cellular","may",100,168,"no"
43,"divorced","secondary","yes","no","cellular","jul",68,-1,"no"
31,"single","tertiary","no","no","cellular","aug",138,-1,"no"
58,"divorced","secondary","yes","no","telephone","may",114,368,"no"
63,"married","tertiary","no","no","cellular","sep",219,-1,"yes"
41,"married","tertiary","yes","yes","unknown","may",146,-1,"no"
51,"married","secondary","no","no","cellular","jul",301,-1,"no"
48,"married","tertiary","no","no","cellular","apr",35,-1,"no"
49,"single","primary","yes","no","cellular","jul",979,-1,"yes"
37,"single","tertiary","yes","no","cellular","feb",102,155,"no"
27,"single","secondary","no","no","cellular","feb",98,-1,"no"
30,"single","tertiary","no","no","cellular","jul",219,91,"yes"
37,"married","secondary","no","no","unknown","may",652,-1,"no"
71,"married","tertiary","no","no","telephone","mar",577,-1,"yes"
40,"married","tertiary","yes","no","cellular","may",222,363,"no"
54,"married","primary","no","yes","cellular","jul",90,-1,"no"
54,"married","primary","yes","no","unknown","may",324,-1,"no"
43,"single","unknown","no","no","cellular","jan",159,226,"no"
50,"married","tertiary","yes","no","unknown","may",170,-1,"no"
33,"married","tertiary","yes","no","cellular","aug",94,-1,"no"
45,"married","primary","yes","no","unknown","may",528,-1,"yes"
50,"married","secondary","yes","no","unknown","may",216,-1,"no"
25,"married","secondary","no","no","unknown","jul",11,-1,"no"
31,"single","tertiary","yes","no","cellular","aug",165,-1,"no"
34,"married","secondary","yes","no","cellular","feb",287,201,"no"
34,"married","tertiary","yes","no","cellular","jul",102,-1,"no"
41,"married","secondary","yes","no","cellular","may",523,334,"no"
35,"married","secondary","yes","yes","unknown","jul",128,-1,"no"
53,"married","unknown","no","no","unknown","jun",92,-1,"no"
48,"divorced","tertiary","no","no","cellular","jul",874,-1,"yes"
45,"married","secondary","yes","yes","unknown","may",71,-1,"no"
52,"divorced","primary","yes","no","cellular","may",7,340,"no"
59,"divorced","tertiary","no","no","telephone","jul",196,-1,"no"
41,"married","primary","yes","yes","unknown","may",335,-1,"no"
31,"single","tertiary","no","no","cellular","sep",99,-1,"no"
42,"single","secondary","no","no","telephone","jan",44,-1,"no"
28,"single","tertiary","yes","no","cellular","may",567,-1,"no"
58,"divorced","secondary","yes","no","cellular","nov",111,188,"no"
53,"married","primary","yes","no","unknown","jun",384,-1,"no"
33,"married","secondary","no","no","cellular","aug",205,-1,"no"
32,"single","secondary","no","no","cellular","jul",830,-1,"yes"
72,"married","secondary","no","no","cellular","nov",208,91,"yes"
46,"married","secondary","yes","yes","cellular","jul",361,-1,"no"
26,"single","tertiary","no","no","cellular","feb",176,-1,"no"
54,"married","unknown","yes","no","unknown","may",145,-1,"no"
54,"divorced","primary","no","no","unknown","jun",184,-1,"no"
61,"married","tertiary","yes","no","cellular","oct",377,520,"yes"
46,"married","secondary","no","no","cellular","aug",395,-1,"no"
41,"single","secondary","yes","no","cellular","apr",375,-1,"no"
39,"married","tertiary","no","no","cellular","may",211,391,"no"
38,"divorced","secondary","yes","no","cellular","feb",650,-1,"yes"
52,"married","tertiary","no","no","cellular","nov",467,92,"yes"
42,"married","secondary","no","yes","unknown","may",63,-1,"no"
36,"married","tertiary","yes","yes","telephone","jul",304,-1,"no"
39,"single","secondary","yes","no","unknown","may",70,-1,"no"
37,"single","tertiary","yes","no","cellular","may",77,-1,"no"
40,"married","tertiary","no","no","cellular","aug",170,112,"no"
53,"divorced","primary","yes","no","unknown","may",1980,-1,"yes"
35,"single","secondary","yes","no","cellular","may",313,-1,"no"
31,"married","secondary","yes","no","unknown","may",504,-1,"no"
64,"married","secondary","no","no","cellular","aug",157,14,"no"
57,"married","secondary","no","no","telephone","nov",508,-1,"no"
56,"divorced","tertiary","yes","no","cellular","may",505,-1,"no"
86,"married","primary","no","no","cellular","mar",272,-1,"no"
31,"married","tertiary","yes","no","telephone","may",90,-1,"no"
30,"married","primary","no","no","cellular","oct",79,-1,"no"
43,"single","secondary","yes","yes","unknown","may",131,-1,"no"
29,"married","tertiary","yes","no","unknown","jun",311,-1,"no"
45,"divorced","secondary","yes","no","unknown","may",99,-1,"no"
57,"married","secondary","no","no","telephone","oct",141,-1,"yes"
46,"married","secondary","no","no","unknown","jun",20,-1,"no"
59,"married","secondary","yes","no","unknown","may",217,-1,"no"
41,"married","secondary","no","no","cellular","aug",156,-1,"no"
30,"married","secondary","no","no","cellular","jun",67,108,"no"
60,"married","secondary","yes","no","cellular","jul",380,-1,"no"
59,"divorced","unknown","yes","no","cellular","jul",293,-1,"no"
49,"divorced","tertiary","yes","yes","unknown","nov",56,103,"no"
30,"divorced","primary","yes","no","cellular","may",49,349,"no"
41,"married","secondary","yes","no","telephone","nov",281,-1,"no"
30,"single","tertiary","no","no","cellular","aug",145,84,"yes"
30,"married","primary","yes","no","unknown","may",147,-1,"no"
41,"married","primary","no","no","unknown","jun",272,-1,"no"
43,"married","primary","yes","no","cellular","may",225,-1,"no"
42,"married","tertiary","yes","no","unknown","may",65,-1,"no"
54,"married","primary","yes","no","unknown","jun",158,-1,"no"
49,"married","tertiary","yes","yes","cellular","jul",102,-1,"no"
36,"married","unknown","yes","yes","unknown","may",17,-1,"no"
27,"single","primary","yes","no","unknown","may",445,-1,"no"
48,"divorced","secondary","no","yes","unknown","may",7,670,"no"
47,"single","secondary","no","no","cellular","jul",399,-1,"no"
31,"married","primary","yes","no","telephone","may",43,349,"no"
45,"married","secondary","no","no","unknown","jun",164,-1,"no"
31,"single","tertiary","no","no","cellular","dec",184,196,"no"
36,"single","secondary","no","no","telephone","feb",36,8,"no"
49,"married","primary","no","yes","telephone","jul",236,-1,"no"
53,"married","tertiary","no","no","cellular","may",211,88,"yes"
28,"married","secondary","yes","no","telephone","may",21,-1,"no"
44,"married","secondary","yes","no","cellular","jan",180,-1,"no"
34,"divorced","secondary","no","yes","cellular","nov",110,-1,"no"
34,"single","secondary","yes","no","cellular","apr",525,-1,"no"
35,"divorced","tertiary","no","no","cellular","nov",130,-1,"no"
58,"divorced","secondary","yes","no","cellular","may",270,-1,"no"
54,"married","unknown","no","no","cellular","apr",167,350,"no"
34,"single","tertiary","yes","yes","unknown","jun",18,-1,"no"
38,"married","tertiary","yes","no","cellular","apr",239,147,"no"
58,"married","primary","yes","no","unknown","may",138,-1,"no"
28,"single","tertiary","no","no","telephone","may",198,-1,"no"
46,"married","secondary","no","yes","cellular","nov",200,-1,"no"
42,"married","secondary","no","no","cellular","sep",285,-1,"yes"
32,"married","unknown","yes","no","unknown","may",12,-1,"no"
29,"single","secondary","yes","yes","unknown","may",171,-1,"no"
56,"married","secondary","no","yes","cellular","nov",111,-1,"no"
37,"married","secondary","no","no","cellular","aug",163,-1,"no"
40,"divorced","tertiary","yes","no","cellular","jul",149,-1,"no"
35,"single","secondary","no","no","cellular","jul",1005,134,"yes"
39,"single","tertiary","yes","no","cellular","aug",140,-1,"no"
25,"single","tertiary","yes","no","unknown","may",124,-1,"no"
27,"single","secondary","yes","no","unknown","may",805,-1,"no"
38,"married","secondary","no","no","unknown","may",63,-1,"no"
36,"married","tertiary","yes","no","cellular","apr",151,150,"no"
44,"married","tertiary","yes","no","unknown","jun",268,-1,"no"
44,"single","secondary","yes","no","cellular","apr",101,328,"no"
37,"single","tertiary","yes","no","cellular","nov",21,113,"no"
27,"single","tertiary","no","no","cellular","jan",533,-1,"no"
50,"divorced","unknown","yes","no","unknown","may",179,-1,"no"
43,"married","tertiary","no","yes","cellular","jul",94,-1,"no"
39,"divorced","secondary","yes","no","unknown","may",151,-1,"no"
38,"married","secondary","yes","yes","unknown","may",172,-1,"no"
58,"divorced","tertiary","no","yes","unknown","oct",11,-1,"yes"
32,"married","secondary","no","no","cellular","jan",112,-1,"no"
53,"married","unknown","yes","no","cellular","jun",282,385,"yes"
48,"divorced","tertiary","no","yes","cellular","jan",251,-1,"no"
50,"married","secondary","no","no","cellular","aug",281,-1,"no"
35,"single","tertiary","yes","no","cellular","may",162,-1,"no"
30,"single","secondary","yes","yes","unknown","jun",335,-1,"no"
39,"married","secondary","yes","no","unknown","may",323,-1,"no"
34,"married","secondary","yes","no","unknown","may",317,-1,"no"
39,"married","secondary","yes","no","cellular","may",454,364,"yes"
32,"single","tertiary","no","no","cellular","may",137,-1,"no"
44,"married","primary","yes","no","telephone","may",408,350,"no"
39,"married","secondary","no","no","cellular","jul",132,-1,"no"
21,"single","tertiary","no","no","cellular","aug",323,-1,"yes"
55,"married","primary","no","no","cellular","aug",632,-1,"yes"
41,"divorced","tertiary","no","yes","unknown","jun",132,-1,"no"
59,"married","primary","no","no","unknown","jun",192,-1,"no"
47,"divorced","secondary","yes","no","unknown","may",389,-1,"no"
57,"married","secondary","no","no","cellular","aug",127,-1,"no"
35,"divorced","secondary","no","no","cellular","aug",24,-1,"no"
53,"married","secondary","yes","yes","cellular","jan",155,261,"no"
52,"married","secondary","no","no","telephone","feb",381,213,"no"
28,"single","secondary","yes","no","unknown","jun",537,-1,"no"
40,"single","secondary","no","no","cellular","mar",219,91,"yes"
37,"single","tertiary","yes","no","cellular","nov",14,-1,"no"
32,"married","secondary","yes","no","cellular","may",519,166,"yes"
26,"married","tertiary","no","no","cellular","nov",109,160,"no"
34,"single","tertiary","no","no","cellular","aug",383,-1,"no"
42,"married","primary","yes","no","cellular","may",757,170,"yes"
38,"married","secondary","no","no","cellular","aug",13,-1,"no"
39,"single","secondary","no","no","cellular","jun",383,296,"yes"
49,"married","primary","yes","yes","cellular","may",568,285,"no"
29,"single","secondary","yes","yes","unknown","may",456,-1,"no"
43,"single","secondary","yes","no","cellular","feb",390,-1,"no"
52,"married","tertiary","no","no","cellular","aug",106,-1,"no"
31,"single","tertiary","no","no","cellular","sep",231,94,"yes"
45,"married","secondary","yes","yes","telephone","jul",74,-1,"no"
44,"married","secondary","no","yes","cellular","jul",194,-1,"no"
39,"divorced","secondary","yes","yes","cellular","jul",374,-1,"no"
48,"married","secondary","yes","no","unknown","jun",357,-1,"no"
53,"divorced","secondary","yes","no","cellular","apr",171,337,"no"
44,"married","tertiary","yes","no","unknown","may",421,-1,"no"
54,"divorced","secondary","yes","no","cellular","may",168,-1,"no"
61,"married","primary","no","no","cellular","feb",113,-1,"yes"
83,"married","primary","no","no","cellular","sep",109,276,"no"
52,"married","secondary","yes","yes","telephone","may",146,-1,"no"
38,"single","secondary","yes","no","cellular","may",84,-1,"no"
56,"divorced","primary","no","no","cellular","jul",39,-1,"no"
55,"married","primary","yes","no","unknown","may",176,-1,"no"
32,"single","tertiary","yes","no","cellular","aug",132,-1,"no"
46,"married","secondary","yes","no","telephone","may",15,-1,"no"
34,"married","secondary","yes","no","cellular","nov",301,-1,"no"
57,"divorced","secondary","no","no","cellular","jul",730,-1,"no"
47,"married","secondary","no","no","cellular","jan",218,177,"no"
39,"single","secondary","yes","no","cellular","feb",166,258,"no"
37,"married","secondary","no","no","cellular","sep",421,95,"no"
35,"married","tertiary","no","no","cellular","may",283,362,"no"
26,"single","secondary","yes","no","unknown","may",504,-1,"no"
36,"single","tertiary","yes","no","cellular","nov",566,182,"yes"
58,"married","primary","yes","no","unknown","jun",763,-1,"no"
42,"divorced","tertiary","no","no","cellular","aug",78,-1,"no"
48,"married","secondary","yes","no","unknown","jun",246,-1,"no"
36,"married","secondary","yes","no","unknown","jun",228,-1,"no"
35,"married","tertiary","yes","no","cellular","feb",82,-1,"no"
44,"married","secondary","yes","no","cellular","apr",150,257,"no"
45,"married","primary","no","no","cellular","aug",211,-1,"no"
38,"married","secondary","yes","no","cellular","nov",1556,-1,"yes"
31,"single","secondary","yes","no","unknown","may",132,-1,"no"
43,"divorced","secondary","yes","no","cellular","apr",85,-1,"no"
33,"single","secondary","yes","yes","cellular","apr",242,-1,"no"
46,"married","tertiary","yes","yes","unknown","may",200,-1,"no"
32,"single","tertiary","yes","no","cellular","may",147,307,"no"
55,"married","secondary","no","no","cellular","sep",180,238,"no"
59,"married","unknown","no","no","unknown","jun",8,-1,"no"
58,"married","tertiary","no","no","cellular","jul",120,-1,"no"
33,"single","secondary","yes","no","cellular","nov",58,122,"no"
50,"married","secondary","yes","no","unknown","may",554,-1,"no"
54,"married","secondary","no","yes","cellular","nov",401,100,"no"
51,"married","secondary","yes","no","unknown","may",411,-1,"no"
54,"married","secondary","no","no","unknown","jun",96,-1,"no"
58,"married","secondary","no","no","telephone","jul",28,-1,"no"
37,"married","secondary","no","no","cellular","oct",344,182,"yes"
36,"married","tertiary","yes","no","cellular","jul",62,-1,"no"
34,"single","tertiary","yes","no","cellular","jul",387,-1,"no"
33,"single","secondary","yes","no","telephone","apr",125,249,"no"
44,"married","secondary","yes","no","unknown","jun",218,-1,"no"
58,"married","secondary","no","no","telephone","feb",398,189,"no"
33,"single","secondary","yes","no","unknown","may",181,-1,"no"
59,"divorced","secondary","yes","no","cellular","jan",602,253,"yes"
29,"married","unknown","yes","no","cellular","may",422,363,"no"
33,"married","secondary","yes","no","cellular","aug",205,182,"yes"
55,"married","tertiary","yes","no","unknown","may",142,-1,"no"
56,"divorced","tertiary","no","no","cellular","aug",318,91,"yes"
31,"single","tertiary","yes","no","unknown","may",146,-1,"no"
55,"single","secondary","yes","no","cellular","nov",655,-1,"no"
35,"married","secondary","yes","no","cellular","may",343,351,"no"
49,"married","secondary","no","no","cellular","feb",124,180,"no"
36,"married","primary","no","yes","cellular","jul",215,-1,"no"
33,"single","secondary","yes","yes","cellular","apr",100,-1,"no"
41,"divorced","secondary","no","no","cellular","feb",92,-1,"no"
36,"single","tertiary","no","no","cellular","feb",629,-1,"yes"
40,"single","secondary","yes","no","unknown","may",179,-1,"no"
35,"single","tertiary","no","no","cellular","sep",497,-1,"yes"
56,"married","secondary","yes","no","unknown","may",416,-1,"no"
54,"married","primary","no","yes","telephone","jul",346,-1,"no"
41,"married","primary","yes","yes","unknown","jun",157,-1,"no"
72,"married","secondary","no","no","telephone","sep",456,-1,"no"
41,"married","secondary","yes","no","cellular","apr",234,-1,"no"
32,"divorced","secondary","no","yes","cellular","jul",1373,-1,"yes"
32,"married","primary","yes","no","cellular","may",324,-1,"no"
30,"single","tertiary","yes","no","unknown","may",375,-1,"no"
46,"married","secondary","no","no","cellular","nov",1855,-1,"yes"
41,"married","tertiary","yes","yes","unknown","may",159,-1,"no"
40,"married","tertiary","no","no","cellular","aug",208,-1,"no"
42,"married","tertiary","no","no","cellular","aug",121,-1,"no"
38,"married","secondary","yes","no","unknown","may",97,-1,"no"
39,"single","secondary","no","no","unknown","jun",133,-1,"no"
47,"married","tertiary","no","no","cellular","aug",17,-1,"no"
56,"married","tertiary","yes","no","telephone","may",186,-1,"no"
26,"single","secondary","yes","no","unknown","may",170,-1,"no"
37,"single","tertiary","no","no","unknown","jun",1123,-1,"yes"
33,"single","secondary","yes","no","cellular","apr",508,-1,"no"
51,"married","secondary","yes","no","unknown","may",927,-1,"yes"
48,"married","primary","yes","no","unknown","jun",11,-1,"no"
26,"single","secondary","no","no","cellular","may",776,97,"yes"
28,"married","secondary","no","yes","cellular","jul",183,-1,"no"
37,"married","secondary","no","no","unknown","jun",45,-1,"no"
36,"married","tertiary","yes","no","unknown","may",280,-1,"no"
48,"single","tertiary","no","no","cellular","aug",23,-1,"no"
59,"married","secondary","yes","yes","unknown","jun",290,-1,"no"
57,"married","secondary","no","no","cellular","nov",39,-1,"no"
52,"married","secondary","no","no","cellular","aug",94,-1,"no"
33,"single","tertiary","no","no","cellular","aug",53,-1,"no"
47,"divorced","secondary","no","no","cellular","jul",134,-1,"no"
34,"single","primary","yes","yes","cellular","nov",207,-1,"no"
61,"married","secondary","yes","no","unknown","may",88,-1,"no"
36,"married","secondary","yes","no","cellular","feb",62,-1,"no"
46,"married","secondary","yes","no","telephone","apr",48,-1,"no"
32,"married","secondary","yes","yes","unknown","may",143,-1,"no"
33,"single","secondary","yes","no","cellular","nov",273,182,"no"
30,"single","secondary","yes","no","cellular","nov",85,-1,"no"
35,"married","tertiary","yes","no","unknown","jun",230,-1,"yes"
38,"married","secondary","yes","yes","unknown","jun",174,-1,"no"
34,"married","secondary","yes","no","unknown","may",120,-1,"no"
52,"married","tertiary","yes","yes","cellular","may",541,343,"no"
39,"married","secondary","yes","no","unknown","may",151,-1,"no"
29,"divorced","secondary","yes","no","cellular","may",1279,-1,"yes"
27,"married","primary","yes","no","cellular","jul",435,-1,"no"
37,"married","tertiary","yes","no","cellular","jul",193,-1,"no"
42,"divorced","unknown","yes","no","cellular","jul",129,-1,"no"
32,"married","secondary","yes","no","cellular","apr",518,261,"no"
52,"married","secondary","no","no","cellular","aug",265,-1,"no"
31,"married","tertiary","yes","yes","cellular","jul",1441,-1,"yes"
33,"single","tertiary","no","no","cellular","aug",247,-1,"no"
35,"married","secondary","no","no","unknown","jun",8,-1,"no"
33,"married","tertiary","no","no","cellular","aug",34,-1,"no"
49,"married","secondary","yes","no","cellular","jul",179,-1,"no"
38,"married","tertiary","no","no","cellular","jul",98,-1,"no"
48,"married","secondary","no","yes","cellular","feb",47,222,"no"
63,"married","secondary","no","no","cellular","apr",61,-1,"no"
32,"divorced","secondary","yes","yes","cellular","jul",808,-1,"no"
33,"married","secondary","yes","no","unknown","may",190,-1,"no"
35,"married","secondary","no","no","unknown","may",143,-1,"no"
58,"married","primary","no","no","cellular","aug",168,-1,"no"
31,"married","primary","yes","no","cellular","may",256,-1,"no"
38,"married","secondary","yes","no","unknown","may",264,-1,"no"
50,"married","tertiary","yes","no","unknown","may",57,-1,"no"
33,"single","tertiary","no","no","unknown","jun",213,-1,"no"
49,"married","primary","yes","no","unknown","jun",84,-1,"no"
38,"single","tertiary","no","no","telephone","jul",70,-1,"no"
48,"married","primary","yes","no","unknown","may",263,-1,"no"
32,"married","secondary","yes","no","cellular","nov",340,-1,"no"
27,"single","secondary","yes","no","cellular","may",294,-1,"no"
59,"married","primary","no","no","cellular","feb",462,-1,"no"
59,"married","tertiary","yes","yes","cellular","may",685,366,"yes"
29,"single","tertiary","yes","no","telephone","may",34,-1,"no"
42,"married","secondary","yes","no","cellular","may",395,361,"no"
49,"married","tertiary","no","yes","cellular","jul",196,-1,"no"
29,"married","secondary","yes","no","cellular","may",345,310,"no"
51,"married","secondary","yes","no","unknown","may",172,-1,"no"
47,"married","secondary","yes","no","cellular","may",197,363,"no"
51,"married","secondary","no","yes","cellular","jul",51,-1,"no"
41,"married","primary","yes","no","cellular","may",201,-1,"no"
29,"single","tertiary","no","no","cellular","jul",178,181,"yes"
44,"single","tertiary","no","no","cellular","may",222,-1,"no"
56,"married","secondary","no","yes","telephone","aug",220,-1,"no"
29,"single","unknown","no","no","cellular","jan",330,-1,"no"
46,"married","secondary","yes","no","cellular","jan",246,226,"no"
35,"divorced","primary","yes","no","cellular","may",25,-1,"no"
32,"single","tertiary","yes","no","cellular","may",414,35,"yes"
58,"married","secondary","yes","no","cellular","jul",53,-1,"no"
35,"divorced","secondary","yes","no","cellular","apr",46,-1,"no"
30,"married","secondary","yes","no","unknown","may",281,-1,"no"
41,"married","secondary","no","no","cellular","aug",411,-1,"yes"
54,"divorced","tertiary","yes","no","telephone","may",413,-1,"no"
39,"married","tertiary","no","no","unknown","jun",32,-1,"no"
46,"married","tertiary","yes","yes","cellular","may",33,176,"no"
49,"married","tertiary","yes","no","cellular","jul",68,-1,"no"
47,"divorced","secondary","yes","yes","cellular","apr",279,148,"no"
59,"married","secondary","no","no","cellular","jul",607,-1,"no"
48,"married","secondary","yes","yes","cellular","nov",110,-1,"no"
23,"single","tertiary","no","no","cellular","sep",393,183,"yes"
24,"single","secondary","yes","no","cellular","may",956,-1,"yes"
56,"divorced","primary","yes","yes","cellular","may",728,-1,"yes"
30,"single","secondary","yes","no","cellular","may",73,297,"no"
33,"married","secondary","yes","no","cellular","nov",184,-1,"no"
37,"single","secondary","no","no","unknown","jun",8,-1,"no"
54,"divorced","tertiary","yes","no","telephone","may",17,-1,"no"
36,"married","secondary","no","no","cellular","jul",843,-1,"yes"
30,"married","secondary","yes","no","unknown","may",306,-1,"no"
52,"married","tertiary","yes","no","cellular","may",312,-1,"no"
42,"married","tertiary","yes","yes","unknown","jun",66,-1,"no"
28,"single","primary","yes","no","cellular","may",953,-1,"no"
35,"married","tertiary","no","no","cellular","aug",301,-1,"no"
46,"married","primary","no","no","unknown","jun",110,-1,"no"
41,"married","tertiary","yes","no","cellular","may",154,-1,"no"
39,"married","secondary","yes","no","cellular","may",502,7,"no"
47,"married","primary","no","no","cellular","aug",88,-1,"no"
32,"married","tertiary","no","no","cellular","aug",127,-1,"no"
47,"divorced","tertiary","yes","no","cellular","jul",9,-1,"no"
32,"married","primary","yes","no","cellular","jul",1151,-1,"no"
31,"married","secondary","yes","no","cellular","apr",218,149,"no"
54,"married","secondary","yes","no","unknown","jun",40,-1,"no"
43,"married","unknown","no","no","cellular","apr",109,339,"no"
29,"married","primary","yes","no","cellular","jul",35,-1,"no"
27,"single","tertiary","no","no","cellular","mar",1081,-1,"yes"
47,"married","tertiary","no","no","unknown","jun",282,-1,"no"
61,"married","tertiary","no","no","cellular","apr",190,-1,"yes"
32,"married","tertiary","no","no","cellular","aug",144,-1,"no"
43,"married","primary","yes","no","unknown","may",16,-1,"no"
56,"married","secondary","no","no","unknown","jun",123,-1,"no"
34,"married","secondary","yes","yes","cellular","feb",494,198,"no"
60,"divorced","secondary","no","no","cellular","jul",91,-1,"no"
58,"single","secondary","no","no","cellular","dec",1139,114,"no"
35,"married","tertiary","yes","no","cellular","nov",197,30,"no"
39,"divorced","tertiary","yes","yes","cellular","nov",186,-1,"no"
44,"divorced","tertiary","yes","no","cellular","feb",347,-1,"no"
32,"single","secondary","yes","no","unknown","may",215,-1,"no"
49,"married","secondary","yes","no","unknown","may",213,-1,"no"
51,"married","tertiary","no","no","cellular","aug",105,-1,"no"
41,"married","secondary","yes","no","cellular","nov",41,123,"no"
30,"married","secondary","yes","no","unknown","may",117,-1,"no"
36,"single","secondary","yes","no","unknown","may",300,-1,"no"
29,"single","tertiary","yes","no","cellular","may",261,-1,"no"
28,"single","tertiary","no","no","cellular","mar",191,-1,"yes"
35,"married","tertiary","yes","yes","cellular","oct",727,182,"no"
45,"married","secondary","yes","yes","cellular","may",553,288,"yes"
34,"married","secondary","yes","no","unknown","may",63,-1,"no"
39,"single","secondary","yes","no","unknown","may",38,-1,"no"
54,"married","tertiary","no","no","unknown","jun",116,-1,"no"
63,"married","tertiary","no","no","cellular","aug",258,-1,"no"
32,"single","secondary","yes","no","cellular","jan",432,182,"no"
34,"married","tertiary","yes","yes","unknown","may",125,-1,"no"
35,"married","tertiary","no","no","cellular","mar",277,-1,"no"
34,"single","tertiary","yes","no","cellular","may",26,-1,"no"
29,"single","secondary","no","no","cellular","jan",350,-1,"no"
34,"divorced","secondary","yes","no","cellular","jul",395,-1,"no"
51,"single","secondary","no","no","unknown","may",402,-1,"no"
30,"married","primary","yes","yes","cellular","nov",405,139,"no"
32,"married","secondary","no","no","cellular","aug",80,-1,"no"
37,"married","secondary","yes","yes","cellular","jul",187,-1,"no"
58,"married","primary","no","no","unknown","jun",183,-1,"no"
44,"married","secondary","no","yes","unknown","jun",911,-1,"yes"
28,"single","secondary","yes","no","cellular","may",22,-1,"no"
40,"single","secondary","no","no","cellular","nov",998,-1,"yes"
43,"divorced","secondary","yes","no","unknown","may",552,-1,"yes"
26,"single","secondary","no","no","cellular","feb",406,-1,"no"
34,"married","tertiary","no","no","cellular","feb",301,-1,"yes"
54,"divorced","secondary","yes","no","unknown","may",197,-1,"no"
56,"married","tertiary","yes","no","cellular","nov",543,-1,"yes"
47,"married","primary","yes","no","unknown","may",207,-1,"no"
42,"single","unknown","no","no","cellular","apr",328,-1,"yes"
58,"married","unknown","no","no","cellular","jul",891,-1,"yes"
40,"married","secondary","yes","no","unknown","may",306,-1,"no"
28,"married","secondary","yes","no","unknown","may",206,-1,"no"
30,"married","tertiary","no","no","cellular","aug",202,83,"no"
29,"married","secondary","yes","no","unknown","jun",402,-1,"no"
50,"divorced","tertiary","no","no","cellular","aug",132,-1,"no"
57,"married","primary","no","no","cellular","aug",117,-1,"no"
54,"divorced","tertiary","no","yes","cellular","jul",136,-1,"no"
55,"married","secondary","no","no","cellular","nov",87,-1,"no"
48,"single","secondary","yes","no","cellular","jul",544,-1,"no"
60,"married","secondary","no","no","telephone","aug",676,181,"yes"
60,"married","tertiary","no","no","cellular","aug",624,-1,"yes"
47,"single","secondary","yes","no","unknown","may",303,-1,"no"
93,"married","unknown","no","no","cellular","aug",476,13,"yes"
46,"divorced","tertiary","no","no","cellular","aug",491,-1,"no"
49,"married","secondary","no","no","cellular","aug",70,-1,"no"
30,"single","tertiary","yes","no","cellular","may",119,-1,"no"
35,"divorced","primary","no","no","unknown","may",422,-1,"no"
33,"married","secondary","yes","no","cellular","jul",163,-1,"no"
36,"married","secondary","yes","no","cellular","apr",194,-1,"no"
49,"married","primary","yes","no","unknown","may",267,-1,"no"
34,"married","tertiary","yes","no","unknown","may",650,-1,"no"
44,"single","primary","no","no","unknown","jun",227,-1,"no"
51,"married","secondary","yes","no","unknown","may",228,-1,"no"
54,"divorced","primary","yes","no","cellular","apr",317,-1,"no"
48,"married","secondary","no","no","telephone","feb",102,-1,"no"
33,"single","secondary","yes","no","cellular","feb",61,275,"no"
45,"married","secondary","yes","no","cellular","may",96,360,"no"
45,"married","tertiary","no","no","cellular","jan",90,172,"no"
44,"divorced","secondary","yes","no","unknown","may",788,-1,"yes"
28,"single","secondary","yes","no","unknown","may",195,-1,"no"
52,"divorced","secondary","no","yes","unknown","nov",248,-1,"no"
32,"married","secondary","yes","no","cellular","nov",289,-1,"no"
37,"married","secondary","no","no","cellular","jan",389,181,"no"
41,"married","secondary","yes","no","unknown","may",249,-1,"no"
36,"married","primary","yes","no","cellular","may",108,367,"no"
36,"single","tertiary","no","no","cellular","aug",106,-1,"no"
32,"married","tertiary","no","no","cellular","aug",159,-1,"no"
46,"married","secondary","yes","no","unknown","may",142,-1,"no"
24,"single","primary","yes","no","cellular","may",520,345,"no"
34,"single","secondary","yes","no","unknown","may",102,-1,"no"
37,"married","secondary","yes","no","cellular","may",298,10,"yes"
49,"single","tertiary","no","no","telephone","jun",293,211,"yes"
49,"divorced","tertiary","yes","no","cellular","jan",145,223,"no"
29,"single","tertiary","no","no","cellular","may",270,-1,"yes"
45,"married","primary","no","no","unknown","jun",253,-1,"no"
46,"divorced","secondary","yes","no","cellular","nov",178,183,"no"
47,"married","secondary","no","yes","cellular","jul",325,-1,"no"
50,"married","tertiary","yes","no","cellular","may",200,259,"no"
29,"married","tertiary","yes","no","cellular","may",430,-1,"no"
34,"married","tertiary","no","no","cellular","aug",108,-1,"no"
36,"married","secondary","yes","no","cellular","nov",993,-1,"yes"
44,"married","secondary","no","no","cellular","jul",56,-1,"no"
31,"single","secondary","no","no","cellular","may",95,-1,"no"
56,"single","primary","yes","no","unknown","may",95,-1,"no"
31,"single","secondary","yes","no","cellular","nov",174,180,"no"
56,"married","primary","no","no","cellular","apr",441,-1,"no"
20,"single","secondary","no","no","cellular","aug",101,-1,"no"
34,"married","tertiary","no","no","cellular","aug",331,-1,"no"
40,"married","tertiary","no","no","unknown","jun",197,-1,"no"
34,"married","tertiary","yes","no","cellular","aug",12,-1,"no"
49,"married","primary","yes","no","unknown","may",25,-1,"no"
43,"married","primary","yes","no","cellular","apr",792,-1,"no"
26,"single","secondary","yes","no","cellular","may",80,329,"no"
51,"divorced","primary","yes","no","unknown","may",24,-1,"no"
50,"married","secondary","no","no","cellular","aug",71,-1,"no"
37,"married","primary","yes","yes","unknown","may",170,-1,"no"
50,"married","secondary","no","no","cellular","aug",168,-1,"no"
29,"single","unknown","no","no","cellular","jan",726,-1,"yes"
41,"married","secondary","yes","no","cellular","nov",397,173,"no"
44,"married","secondary","yes","no","cellular","jul",74,-1,"no"
35,"divorced","secondary","yes","no","unknown","jun",908,-1,"yes"
58,"married","secondary","yes","no","cellular","aug",221,99,"yes"
36,"single","tertiary","yes","no","unknown","may",155,-1,"no"
47,"married","tertiary","no","no","unknown","jun",39,-1,"no"
34,"married","secondary","yes","no","unknown","may",143,-1,"no"
44,"married","tertiary","no","no","cellular","aug",312,-1,"no"
47,"married","secondary","yes","no","cellular","may",261,369,"no"
48,"married","secondary","no","no","cellular","aug",597,-1,"no"
29,"single","tertiary","yes","no","unknown","may",539,-1,"yes"
51,"single","secondary","yes","yes","unknown","may",67,-1,"no"
38,"married","secondary","no","no","cellular","jun",167,298,"no"
51,"divorced","secondary","no","no","cellular","jul",71,-1,"no"
50,"married","tertiary","no","no","unknown","jun",174,-1,"no"
54,"married","primary","yes","no","unknown","may",103,-1,"no"
38,"divorced","secondary","no","no","unknown","jun",430,-1,"no"
28,"single","tertiary","yes","no","telephone","aug",157,119,"yes"
29,"single","secondary","no","no","telephone","aug",151,106,"no"
36,"married","tertiary","yes","no","cellular","may",75,-1,"no"
50,"married","primary","yes","no","unknown","may",210,-1,"no"
46,"married","primary","yes","no","cellular","may",304,-1,"no"
33,"single","tertiary","no","no","cellular","aug",76,-1,"no"
57,"divorced","tertiary","no","no","telephone","nov",76,-1,"no"
36,"single","secondary","yes","no","telephone","may",52,-1,"no"
35,"married","secondary","yes","yes","cellular","may",161,-1,"no"
34,"divorced","secondary","yes","no","cellular","may",153,-1,"no"
41,"married","unknown","yes","no","cellular","feb",604,204,"no"
37,"married","tertiary","yes","no","cellular","may",149,13,"no"
44,"married","secondary","no","no","cellular","feb",45,-1,"no"
32,"married","secondary","no","no","cellular","feb",166,-1,"no"
42,"married","secondary","no","no","cellular","aug",111,1,"no"
50,"divorced","secondary","yes","no","cellular","apr",413,-1,"no"
34,"married","tertiary","yes","no","cellular","apr",117,-1,"no"
75,"divorced","primary","no","no","cellular","sep",228,185,"no"
41,"single","secondary","no","yes","unknown","jun",583,-1,"yes"
42,"divorced","primary","yes","no","unknown","may",126,-1,"no"
43,"married","tertiary","yes","no","cellular","may",167,-1,"no"
47,"divorced","tertiary","no","yes","unknown","may",126,-1,"no"
38,"divorced","primary","yes","no","cellular","apr",355,151,"no"
51,"single","primary","no","no","cellular","jan",51,-1,"no"
38,"single","unknown","no","no","unknown","jun",21,-1,"no"
36,"single","unknown","no","yes","cellular","feb",163,-1,"no"
31,"single","tertiary","yes","no","cellular","nov",89,-1,"no"
37,"married","secondary","no","no","cellular","aug",499,-1,"no"
31,"single","secondary","no","no","cellular","aug",115,-1,"no"
45,"married","secondary","yes","no","unknown","may",139,-1,"no"
33,"single","tertiary","no","no","cellular","aug",13,-1,"no"
27,"single","secondary","no","no","telephone","may",15,366,"no"
26,"married","primary","yes","no","cellular","jul",246,-1,"no"
44,"married","secondary","yes","no","cellular","apr",383,-1,"no"
29,"single","secondary","yes","no","cellular","may",453,-1,"no"
26,"single","tertiary","no","yes","cellular","mar",159,-1,"no"
34,"single","secondary","no","no","cellular","oct",197,-1,"no"
49,"divorced","tertiary","yes","no","unknown","jun",310,-1,"no"
36,"married","secondary","yes","no","cellular","may",185,-1,"no"
24,"married","secondary","yes","yes","unknown","may",187,-1,"no"
59,"married","secondary","yes","no","telephone","may",48,-1,"no"
54,"married","primary","yes","yes","cellular","aug",48,-1,"no"
33,"married","secondary","yes","no","unknown","may",211,-1,"no"
31,"single","secondary","no","no","cellular","feb",129,-1,"no"
60,"married","primary","yes","no","cellular","apr",68,343,"no"
47,"married","secondary","yes","no","cellular","may",309,306,"yes"
50,"married","tertiary","yes","no","cellular","may",47,-1,"no"
48,"married","tertiary","no","no","telephone","nov",248,-1,"yes"
42,"single","unknown","no","no","cellular","jul",305,-1,"no"
49,"married","tertiary","no","no","cellular","nov",106,155,"no"
29,"married","tertiary","yes","yes","unknown","may",1088,-1,"no"
31,"married","tertiary","yes","yes","cellular","jul",664,-1,"yes"
41,"married","secondary","yes","no","cellular","feb",182,-1,"no"
35,"single","secondary","yes","no","unknown","may",140,-1,"no"
44,"married","secondary","no","no","cellular","nov",363,-1,"no"
44,"divorced","secondary","yes","no","cellular","jul",1669,-1,"yes"
49,"married","tertiary","no","no","unknown","jun",63,-1,"no"
57,"married","secondary","no","no","unknown","jun",97,-1,"no"
58,"married","secondary","yes","no","cellular","nov",161,-1,"no"
49,"single","secondary","yes","no","unknown","may",1257,-1,"yes"
53,"divorced","tertiary","no","no","cellular","jan",201,-1,"no"
34,"married","primary","yes","no","cellular","apr",423,-1,"no"
34,"married","tertiary","no","no","cellular","aug",235,-1,"no"
34,"married","primary","yes","no","unknown","may",167,-1,"no"
40,"divorced","secondary","no","no","cellular","feb",123,-1,"no"
44,"married","secondary","yes","no","unknown","may",281,-1,"no"
59,"married","secondary","yes","yes","cellular","jul",416,-1,"yes"
38,"single","secondary","yes","no","cellular","apr",249,-1,"no"
33,"married","tertiary","yes","no","cellular","jul",191,-1,"no"
38,"married","secondary","no","yes","cellular","jul",114,-1,"no"
38,"married","tertiary","no","no","cellular","aug",183,-1,"no"
53,"married","secondary","no","no","cellular","aug",70,-1,"no"
57,"married","tertiary","no","no","cellular","aug",162,-1,"no"
32,"single","secondary","yes","yes","cellular","may",76,-1,"no"
37,"married","secondary","yes","yes","cellular","jul",543,-1,"yes"
33,"divorced","secondary","yes","yes","unknown","may",94,-1,"no"
45,"married","secondary","yes","no","cellular","jul",98,-1,"no"
38,"single","tertiary","yes","no","cellular","feb",201,182,"no"
50,"married","primary","no","no","cellular","nov",189,-1,"no"
40,"married","secondary","yes","no","cellular","jul",217,-1,"no"
55,"married","secondary","no","no","cellular","aug",236,-1,"no"
32,"single","tertiary","no","no","cellular","aug",116,-1,"no"
52,"married","secondary","no","yes","cellular","jul",460,-1,"no"
52,"married","secondary","no","no","telephone","jul",38,-1,"no"
33,"married","tertiary","yes","yes","cellular","aug",70,-1,"no"
40,"married","secondary","yes","no","unknown","jun",1082,-1,"no"
32,"married","secondary","yes","no","unknown","may",466,-1,"no"
32,"married","secondary","yes","no","unknown","may",198,-1,"no"
24,"single","secondary","no","no","cellular","nov",256,92,"yes"
31,"single","secondary","no","yes","cellular","feb",521,-1,"no"
33,"single","secondary","no","no","cellular","aug",208,-1,"no"
38,"married","secondary","yes","no","telephone","apr",193,314,"no"
30,"single","secondary","yes","no","unknown","may",241,-1,"no"
40,"married","secondary","yes","yes","unknown","jun",268,-1,"no"
50,"married","secondary","yes","yes","unknown","jun",626,-1,"no"
35,"married","tertiary","no","no","cellular","mar",69,-1,"no"
48,"married","secondary","yes","no","cellular","aug",162,-1,"no"
25,"single","secondary","no","yes","telephone","jul",17,-1,"no"
59,"married","primary","no","yes","cellular","aug",62,-1,"no"
53,"married","primary","yes","no","cellular","nov",854,170,"no"
36,"married","primary","yes","no","cellular","apr",238,326,"no"
44,"married","secondary","no","no","unknown","jun",25,-1,"no"
41,"married","tertiary","yes","no","cellular","may",788,-1,"yes"
51,"married","unknown","yes","no","cellular","jul",162,-1,"no"
31,"married","tertiary","no","no","cellular","aug",110,-1,"no"
27,"single","secondary","yes","yes","cellular","jul",125,-1,"no"
32,"married","tertiary","no","no","cellular","aug",851,-1,"no"
56,"married","tertiary","no","yes","cellular","aug",86,-1,"no"
32,"married","tertiary","yes","no","cellular","feb",182,-1,"no"
30,"single","secondary","yes","no","unknown","may",87,-1,"no"
38,"single","tertiary","yes","no","unknown","may",185,-1,"no"
32,"single","secondary","yes","no","unknown","may",144,-1,"no"
32,"married","secondary","yes","no","unknown","may",27,-1,"no"
34,"single","secondary","no","yes","cellular","nov",104,-1,"no"
27,"single","secondary","no","no","cellular","oct",261,-1,"no"
58,"married","secondary","no","yes","telephone","jul",109,-1,"no"
52,"married","secondary","yes","no","cellular","feb",198,-1,"no"
27,"single","tertiary","yes","no","unknown","may",72,-1,"no"
41,"married","secondary","no","no","cellular","aug",140,-1,"no"
34,"single","tertiary","no","no","cellular","aug",505,-1,"yes"
31,"married","primary","yes","no","unknown","may",287,-1,"no"
48,"married","secondary","yes","yes","cellular","jul",304,-1,"no"
36,"married","secondary","yes","no","unknown","jun",394,-1,"yes"
43,"divorced","secondary","no","no","cellular","aug",119,95,"no"
36,"married","tertiary","yes","yes","cellular","jul",119,-1,"no"
31,"single","tertiary","no","no","cellular","oct",180,96,"no"
58,"married","secondary","yes","no","unknown","jun",111,-1,"no"
26,"single","secondary","no","yes","cellular","jul",304,-1,"no"
42,"married","secondary","yes","yes","cellular","jul",42,-1,"no"
32,"single","tertiary","yes","no","cellular","apr",259,145,"no"
35,"single","secondary","yes","no","cellular","may",7,-1,"no"
45,"married","unknown","yes","no","unknown","may",377,-1,"no"
28,"single","secondary","no","yes","cellular","jul",165,-1,"no"
35,"married","secondary","yes","yes","cellular","jul",147,-1,"no"
33,"divorced","secondary","yes","no","cellular","nov",411,173,"no"
58,"married","secondary","no","yes","cellular","nov",112,-1,"no"
39,"married","tertiary","no","no","cellular","aug",93,-1,"no"
35,"single","tertiary","yes","no","cellular","nov",112,-1,"no"
35,"married","primary","yes","no","telephone","feb",508,-1,"no"
38,"married","secondary","no","no","cellular","aug",259,-1,"no"
45,"married","primary","yes","no","telephone","may",119,371,"no"
29,"married","secondary","yes","no","unknown","may",233,-1,"no"
35,"married","secondary","yes","no","unknown","jul",7,-1,"no"
38,"single","tertiary","yes","no","cellular","nov",370,184,"no"
41,"married","secondary","yes","yes","unknown","may",374,-1,"no"
43,"single","tertiary","yes","no","cellular","jul",70,-1,"no"
38,"married","secondary","yes","no","unknown","may",248,-1,"no"
48,"single","secondary","no","yes","cellular","jul",313,-1,"no"
60,"single","secondary","no","no","cellular","jul",205,-1,"no"
52,"married","primary","yes","no","unknown","may",298,-1,"no"
31,"single","secondary","no","no","cellular","feb",50,-1,"no"
26,"single","secondary","yes","no","unknown","jun",297,-1,"no"
60,"married","secondary","no","no","cellular","jul",396,386,"yes"
43,"married","tertiary","no","no","unknown","jun",38,-1,"no"
59,"married","unknown","no","no","cellular","aug",146,-1,"no"
30,"divorced","secondary","yes","no","unknown","may",96,-1,"no"
38,"married","primary","yes","no","unknown","jun",324,-1,"no"
36,"married","secondary","yes","no","unknown","may",59,-1,"no"
48,"married","secondary","yes","no","unknown","may",697,-1,"no"
46,"single","secondary","yes","no","telephone","may",22,-1,"no"
28,"single","secondary","yes","no","unknown","may",411,-1,"no"
42,"married","secondary","yes","no","unknown","may",138,-1,"no"
39,"married","tertiary","no","no","unknown","jun",32,-1,"no"
47,"married","secondary","yes","no","cellular","feb",276,269,"no"
32,"married","secondary","yes","yes","cellular","jul",189,-1,"no"
46,"divorced","secondary","yes","no","unknown","may",192,-1,"no"
70,"married","tertiary","no","no","cellular","apr",172,186,"no"
46,"married","secondary","no","no","telephone","jun",218,-1,"no"
39,"divorced","tertiary","yes","no","cellular","jul",1083,-1,"no"
28,"single","tertiary","yes","no","cellular","feb",336,-1,"no"
36,"married","primary","yes","no","cellular","apr",223,-1,"no"
41,"married","secondary","no","no","cellular","jul",847,-1,"no"
30,"married","tertiary","no","no","cellular","aug",95,-1,"no"
29,"single","secondary","yes","no","cellular","may",754,-1,"yes"
37,"single","secondary","no","no","unknown","may",574,-1,"no"
31,"single","secondary","no","no","cellular","aug",138,-1,"no"
33,"married","secondary","no","no","cellular","aug",238,265,"no"
52,"single","primary","no","no","unknown","jun",212,-1,"no"
56,"divorced","primary","yes","no","cellular","may",132,-1,"no"
59,"divorced","secondary","yes","yes","unknown","may",171,-1,"no"
45,"married","secondary","yes","no","cellular","may",444,-1,"no"
33,"single","secondary","no","no","cellular","aug",66,-1,"no"
36,"married","primary","no","no","unknown","jun",149,-1,"no"
38,"divorced","tertiary","no","no","cellular","aug",323,-1,"no"
23,"single","secondary","yes","no","cellular","may",158,318,"no"
30,"married","secondary","no","no","cellular","aug",101,-1,"no"
60,"married","primary","no","no","cellular","may",160,83,"no"
34,"married","secondary","yes","no","unknown","may",266,-1,"no"
53,"married","primary","yes","no","unknown","may",267,-1,"no"
42,"married","secondary","no","no","cellular","aug",119,-1,"no"
42,"married","tertiary","no","no","cellular","nov",158,-1,"no"
30,"single","tertiary","no","no","cellular","oct",463,95,"yes"
43,"divorced","tertiary","yes","no","unknown","may",2087,-1,"yes"
32,"married","secondary","yes","no","cellular","may",321,-1,"no"
62,"married","tertiary","no","no","cellular","feb",181,-1,"no"
31,"married","secondary","yes","yes","cellular","apr",1091,-1,"yes"
45,"married","tertiary","no","no","cellular","jun",160,-1,"no"
53,"married","unknown","no","no","cellular","aug",160,-1,"no"
58,"married","tertiary","yes","no","cellular","jun",1361,391,"no"
44,"divorced","secondary","yes","no","unknown","may",89,-1,"no"
54,"divorced","primary","no","no","unknown","jun",58,-1,"no"
57,"married","tertiary","no","no","cellular","feb",633,-1,"no"
43,"divorced","secondary","no","no","telephone","jul",296,-1,"no"
55,"divorced","secondary","yes","no","cellular","aug",174,-1,"no"
52,"married","secondary","no","yes","cellular","jul",1029,-1,"no"
58,"married","unknown","yes","no","cellular","may",57,366,"no"
38,"single","tertiary","yes","no","unknown","jun",1422,-1,"yes"
40,"married","secondary","yes","no","cellular","apr",642,304,"no"
28,"married","primary","no","no","unknown","may",40,-1,"no"
52,"married","unknown","yes","no","cellular","jul",101,-1,"no"
40,"divorced","secondary","yes","no","unknown","jun",424,-1,"no"
30,"married","tertiary","no","no","cellular","aug",605,-1,"no"
57,"married","secondary","no","no","cellular","aug",197,-1,"no"
53,"married","secondary","no","yes","cellular","nov",113,132,"no"
31,"single","secondary","no","no","cellular","aug",744,88,"yes"
39,"divorced","tertiary","no","no","unknown","may",815,-1,"no"
55,"divorced","secondary","no","no","cellular","may",275,219,"no"
52,"married","tertiary","yes","yes","cellular","nov",68,110,"no"
29,"single","secondary","yes","yes","cellular","jul",293,-1,"no"
32,"married","unknown","no","no","unknown","may",115,-1,"no"
31,"married","secondary","yes","no","unknown","may",101,-1,"no"
63,"married","unknown","no","no","cellular","feb",125,177,"no"
29,"married","secondary","yes","no","cellular","may",50,-1,"no"
20,"single","unknown","no","no","cellular","apr",98,-1,"no"
40,"single","secondary","no","no","cellular","jul",156,-1,"no"
40,"married","secondary","yes","no","unknown","may",192,-1,"no"
58,"married","secondary","yes","no","unknown","jun",47,-1,"no"
53,"married","primary","yes","yes","cellular","may",343,167,"no"
31,"married","secondary","no","no","unknown","may",380,-1,"no"
43,"married","secondary","no","no","cellular","jun",482,91,"yes"
53,"married","secondary","no","no","telephone","jul",34,-1,"no"
30,"single","secondary","yes","no","cellular","apr",218,330,"no"
28,"single","tertiary","no","no","cellular","oct",786,-1,"no"
33,"divorced","secondary","yes","no","cellular","may",124,-1,"no"
42,"married","secondary","yes","yes","cellular","may",120,-1,"no"
46,"single","tertiary","no","no","cellular","aug",218,-1,"no"
29,"married","tertiary","no","no","cellular","may",344,88,"yes"
32,"single","secondary","yes","yes","unknown","may",385,-1,"no"
36,"married","secondary","yes","no","unknown","may",128,-1,"no"
40,"single","secondary","yes","yes","cellular","apr",272,335,"no"
51,"married","primary","no","no","cellular","aug",228,-1,"no"
33,"single","secondary","yes","no","unknown","jun",32,-1,"no"
28,"single","secondary","yes","yes","cellular","may",390,-1,"yes"
40,"married","primary","yes","no","unknown","may",126,-1,"no"
40,"married","secondary","yes","no","cellular","jul",39,-1,"no"
29,"married","secondary","yes","yes","cellular","may",100,356,"no"
29,"single","tertiary","yes","no","unknown","jun",20,-1,"no"
57,"married","secondary","no","no","telephone","nov",90,-1,"no"
22,"single","tertiary","yes","no","cellular","may",98,89,"no"
60,"divorced","secondary","no","no","cellular","aug",318,-1,"yes"
60,"married","tertiary","no","no","cellular","feb",121,95,"no"
32,"single","secondary","no","yes","cellular","jul",387,-1,"no"
35,"married","secondary","yes","no","cellular","may",345,-1,"yes"
30,"single","primary","yes","no","cellular","feb",131,265,"no"
44,"married","secondary","yes","no","cellular","may",240,-1,"no"
30,"single","secondary","yes","no","cellular","may",267,354,"no"
28,"single","secondary","yes","yes","unknown","may",158,-1,"no"
38,"single","tertiary","yes","no","cellular","apr",479,-1,"no"
38,"single","secondary","yes","no","cellular","may",364,343,"no"
48,"married","secondary","yes","no","cellular","may",56,343,"no"
58,"married","secondary","yes","no","telephone","jul",246,-1,"no"
42,"married","tertiary","no","no","cellular","apr",102,-1,"no"
44,"married","secondary","yes","yes","unknown","may",437,-1,"no"
57,"married","secondary","no","no","cellular","feb",485,-1,"no"
48,"married","secondary","yes","no","cellular","feb",62,-1,"no"
39,"married","tertiary","no","no","unknown","jun",104,-1,"no"
39,"married","secondary","no","no","unknown","jun",95,-1,"no"
36,"married","tertiary","yes","no","cellular","nov",369,-1,"no"
59,"divorced","primary","no","no","cellular","feb",150,-1,"no"
43,"divorced","tertiary","no","yes","unknown","jun",344,-1,"no"
39,"single","secondary","yes","no","cellular","nov",162,-1,"no"
35,"single","tertiary","no","no","cellular","aug",86,-1,"no"
37,"single","secondary","yes","no","cellular","apr",121,315,"no"
38,"married","tertiary","yes","no","unknown","jun",221,-1,"no"
21,"single","secondary","no","no","cellular","aug",487,-1,"no"
48,"married","primary","no","no","cellular","aug",219,-1,"no"
77,"married","tertiary","no","no","cellular","aug",286,-1,"yes"
29,"married","secondary","yes","no","unknown","jun",562,-1,"yes"
34,"married","secondary","yes","no","cellular","jul",132,-1,"no"
54,"married","primary","yes","no","cellular","may",77,341,"no"
39,"married","primary","yes","no","unknown","jun",350,-1,"no"
35,"married","primary","yes","no","cellular","may",318,-1,"no"
45,"married","secondary","no","no","telephone","may",180,-1,"no"
58,"married","primary","no","no","cellular","aug",112,-1,"no"
26,"married","unknown","yes","no","cellular","apr",1018,-1,"no"
23,"single","secondary","yes","no","unknown","may",544,-1,"no"
44,"married","tertiary","no","no","cellular","aug",317,-1,"no"
53,"married","tertiary","yes","no","unknown","may",509,-1,"no"
38,"married","secondary","no","no","unknown","jun",115,-1,"no"
45,"married","tertiary","yes","no","cellular","apr",73,-1,"no"
52,"married","tertiary","no","no","cellular","aug",161,-1,"no"
41,"divorced","secondary","yes","no","cellular","may",123,365,"no"
32,"single","secondary","no","no","cellular","aug",210,-1,"no"
24,"single","secondary","no","no","unknown","jun",1075,-1,"no"
43,"single","primary","no","no","cellular","jul",35,-1,"no"
51,"married","primary","no","no","unknown","jun",86,-1,"no"
40,"married","primary","no","no","unknown","jun",14,-1,"no"
45,"married","tertiary","yes","no","cellular","nov",146,-1,"no"
54,"married","secondary","yes","yes","cellular","jul",69,-1,"no"
46,"divorced","secondary","yes","yes","cellular","may",195,-1,"no"
66,"married","secondary","no","no","cellular","aug",72,-1,"no"
52,"divorced","tertiary","no","no","cellular","jul",454,-1,"no"
57,"married","tertiary","no","no","cellular","aug",250,107,"no"
30,"married","tertiary","yes","no","cellular","nov",206,119,"no"
47,"married","secondary","yes","no","unknown","jun",89,-1,"no"
58,"married","secondary","no","no","cellular","aug",110,-1,"no"
26,"single","tertiary","yes","no","cellular","sep",137,-1,"yes"
46,"divorced","primary","yes","no","unknown","may",20,-1,"no"
41,"divorced","tertiary","no","no","telephone","feb",147,-1,"no"
54,"married","secondary","yes","no","unknown","jun",534,-1,"no"
58,"married","secondary","no","no","unknown","jun",443,-1,"no"
44,"divorced","tertiary","no","yes","cellular","nov",661,-1,"no"
36,"married","secondary","yes","no","unknown","may",178,-1,"no"
37,"single","unknown","no","no","cellular","sep",272,-1,"yes"
55,"married","tertiary","no","yes","cellular","jul",126,-1,"no"
40,"single","tertiary","yes","no","cellular","jul",449,-1,"no"
55,"married","unknown","no","no","unknown","may",677,-1,"no"
37,"married","primary","yes","no","unknown","may",217,-1,"no"
39,"married","secondary","yes","no","cellular","may",94,338,"no"
28,"single","tertiary","yes","no","cellular","aug",108,-1,"no"
39,"married","tertiary","yes","no","unknown","may",278,-1,"no"
38,"single","secondary","yes","yes","cellular","apr",71,345,"no"
37,"divorced","secondary","yes","no","unknown","may",507,-1,"no"
38,"married","secondary","yes","no","cellular","may",218,331,"no"
41,"divorced","tertiary","no","no","cellular","aug",229,-1,"no"
26,"single","tertiary","yes","no","cellular","may",445,371,"no"
42,"married","secondary","yes","no","unknown","may",55,-1,"no"
47,"married","secondary","yes","yes","unknown","may",136,-1,"no"
35,"married","secondary","no","no","cellular","jul",248,-1,"no"
33,"single","tertiary","yes","no","cellular","oct",209,427,"yes"
49,"divorced","tertiary","yes","no","unknown","may",169,-1,"no"
35,"married","primary","yes","no","cellular","jul",127,-1,"no"
32,"married","primary","no","no","unknown","may",881,-1,"no"
43,"married","secondary","yes","yes","cellular","jul",56,-1,"no"
55,"divorced","tertiary","yes","no","cellular","feb",115,-1,"no"
50,"divorced","primary","yes","no","cellular","may",67,-1,"no"
33,"married","tertiary","no","no","cellular","oct",649,-1,"yes"
40,"married","primary","yes","no","unknown","jun",20,-1,"no"
39,"married","secondary","no","no","cellular","aug",76,-1,"no"
29,"single","secondary","no","no","cellular","feb",214,-1,"no"
47,"divorced","tertiary","yes","no","cellular","jul",137,-1,"no"
33,"married","tertiary","no","no","cellular","may",119,-1,"no"
60,"married","secondary","no","no","telephone","jun",351,-1,"yes"
36,"divorced","tertiary","no","yes","cellular","jul",560,-1,"yes"
35,"married","tertiary","yes","no","cellular","aug",174,-1,"no"
22,"single","secondary","yes","no","unknown","may",59,-1,"no"
33,"married","secondary","yes","yes","cellular","may",771,173,"no"
39,"divorced","tertiary","no","yes","cellular","feb",265,-1,"no"
57,"divorced","unknown","no","no","cellular","dec",222,231,"yes"
57,"married","primary","yes","yes","cellular","may",108,371,"no"
43,"married","primary","yes","no","cellular","nov",25,-1,"no"
43,"married","secondary","no","no","unknown","jun",27,-1,"no"
34,"married","secondary","yes","no","cellular","apr",428,-1,"no"
44,"single","unknown","yes","no","cellular","jul",297,-1,"no"
52,"married","tertiary","yes","no","unknown","jun",124,-1,"no"
38,"married","secondary","yes","no","cellular","apr",187,332,"no"
31,"married","primary","yes","no","cellular","may",119,-1,"no"
38,"married","secondary","yes","no","unknown","jun",601,-1,"no"
42,"married","secondary","yes","no","cellular","may",261,344,"no"
29,"married","tertiary","no","no","cellular","feb",128,-1,"no"
31,"single","tertiary","no","no","cellular","feb",100,-1,"no"
54,"divorced","tertiary","yes","yes","telephone","nov",1034,-1,"yes"
59,"married","secondary","no","no","cellular","nov",243,174,"no"
43,"married","secondary","no","no","unknown","jun",216,-1,"no"
38,"single","secondary","no","no","cellular","jan",240,92,"no"
40,"married","tertiary","yes","no","telephone","may",95,-1,"no"
33,"single","tertiary","yes","no","unknown","may",237,-1,"no"
30,"single","secondary","yes","no","cellular","apr",90,151,"no"
31,"single","primary","no","no","cellular","jan",707,2,"yes"
25,"single","secondary","yes","no","telephone","may",170,-1,"no"
42,"married","secondary","yes","no","cellular","apr",179,-1,"no"
35,"married","tertiary","no","no","cellular","aug",885,-1,"no"
28,"single","primary","yes","no","cellular","may",533,371,"yes"
50,"single","tertiary","yes","no","cellular","jan",50,258,"no"
50,"married","primary","yes","no","cellular","aug",526,-1,"yes"
39,"divorced","secondary","yes","no","cellular","nov",141,-1,"no"
49,"married","tertiary","no","no","cellular","jul",258,-1,"no"
29,"single","secondary","yes","yes","cellular","may",51,345,"no"
37,"single","tertiary","no","no","cellular","nov",188,165,"no"
33,"married","primary","yes","yes","cellular","may",170,-1,"no"
25,"divorced","tertiary","yes","no","cellular","may",273,-1,"no"
29,"married","primary","yes","no","unknown","jun",187,-1,"no"
38,"married","unknown","no","no","cellular","jul",233,-1,"no"
40,"divorced","secondary","yes","no","unknown","may",121,-1,"no"
37,"married","secondary","no","no","cellular","jun",657,-1,"yes"
45,"married","tertiary","yes","no","cellular","feb",94,-1,"no"
38,"married","primary","yes","no","cellular","feb",43,-1,"no"
27,"single","secondary","no","no","telephone","apr",116,-1,"no"
47,"married","primary","no","no","unknown","jun",191,-1,"no"
39,"married","tertiary","yes","yes","unknown","may",102,-1,"no"
38,"married","secondary","no","yes","cellular","jul",93,-1,"no"
40,"married","primary","yes","no","cellular","apr",228,347,"no"
41,"single","tertiary","no","no","cellular","nov",1121,-1,"no"
36,"married","secondary","no","no","cellular","feb",297,-1,"no"
52,"married","tertiary","yes","no","telephone","may",46,287,"no"
31,"single","secondary","yes","no","cellular","may",270,366,"no"
38,"married","secondary","yes","yes","cellular","may",146,-1,"no"
38,"married","tertiary","yes","no","cellular","feb",89,209,"no"
53,"married","secondary","yes","no","cellular","may",273,-1,"no"
30,"single","tertiary","yes","no","unknown","jun",142,-1,"no"
44,"married","primary","yes","no","unknown","may",36,-1,"no"
41,"divorced","tertiary","no","no","cellular","feb",475,-1,"no"
31,"single","secondary","yes","no","cellular","may",82,-1,"no"
35,"married","secondary","yes","yes","unknown","may",60,-1,"no"
51,"married","secondary","no","yes","unknown","jun",721,-1,"yes"
33,"single","tertiary","yes","no","cellular","may",585,-1,"yes"
60,"married","secondary","no","no","telephone","aug",268,-1,"no"
33,"married","secondary","no","no","cellular","aug",80,-1,"no"
40,"married","tertiary","yes","no","cellular","jul",96,-1,"no"
26,"single","secondary","yes","no","cellular","may",57,-1,"no"
47,"married","secondary","yes","no","cellular","may",577,368,"no"
47,"married","secondary","no","no","cellular","aug",252,-1,"no"
29,"single","tertiary","no","no","cellular","oct",542,148,"yes"
33,"single","secondary","no","yes","cellular","aug",160,-1,"no"
46,"married","primary","yes","no","unknown","jun",92,-1,"no"
51,"married","primary","yes","no","telephone","jul",215,-1,"no"
28,"single","tertiary","yes","no","unknown","may",98,-1,"no"
41,"married","primary","yes","no","cellular","nov",290,165,"no"
46,"divorced","secondary","no","no","cellular","jul",638,-1,"no"
35,"married","tertiary","no","no","cellular","aug",222,182,"yes"
37,"married","secondary","yes","no","unknown","may",412,-1,"no"
32,"single","tertiary","no","no","unknown","may",757,-1,"yes"
54,"married","secondary","no","no","unknown","jun",207,-1,"no"
35,"married","tertiary","yes","no","cellular","jul",56,-1,"no"
35,"married","secondary","no","no","unknown","jun",209,-1,"no"
54,"married","secondary","no","no","cellular","mar",222,188,"yes"
35,"married","unknown","yes","no","cellular","apr",97,318,"no"
30,"married","tertiary","no","no","cellular","nov",364,175,"no"
51,"married","secondary","no","no","cellular","feb",149,-1,"no"
56,"divorced","secondary","yes","no","cellular","nov",682,-1,"no"
32,"married","secondary","no","no","cellular","jan",119,-1,"no"
33,"married","secondary","no","no","unknown","may",144,-1,"no"
33,"single","secondary","yes","no","cellular","aug",58,-1,"no"
52,"single","tertiary","yes","yes","unknown","may",132,-1,"no"
33,"single","tertiary","no","no","cellular","nov",201,-1,"no"
46,"married","primary","yes","yes","unknown","may",108,-1,"no"
43,"married","secondary","no","no","cellular","jul",231,-1,"no"
35,"married","secondary","yes","yes","unknown","may",208,-1,"no"
39,"married","secondary","no","no","unknown","jun",264,-1,"no"
45,"married","secondary","no","no","unknown","jun",13,-1,"no"
81,"married","primary","no","no","cellular","oct",131,-1,"yes"
32,"single","tertiary","yes","no","cellular","feb",172,92,"no"
35,"single","secondary","no","yes","cellular","jan",109,-1,"no"
49,"divorced","primary","no","no","cellular","jul",305,-1,"no"
41,"married","primary","yes","no","unknown","may",120,-1,"no"
32,"married","secondary","yes","yes","cellular","may",44,-1,"no"
24,"single","secondary","no","no","cellular","jul",314,156,"yes"
29,"single","tertiary","yes","no","cellular","jul",231,-1,"no"
32,"single","secondary","yes","yes","unknown","jul",99,-1,"no"
39,"single","tertiary","yes","no","cellular","jan",169,-1,"no"
48,"married","primary","no","no","cellular","sep",589,186,"no"
54,"married","secondary","no","no","unknown","may",151,-1,"no"
31,"single","tertiary","yes","no","unknown","may",58,-1,"no"
46,"divorced","secondary","yes","no","unknown","may",120,-1,"no"
45,"single","tertiary","no","no","cellular","jul",230,-1,"no"
46,"single","tertiary","yes","no","unknown","may",36,-1,"no"
31,"single","tertiary","no","no","cellular","feb",577,-1,"no"
54,"married","tertiary","no","no","cellular","aug",282,-1,"no"
39,"married","primary","yes","no","unknown","jun",88,-1,"no"
45,"single","secondary","yes","no","cellular","may",86,367,"no"
64,"married","unknown","no","no","telephone","sep",378,-1,"no"
39,"married","tertiary","yes","yes","cellular","aug",88,-1,"no"
60,"divorced","primary","no","yes","telephone","jul",58,-1,"no"
38,"married","secondary","no","no","unknown","jun",76,-1,"no"
56,"married","unknown","no","no","cellular","aug",900,-1,"no"
36,"single","primary","no","no","cellular","nov",341,-1,"no"
50,"married","primary","no","yes","cellular","nov",61,136,"no"
33,"married","primary","yes","no","cellular","may",246,-1,"no"
35,"single","tertiary","no","no","cellular","aug",256,-1,"no"
52,"married","secondary","yes","yes","cellular","jan",446,182,"no"
32,"married","secondary","yes","no","unknown","may",84,-1,"no"
60,"married","secondary","no","no","cellular","jan",139,171,"no"
34,"married","secondary","no","yes","unknown","jul",193,-1,"no"
35,"married","tertiary","yes","no","unknown","may",659,-1,"no"
33,"married","secondary","no","no","cellular","nov",109,10,"no"
25,"single","secondary","no","no","cellular","dec",262,-1,"no"
30,"single","secondary","no","no","telephone","nov",519,-1,"no"
38,"married","secondary","no","no","cellular","aug",195,197,"yes"
59,"married","primary","no","yes","cellular","jul",25,-1,"no"
31,"single","secondary","no","yes","cellular","jul",120,-1,"no"
36,"married","secondary","no","no","cellular","jan",424,-1,"no"
33,"married","tertiary","yes","no","unknown","sep",11,490,"no"
39,"married","tertiary","yes","no","cellular","jul",97,-1,"no"
36,"single","tertiary","no","no","cellular","may",211,90,"yes"
33,"single","primary","no","no","cellular","feb",382,-1,"no"
38,"married","secondary","yes","no","cellular","aug",71,-1,"no"
46,"married","tertiary","yes","no","cellular","nov",284,-1,"no"
28,"single","tertiary","no","no","cellular","sep",1042,200,"yes"
45,"married","secondary","yes","no","unknown","may",609,-1,"no"
46,"married","secondary","yes","yes","cellular","aug",122,-1,"no"
29,"single","secondary","yes","yes","cellular","may",228,-1,"no"
57,"married","secondary","no","no","cellular","jul",131,-1,"no"
36,"divorced","secondary","yes","no","unknown","may",129,-1,"no"
25,"single","secondary","yes","yes","unknown","jun",361,-1,"no"
36,"married","secondary","yes","no","unknown","may",206,-1,"no"
28,"single","secondary","no","no","cellular","feb",79,-1,"yes"
59,"divorced","secondary","no","yes","cellular","feb",14,-1,"no"
35,"married","secondary","no","yes","unknown","jun",107,-1,"no"
47,"divorced","tertiary","no","no","cellular","feb",291,-1,"no"
56,"married","primary","yes","no","cellular","may",1014,-1,"no"
38,"married","secondary","yes","no","telephone","jul",264,-1,"no"
41,"single","tertiary","yes","no","cellular","nov",150,-1,"no"
57,"divorced","secondary","yes","no","unknown","may",173,-1,"no"
33,"married","secondary","yes","no","unknown","may",410,-1,"no"
46,"married","secondary","yes","yes","unknown","may",345,-1,"no"
30,"single","secondary","no","yes","cellular","aug",43,-1,"no"
50,"married","tertiary","yes","no","cellular","aug",36,-1,"no"
24,"single","secondary","yes","no","cellular","may",85,358,"no"
31,"married","primary","yes","no","cellular","apr",193,322,"no"
28,"married","primary","yes","no","unknown","jun",41,-1,"no"
55,"divorced","primary","no","no","telephone","feb",225,6,"no"
47,"married","secondary","yes","no","cellular","nov",92,-1,"no"
48,"married","secondary","yes","no","cellular","apr",152,336,"no"
56,"married","primary","yes","no","telephone","may",462,-1,"yes"
40,"married","unknown","no","yes","cellular","jul",161,-1,"no"
33,"divorced","secondary","yes","no","unknown","may",148,-1,"no"
26,"single","secondary","no","no","cellular","jun",113,109,"no"
47,"married","primary","no","no","unknown","jun",180,-1,"no"
38,"married","secondary","no","no","unknown","jul",84,-1,"no"
28,"single","secondary","no","no","cellular","sep",115,-1,"yes"
31,"single","tertiary","no","yes","cellular","jul",564,-1,"yes"
31,"single","tertiary","no","no","cellular","aug",125,-1,"no"
47,"married","tertiary","no","no","cellular","jun",154,-1,"no"
22,"single","primary","yes","no","cellular","may",237,-1,"no"
52,"single","tertiary","yes","no","cellular","nov",79,-1,"no"
30,"single","tertiary","yes","no","cellular","aug",241,-1,"no"
25,"married","tertiary","yes","no","cellular","jul",115,-1,"no"
41,"married","secondary","yes","no","telephone","may",64,347,"no"
57,"married","secondary","no","no","cellular","jun",88,-1,"no"
44,"married","secondary","no","no","cellular","aug",159,-1,"no"
38,"married","tertiary","yes","no","unknown","may",262,-1,"no"
32,"married","secondary","yes","yes","cellular","aug",341,-1,"no"
21,"married","secondary","yes","yes","unknown","may",168,-1,"no"
24,"single","secondary","no","no","cellular","sep",256,-1,"yes"
54,"married","tertiary","yes","no","unknown","may",83,-1,"no"
54,"married","tertiary","no","no","cellular","aug",150,-1,"no"
51,"married","secondary","no","no","cellular","aug",467,88,"yes"
27,"married","secondary","yes","no","unknown","jun",188,-1,"no"
49,"married","tertiary","yes","no","cellular","aug",152,-1,"no"
36,"married","tertiary","no","no","cellular","aug",184,-1,"no"
42,"married","primary","yes","yes","unknown","may",272,-1,"no"
26,"single","secondary","yes","no","cellular","may",599,-1,"no"
77,"married","primary","no","no","telephone","nov",212,277,"yes"
44,"married","primary","yes","no","unknown","may",408,-1,"no"
37,"married","tertiary","no","no","cellular","jan",153,225,"no"
46,"single","tertiary","yes","no","cellular","jul",87,-1,"no"
32,"married","tertiary","yes","no","cellular","jul",29,-1,"no"
35,"married","tertiary","no","no","cellular","jun",80,92,"no"
52,"married","secondary","no","no","cellular","jan",338,-1,"no"
32,"married","secondary","no","no","cellular","may",215,-1,"no"
49,"divorced","secondary","yes","yes","cellular","may",469,350,"no"
41,"married","primary","yes","no","cellular","apr",122,338,"no"
41,"married","primary","yes","yes","unknown","may",207,-1,"no"
40,"divorced","secondary","yes","yes","unknown","may",385,-1,"no"
27,"single","unknown","no","no","unknown","jun",240,-1,"no"
53,"married","secondary","yes","no","telephone","jul",182,-1,"no"
37,"married","secondary","yes","no","cellular","nov",68,194,"no"
31,"single","tertiary","no","no","cellular","aug",179,-1,"no"
40,"single","tertiary","yes","no","unknown","may",181,-1,"no"
39,"married","tertiary","yes","no","cellular","may",112,-1,"no"
34,"married","secondary","no","no","cellular","aug",192,-1,"no"
50,"married","secondary","yes","yes","cellular","jan",391,191,"no"
43,"divorced","secondary","yes","no","telephone","feb",362,-1,"no"
54,"divorced","tertiary","no","no","cellular","aug",56,-1,"no"
37,"single","secondary","yes","no","telephone","jan",143,-1,"no"
47,"divorced","secondary","yes","no","unknown","may",268,-1,"no"
54,"married","tertiary","no","no","cellular","nov",206,-1,"no"
28,"single","secondary","yes","no","cellular","may",92,-1,"no"
36,"married","tertiary","yes","no","unknown","may",125,-1,"no"
29,"single","primary","no","no","cellular","jan",451,-1,"no"
35,"married","secondary","yes","no","cellular","apr",123,-1,"no"
35,"married","primary","yes","no","unknown","may",212,-1,"no"
32,"single","primary","yes","no","unknown","jun",25,-1,"no"
32,"married","tertiary","no","no","cellular","aug",195,-1,"no"
67,"divorced","secondary","no","no","cellular","may",613,87,"yes"
39,"single","unknown","yes","yes","cellular","feb",99,-1,"no"
54,"married","secondary","yes","yes","cellular","nov",92,-1,"no"
32,"married","secondary","yes","no","cellular","may",88,370,"no"
52,"divorced","tertiary","yes","yes","cellular","jun",122,64,"no"
32,"single","tertiary","yes","no","cellular","nov",171,127,"no"
34,"married","tertiary","no","no","cellular","aug",472,-1,"no"
47,"married","tertiary","yes","no","unknown","jun",130,-1,"no"
61,"married","primary","yes","no","unknown","may",204,-1,"no"
49,"married","secondary","no","no","unknown","jun",13,-1,"no"
36,"single","tertiary","no","no","cellular","aug",150,-1,"no"
45,"married","secondary","yes","yes","cellular","aug",368,-1,"no"
40,"single","secondary","yes","no","cellular","apr",234,323,"no"
42,"married","secondary","yes","yes","cellular","feb",43,-1,"no"
45,"married","secondary","no","no","cellular","jul",95,-1,"no"
53,"married","secondary","no","yes","cellular","aug",58,-1,"no"
51,"single","primary","yes","no","cellular","may",98,-1,"no"
22,"single","secondary","no","no","unknown","may",223,-1,"no"
33,"married","secondary","yes","yes","unknown","may",221,-1,"no"
35,"single","secondary","yes","no","cellular","nov",21,185,"no"
36,"married","tertiary","no","no","cellular","aug",242,95,"yes"
34,"single","tertiary","no","no","cellular","nov",115,-1,"no"
22,"married","secondary","yes","no","unknown","jun",525,-1,"no"
47,"single","unknown","no","no","cellular","oct",385,-1,"yes"
47,"married","secondary","yes","no","cellular","aug",151,-1,"no"
38,"married","tertiary","yes","no","cellular","sep",91,213,"no"
37,"single","tertiary","no","no","unknown","jun",542,-1,"no"
43,"married","secondary","no","no","unknown","may",180,-1,"no"
58,"divorced","primary","no","yes","cellular","jul",161,-1,"no"
39,"divorced","tertiary","no","no","cellular","aug",68,-1,"no"
31,"single","secondary","yes","no","unknown","may",89,-1,"no"
40,"single","secondary","yes","no","cellular","may",7,360,"no"
42,"divorced","primary","yes","no","cellular","jul",1175,-1,"yes"
36,"divorced","secondary","yes","no","unknown","may",153,-1,"no"
66,"divorced","primary","no","no","telephone","mar",834,-1,"yes"
61,"married","primary","no","no","cellular","oct",55,-1,"no"
60,"married","tertiary","no","yes","cellular","jul",79,-1,"no"
30,"single","secondary","yes","no","cellular","jul",112,-1,"no"
33,"single","secondary","no","no","cellular","aug",168,-1,"no"
32,"married","tertiary","no","no","cellular","aug",186,-1,"no"
49,"married","secondary","no","no","unknown","may",206,-1,"no"
35,"married","secondary","no","no","cellular","jul",153,-1,"no"
53,"married","tertiary","yes","no","cellular","jul",471,-1,"no"
30,"single","secondary","no","yes","cellular","jul",169,-1,"no"
31,"single","tertiary","no","no","cellular","feb",144,91,"yes"
53,"divorced","secondary","no","no","cellular","jul",416,-1,"no"
32,"divorced","tertiary","no","no","unknown","may",148,-1,"no"
31,"single","secondary","yes","no","unknown","may",128,-1,"no"
48,"divorced","tertiary","no","no","cellular","aug",152,-1,"no"
55,"divorced","tertiary","no","no","cellular","aug",237,-1,"yes"
32,"single","secondary","yes","no","cellular","may",238,169,"no"
25,"married","secondary","yes","no","cellular","may",177,-1,"no"
32,"divorced","tertiary","no","no","cellular","aug",99,-1,"no"
46,"married","primary","yes","no","cellular","apr",797,-1,"no"
45,"married","tertiary","no","no","cellular","sep",405,-1,"no"
30,"married","tertiary","no","no","cellular","aug",345,-1,"no"
37,"divorced","secondary","yes","no","cellular","may",165,175,"no"
29,"single","secondary","yes","no","cellular","jul",241,-1,"no"
38,"married","tertiary","no","no","cellular","aug",471,-1,"no"
27,"single","tertiary","no","no","cellular","oct",18,-1,"no"
53,"married","secondary","yes","no","cellular","nov",184,-1,"no"
37,"married","tertiary","yes","no","unknown","may",189,-1,"no"
49,"married","secondary","yes","no","cellular","jul",22,-1,"no"
45,"married","secondary","yes","no","unknown","jun",259,-1,"no"
27,"married","secondary","yes","no","unknown","may",82,-1,"no"
57,"married","primary","yes","yes","unknown","jun",238,-1,"no"
40,"single","secondary","yes","no","cellular","may",225,339,"no"
37,"married","tertiary","yes","no","cellular","nov",65,119,"no"
25,"single","secondary","yes","no","cellular","jul",342,-1,"no"
28,"married","secondary","yes","no","unknown","jun",816,-1,"no"
41,"divorced","tertiary","no","no","cellular","nov",39,-1,"no"
34,"married","secondary","yes","no","cellular","jul",154,-1,"no"
53,"married","tertiary","no","yes","cellular","jul",223,-1,"no"
45,"married","secondary","yes","no","telephone","jul",208,-1,"no"
37,"married","secondary","yes","no","unknown","may",176,-1,"no"
38,"married","secondary","yes","no","unknown","may",134,-1,"no"
34,"married","tertiary","yes","no","cellular","aug",593,-1,"yes"
36,"single","tertiary","yes","no","cellular","sep",155,184,"yes"
39,"single","secondary","yes","no","cellular","may",149,-1,"no"
31,"divorced","tertiary","no","yes","cellular","jul",53,-1,"no"
32,"married","primary","yes","no","cellular","apr",297,-1,"no"
72,"single","tertiary","no","no","cellular","aug",553,-1,"no"
41,"married","secondary","yes","yes","unknown","may",210,-1,"no"
38,"married","tertiary","yes","no","unknown","jul",196,-1,"no"
59,"divorced","tertiary","yes","no","telephone","may",287,-1,"no"
36,"divorced","unknown","yes","no","unknown","may",377,-1,"no"
38,"married","secondary","no","no","cellular","aug",926,-1,"yes"
36,"single","secondary","no","no","cellular","nov",186,-1,"no"
49,"married","secondary","yes","no","cellular","may",219,-1,"no"
36,"single","tertiary","no","yes","unknown","jul",85,-1,"no"
33,"married","primary","yes","yes","cellular","nov",158,-1,"no"
40,"married","secondary","yes","yes","cellular","jul",140,-1,"no"
56,"divorced","secondary","yes","yes","cellular","feb",576,-1,"no"
33,"married","secondary","yes","no","unknown","may",54,-1,"no"
32,"married","secondary","yes","no","cellular","jul",103,-1,"no"
45,"single","secondary","yes","no","cellular","nov",34,-1,"no"
44,"single","unknown","no","no","cellular","oct",189,185,"no"
53,"single","primary","yes","no","unknown","jun",96,-1,"no"
38,"married","secondary","yes","yes","unknown","jun",1030,-1,"no"
49,"divorced","tertiary","no","no","unknown","jun",29,-1,"no"
60,"divorced","tertiary","no","no","cellular","jul",490,-1,"no"
40,"married","secondary","no","no","cellular","aug",1099,-1,"no"
42,"divorced","secondary","no","no","cellular","may",300,358,"no"
32,"married","secondary","yes","no","unknown","may",297,-1,"no"
50,"single","tertiary","yes","no","cellular","jul",198,-1,"no"
50,"married","secondary","yes","no","telephone","jul",27,-1,"no"
39,"married","tertiary","no","no","cellular","aug",86,-1,"no"
41,"married","secondary","no","no","cellular","nov",90,-1,"no"
33,"single","secondary","yes","no","cellular","apr",97,-1,"no"
31,"single","secondary","yes","no","unknown","jun",213,-1,"no"
52,"married","tertiary","yes","no","cellular","jul",94,-1,"no"
75,"married","secondary","no","no","telephone","aug",416,-1,"no"
55,"married","primary","no","no","telephone","apr",222,-1,"no"
31,"single","secondary","yes","yes","cellular","jul",144,-1,"no"
56,"divorced","unknown","yes","no","cellular","jul",121,-1,"no"
60,"married","secondary","no","no","telephone","oct",138,-1,"no"
55,"married","tertiary","no","no","unknown","jun",462,-1,"no"
35,"married","secondary","yes","no","cellular","nov",340,183,"no"
35,"married","tertiary","yes","yes","cellular","oct",142,-1,"no"
60,"single","tertiary","no","no","cellular","may",730,-1,"yes"
38,"married","secondary","yes","no","cellular","may",12,-1,"no"
39,"married","tertiary","yes","no","unknown","jun",85,-1,"no"
45,"married","primary","no","no","cellular","aug",73,-1,"no"
42,"single","tertiary","no","no","cellular","aug",143,-1,"no"
42,"married","secondary","no","no","cellular","jun",133,399,"no"
53,"married","tertiary","yes","no","unknown","may",122,-1,"no"
49,"married","secondary","yes","no","cellular","feb",243,-1,"no"
43,"married","secondary","yes","yes","cellular","feb",140,-1,"no"
42,"married","primary","yes","yes","cellular","nov",611,175,"no"
43,"married","tertiary","no","no","cellular","nov",107,-1,"no"
33,"married","primary","yes","no","cellular","may",327,-1,"no"
34,"single","tertiary","yes","no","cellular","apr",143,-1,"no"
48,"married","tertiary","no","no","cellular","jan",223,-1,"no"
44,"married","unknown","yes","no","unknown","jun",118,-1,"no"
30,"single","secondary","no","no","cellular","jul",396,-1,"yes"
37,"married","primary","yes","no","cellular","apr",264,-1,"no"
40,"divorced","tertiary","yes","no","cellular","may",193,-1,"no"
37,"married","secondary","yes","no","unknown","may",215,-1,"no"
55,"divorced","tertiary","yes","no","cellular","jul",66,-1,"no"
50,"married","secondary","yes","no","unknown","may",214,-1,"no"
37,"married","unknown","yes","no","telephone","nov",178,-1,"no"
36,"married","tertiary","no","yes","cellular","aug",89,-1,"no"
39,"single","tertiary","yes","no","cellular","dec",315,210,"yes"
56,"married","tertiary","yes","yes","cellular","may",221,169,"no"
29,"married","primary","yes","no","unknown","may",33,-1,"no"
61,"married","primary","no","no","telephone","jul",186,-1,"no"
49,"married","secondary","no","no","cellular","dec",62,202,"no"
34,"married","secondary","yes","no","unknown","jun",52,-1,"no"
34,"married","secondary","yes","no","unknown","may",182,-1,"no"
30,"married","primary","yes","no","unknown","may",764,-1,"no"
31,"single","tertiary","no","no","cellular","feb",406,-1,"no"
38,"married","secondary","yes","no","unknown","may",784,-1,"no"
30,"married","secondary","yes","no","cellular","may",444,-1,"no"
42,"single","primary","yes","no","unknown","jun",69,-1,"no"
35,"married","secondary","yes","yes","cellular","jan",144,266,"no"
63,"married","secondary","no","no","cellular","may",698,316,"no"
41,"married","tertiary","no","no","cellular","aug",736,-1,"yes"
52,"married","secondary","no","yes","cellular","aug",218,-1,"no"
30,"single","secondary","no","no","cellular","aug",256,-1,"no"
50,"divorced","secondary","yes","no","telephone","apr",151,-1,"no"
31,"single","tertiary","no","no","cellular","aug",156,-1,"no"
40,"married","tertiary","no","no","cellular","sep",263,-1,"no"
59,"married","secondary","no","no","telephone","jul",175,-1,"no"
43,"married","unknown","yes","no","cellular","jul",380,-1,"no"
31,"married","tertiary","yes","yes","cellular","jul",104,-1,"no"
43,"married","tertiary","no","yes","cellular","jul",88,-1,"no"
27,"married","tertiary","no","no","cellular","feb",159,-1,"yes"
46,"married","secondary","yes","no","unknown","jun",83,-1,"no"
25,"single","secondary","no","no","telephone","jul",168,-1,"no"
55,"divorced","secondary","yes","no","cellular","jan",342,-1,"no"
40,"married","tertiary","no","no","cellular","aug",140,-1,"no"
38,"married","tertiary","yes","no","unknown","may",206,-1,"no"
29,"single","unknown","no","no","cellular","aug",173,-1,"no"
43,"married","secondary","yes","no","unknown","may",411,-1,"no"
37,"single","secondary","yes","no","unknown","may",284,-1,"no"
38,"married","secondary","yes","no","cellular","feb",123,258,"no"
62,"married","secondary","no","no","cellular","sep",123,-1,"no"
54,"divorced","secondary","no","no","cellular","feb",439,-1,"yes"
44,"married","secondary","yes","no","unknown","may",35,-1,"no"
54,"married","primary","no","no","cellular","jul",255,-1,"no"
75,"married","secondary","no","no","cellular","aug",350,182,"yes"
36,"married","tertiary","no","yes","cellular","aug",156,-1,"no"
37,"married","secondary","yes","yes","cellular","feb",77,202,"no"
43,"married","primary","yes","no","cellular","jul",63,-1,"no"
50,"married","secondary","no","no","cellular","aug",148,-1,"no"
53,"divorced","unknown","yes","no","unknown","jun",676,-1,"no"
51,"married","secondary","no","no","telephone","jul",183,-1,"no"
37,"single","secondary","yes","no","unknown","may",200,-1,"no"
40,"married","secondary","yes","no","cellular","nov",280,-1,"no"
45,"married","tertiary","no","no","cellular","nov",401,-1,"no"
57,"married","primary","yes","no","telephone","apr",137,-1,"no"
58,"married","secondary","no","no","cellular","jan",339,-1,"no"
32,"single","secondary","yes","no","cellular","nov",268,-1,"no"
35,"single","secondary","yes","no","unknown","may",218,-1,"no"
36,"married","secondary","yes","no","cellular","jul",279,-1,"no"
31,"married","secondary","yes","no","cellular","jul",266,-1,"no"
42,"single","primary","yes","yes","unknown","may",167,-1,"no"
34,"married","secondary","yes","no","unknown","may",494,-1,"no"
38,"married","tertiary","no","no","cellular","apr",240,179,"yes"
32,"single","secondary","no","no","unknown","jun",406,-1,"no"
48,"married","secondary","no","no","cellular","jan",412,-1,"no"
35,"divorced","tertiary","yes","yes","cellular","aug",51,-1,"no"
31,"married","secondary","yes","no","cellular","jul",126,-1,"no"
73,"married","tertiary","no","no","cellular","feb",281,-1,"yes"
37,"married","primary","no","no","cellular","nov",101,80,"no"
41,"married","primary","yes","no","unknown","jun",87,-1,"no"
33,"single","secondary","no","no","cellular","aug",338,104,"yes"
59,"divorced","tertiary","no","yes","cellular","jul",136,-1,"no"
35,"married","secondary","yes","no","cellular","apr",41,-1,"no"
33,"married","secondary","yes","yes","cellular","may",172,-1,"no"
52,"married","unknown","no","no","unknown","jun",187,-1,"no"
37,"married","tertiary","no","no","cellular","jun",224,-1,"yes"
46,"married","primary","no","yes","telephone","aug",16,-1,"no"
60,"married","secondary","no","no","cellular","jul",160,-1,"no"
34,"married","tertiary","yes","no","cellular","sep",164,92,"yes"
33,"single","tertiary","no","no","cellular","aug",131,-1,"no"
52,"married","secondary","no","yes","cellular","jul",46,-1,"no"
56,"married","secondary","no","no","cellular","aug",213,-1,"no"
33,"single","tertiary","yes","no","cellular","apr",93,173,"no"
56,"married","secondary","no","no","cellular","nov",312,-1,"no"
46,"married","primary","no","no","cellular","aug",314,-1,"no"
59,"married","secondary","no","no","telephone","jul",117,-1,"no"
30,"married","secondary","yes","no","unknown","may",232,-1,"no"
46,"married","secondary","no","yes","cellular","jul",502,-1,"no"
35,"married","tertiary","yes","no","cellular","jul",151,-1,"no"
51,"single","tertiary","no","no","unknown","may",102,-1,"no"
49,"married","secondary","no","no","unknown","jun",217,-1,"no"
26,"single","secondary","no","no","cellular","may",606,345,"no"
32,"married","secondary","yes","no","unknown","may",246,-1,"no"
53,"single","secondary","no","no","cellular","nov",251,-1,"no"
50,"divorced","unknown","no","no","cellular","aug",1336,-1,"yes"
32,"single","secondary","no","no","cellular","sep",224,444,"yes"
29,"single","secondary","yes","no","cellular","feb",16,253,"no"
33,"divorced","tertiary","no","no","cellular","feb",401,-1,"no"
46,"single","tertiary","yes","no","unknown","may",98,-1,"no"
47,"married","secondary","yes","no","cellular","apr",1164,-1,"yes"
29,"single","tertiary","yes","no","cellular","may",59,-1,"no"
39,"single","secondary","no","no","unknown","jun",129,-1,"no"
36,"married","primary","no","no","unknown","may",173,-1,"no"
45,"divorced","primary","yes","no","unknown","jun",10,-1,"no"
40,"married","secondary","yes","no","cellular","may",410,-1,"no"
32,"married","secondary","no","no","cellular","aug",204,-1,"no"
28,"divorced","tertiary","yes","yes","unknown","jun",54,-1,"no"
53,"married","secondary","no","no","cellular","aug",88,-1,"no"
27,"single","secondary","yes","no","cellular","aug",75,442,"no"
40,"married","secondary","yes","no","cellular","may",350,286,"no"
77,"married","primary","no","no","telephone","feb",112,94,"no"
51,"married","secondary","yes","no","unknown","jun",84,-1,"no"
49,"married","primary","yes","no","cellular","jul",269,-1,"no"
48,"married","primary","no","no","cellular","aug",787,-1,"no"
33,"married","secondary","no","no","cellular","aug",456,-1,"yes"
31,"married","tertiary","no","no","cellular","aug",445,-1,"no"
37,"married","unknown","yes","no","cellular","nov",184,-1,"no"
60,"divorced","secondary","no","no","unknown","jun",105,-1,"no"
47,"married","secondary","no","no","cellular","aug",142,-1,"no"
39,"married","tertiary","no","no","cellular","nov",127,-1,"no"
34,"married","secondary","no","no","cellular","aug",140,-1,"no"
48,"married","secondary","no","no","cellular","jul",806,183,"yes"
29,"single","tertiary","yes","yes","cellular","jul",345,-1,"no"
29,"single","secondary","yes","no","cellular","may",19,-1,"no"
46,"married","unknown","yes","no","cellular","apr",247,-1,"no"
34,"single","secondary","no","no","cellular","aug",121,-1,"no"
31,"single","tertiary","yes","no","unknown","may",562,-1,"no"
50,"single","secondary","no","no","cellular","jul",890,-1,"yes"
47,"married","tertiary","no","no","cellular","aug",156,-1,"no"
36,"married","primary","no","no","cellular","jul",503,-1,"no"
33,"married","tertiary","no","no","cellular","feb",111,-1,"no"
41,"married","primary","yes","yes","cellular","nov",188,-1,"no"
32,"married","secondary","yes","no","cellular","jul",314,-1,"no"
31,"single","secondary","yes","no","cellular","may",306,-1,"no"
32,"married","secondary","no","no","cellular","sep",440,280,"yes"
28,"single","tertiary","yes","no","cellular","jun",509,-1,"yes"
32,"married","secondary","yes","no","cellular","jul",41,-1,"no"
37,"married","primary","yes","no","unknown","may",194,-1,"no"
57,"married","tertiary","no","no","cellular","aug",135,-1,"no"
38,"married","secondary","yes","no","cellular","sep",210,92,"yes"
28,"single","secondary","no","no","cellular","jul",306,-1,"no"
35,"married","tertiary","no","no","cellular","aug",591,-1,"no"
31,"single","tertiary","yes","no","cellular","apr",187,-1,"no"
37,"divorced","secondary","yes","yes","cellular","apr",185,-1,"no"
41,"divorced","secondary","no","no","cellular","jan",191,-1,"no"
48,"single","primary","yes","no","cellular","apr",193,-1,"no"
51,"married","secondary","yes","no","cellular","may",301,-1,"no"
42,"married","tertiary","no","no","cellular","aug",296,-1,"no"
49,"divorced","secondary","yes","yes","cellular","nov",50,-1,"no"
33,"married","secondary","yes","no","unknown","jul",331,-1,"no"
44,"divorced","secondary","no","no","unknown","jun",110,-1,"no"
48,"divorced","secondary","no","no","cellular","aug",520,-1,"no"
49,"married","primary","yes","yes","unknown","may",161,-1,"no"
47,"married","secondary","no","no","cellular","aug",73,105,"no"
41,"divorced","tertiary","yes","no","cellular","apr",134,-1,"no"
30,"married","tertiary","no","no","cellular","may",781,89,"yes"
45,"married","primary","yes","no","telephone","may",258,-1,"no"
41,"divorced","primary","yes","no","cellular","may",176,-1,"no"
34,"married","secondary","yes","yes","cellular","jul",119,-1,"no"
38,"divorced","secondary","yes","no","cellular","apr",84,-1,"no"
54,"single","tertiary","yes","no","cellular","jul",132,-1,"no"
41,"married","secondary","yes","no","cellular","apr",47,338,"no"
30,"single","tertiary","no","no","cellular","jun",116,-1,"no"
41,"married","secondary","yes","no","telephone","jul",141,-1,"no"
34,"married","secondary","no","no","cellular","feb",270,-1,"no"
41,"divorced","secondary","no","no","cellular","aug",429,-1,"no"
32,"married","secondary","yes","no","unknown","jun",409,-1,"no"
39,"married","secondary","no","no","unknown","jun",160,-1,"no"
38,"divorced","unknown","yes","no","cellular","nov",96,-1,"no"
28,"married","tertiary","yes","no","cellular","jul",475,-1,"no"
29,"married","secondary","no","no","cellular","jan",510,-1,"no"
40,"married","primary","yes","no","unknown","may",109,-1,"no"
49,"married","primary","yes","yes","unknown","jun",213,-1,"no"
33,"single","tertiary","yes","no","unknown","may",897,-1,"no"
32,"single","tertiary","no","no","cellular","aug",31,-1,"no"
35,"married","secondary","no","yes","cellular","nov",11,-1,"no"
32,"married","secondary","yes","yes","cellular","jul",131,-1,"no"
31,"divorced","tertiary","no","no","cellular","feb",132,-1,"yes"
30,"divorced","secondary","yes","no","unknown","may",188,-1,"no"
41,"married","primary","yes","no","cellular","jul",171,-1,"no"
41,"divorced","secondary","yes","yes","cellular","may",197,-1,"no"
33,"married","secondary","no","no","cellular","aug",26,-1,"no"
30,"married","secondary","yes","yes","cellular","may",524,370,"no"
53,"married","primary","no","no","cellular","jun",217,-1,"no"
29,"married","tertiary","yes","no","unknown","may",233,-1,"no"
37,"married","secondary","yes","no","cellular","may",304,173,"no"
30,"single","tertiary","yes","no","cellular","jul",140,424,"yes"
39,"married","primary","no","no","unknown","jun",59,-1,"no"
39,"married","secondary","yes","no","cellular","jan",82,-1,"no"
43,"single","secondary","no","yes","cellular","feb",193,199,"no"
35,"married","tertiary","yes","no","cellular","jul",654,-1,"yes"
30,"single","tertiary","no","no","cellular","jun",393,-1,"yes"
37,"married","secondary","yes","no","cellular","sep",234,149,"no"
38,"divorced","secondary","yes","no","cellular","may",44,275,"no"
34,"married","secondary","yes","no","cellular","apr",712,344,"yes"
31,"married","secondary","yes","no","unknown","jun",184,-1,"no"
39,"married","tertiary","no","no","cellular","oct",206,168,"no"
27,"single","secondary","yes","no","cellular","may",141,343,"no"
28,"married","secondary","yes","no","unknown","may",262,-1,"no"
28,"single","secondary","yes","no","cellular","jul",295,-1,"no"
48,"divorced","secondary","no","no","cellular","jul",111,-1,"no"
55,"divorced","tertiary","no","no","cellular","aug",129,-1,"no"
56,"divorced","tertiary","no","no","cellular","jul",376,-1,"no"
55,"divorced","tertiary","no","yes","cellular","apr",124,28,"no"
46,"married","tertiary","yes","no","cellular","may",462,359,"no"
49,"married","primary","no","no","cellular","jul",227,-1,"no"
45,"single","secondary","yes","no","cellular","apr",1010,326,"no"
45,"married","secondary","yes","yes","unknown","may",268,-1,"no"
62,"married","secondary","no","no","cellular","feb",94,184,"yes"
31,"single","secondary","yes","no","cellular","apr",132,-1,"no"
33,"single","tertiary","no","yes","cellular","oct",259,-1,"no"
52,"single","tertiary","no","no","cellular","aug",1223,-1,"yes"
34,"married","tertiary","no","no","cellular","sep",278,132,"yes"
40,"married","secondary","no","no","unknown","jun",96,-1,"no"
33,"single","secondary","yes","no","cellular","may",123,360,"no"
44,"married","secondary","yes","no","cellular","may",27,-1,"no"
35,"single","secondary","yes","no","cellular","apr",359,-1,"no"
32,"married","tertiary","yes","no","cellular","may",77,-1,"no"
49,"married","tertiary","no","no","unknown","jun",128,-1,"no"
34,"married","secondary","yes","no","cellular","aug",238,-1,"no"
48,"single","secondary","yes","no","cellular","jul",281,-1,"no"
36,"single","unknown","no","no","cellular","apr",398,-1,"yes"
57,"married","secondary","no","yes","cellular","jul",171,-1,"no"
51,"married","secondary","yes","no","cellular","jul",117,-1,"no"
41,"married","primary","yes","no","unknown","may",134,-1,"no"
30,"married","tertiary","no","no","cellular","aug",82,-1,"no"
37,"married","secondary","yes","no","telephone","nov",42,-1,"no"
27,"single","primary","no","no","cellular","jan",197,-1,"no"
34,"single","tertiary","no","no","cellular","aug",57,-1,"no"
24,"single","secondary","yes","no","unknown","jun",465,-1,"yes"
45,"married","tertiary","no","yes","cellular","aug",92,-1,"no"
38,"single","secondary","no","no","cellular","nov",357,93,"yes"
44,"divorced","secondary","yes","yes","unknown","jul",51,-1,"no"
54,"married","primary","no","no","cellular","may",143,-1,"no"
33,"divorced","secondary","yes","no","cellular","jul",184,-1,"no"
53,"single","unknown","no","no","unknown","may",140,-1,"no"
48,"married","secondary","yes","no","cellular","apr",87,318,"no"
50,"married","secondary","no","yes","cellular","aug",867,-1,"no"
33,"married","secondary","no","no","cellular","apr",110,-1,"yes"
37,"divorced","secondary","yes","yes","cellular","jul",154,-1,"no"
47,"divorced","tertiary","no","no","cellular","aug",483,-1,"no"
30,"married","secondary","yes","no","cellular","jul",662,-1,"yes"
33,"single","tertiary","yes","no","unknown","may",558,-1,"no"
32,"single","tertiary","no","no","cellular","nov",272,-1,"no"
51,"married","secondary","no","no","cellular","aug",498,-1,"no"
38,"married","tertiary","no","no","cellular","apr",281,141,"no"
47,"married","secondary","yes","no","cellular","aug",156,-1,"no"
30,"single","secondary","no","no","unknown","jun",674,-1,"yes"
31,"married","tertiary","yes","no","cellular","jul",57,-1,"no"
35,"married","tertiary","yes","yes","cellular","aug",236,-1,"no"
39,"married","primary","yes","no","cellular","feb",190,-1,"no"
80,"married","primary","no","no","cellular","oct",746,86,"yes"
30,"married","tertiary","yes","no","cellular","apr",140,-1,"no"
40,"divorced","tertiary","yes","no","unknown","may",477,-1,"no"
39,"single","secondary","no","no","cellular","apr",277,-1,"no"
52,"divorced","secondary","no","no","unknown","may",306,-1,"no"
34,"single","primary","yes","no","cellular","may",350,-1,"no"
23,"single","secondary","no","no","cellular","sep",242,114,"no"
36,"divorced","secondary","yes","yes","unknown","may",671,-1,"no"
42,"married","primary","no","no","cellular","apr",428,-1,"no"
37,"married","secondary","yes","no","cellular","apr",100,-1,"no"
40,"married","primary","yes","no","cellular","jul",1007,-1,"yes"
38,"married","unknown","yes","no","cellular","nov",191,-1,"no"
45,"single","primary","no","no","telephone","jul",50,-1,"no"
34,"married","tertiary","yes","no","cellular","aug",1307,-1,"yes"
47,"married","tertiary","yes","yes","cellular","nov",132,186,"no"
37,"married","tertiary","yes","no","cellular","feb",207,272,"no"
57,"married","tertiary","no","no","telephone","nov",98,-1,"no"
35,"single","tertiary","yes","no","unknown","may",225,-1,"no"
50,"married","secondary","yes","no","cellular","jul",88,-1,"no"
41,"single","secondary","yes","no","unknown","may",19,-1,"no"
45,"married","tertiary","yes","no","telephone","jul",59,-1,"no"
58,"married","secondary","yes","no","unknown","may",325,-1,"no"
59,"married","secondary","no","no","cellular","nov",218,-1,"no"
43,"married","secondary","no","no","cellular","jul",335,-1,"no"
19,"single","unknown","no","no","cellular","aug",168,182,"yes"
33,"single","secondary","no","yes","cellular","feb",160,212,"no"
56,"married","secondary","yes","no","unknown","may",79,-1,"no"
30,"married","primary","yes","yes","telephone","jul",207,-1,"no"
49,"married","secondary","yes","no","unknown","may",257,-1,"no"
51,"married","tertiary","no","no","cellular","aug",111,-1,"no"
36,"divorced","secondary","yes","no","unknown","may",319,-1,"no"
47,"married","primary","no","no","unknown","jun",145,-1,"no"
27,"single","secondary","no","no","cellular","jan",164,-1,"no"
36,"divorced","tertiary","yes","no","cellular","apr",114,-1,"no"
53,"married","secondary","yes","no","cellular","sep",82,293,"no"
35,"married","tertiary","no","no","cellular","nov",240,-1,"no"
38,"single","tertiary","no","no","cellular","jul",164,-1,"no"
30,"married","secondary","yes","yes","cellular","nov",189,144,"no"
54,"married","secondary","no","no","telephone","jan",123,-1,"no"
56,"married","primary","yes","no","cellular","may",159,-1,"no"
34,"married","secondary","no","no","unknown","may",245,-1,"no"
30,"single","secondary","no","no","unknown","oct",7,-1,"no"
63,"married","primary","no","no","telephone","aug",128,-1,"yes"
42,"married","secondary","yes","no","cellular","jul",291,-1,"no"
33,"married","tertiary","yes","no","cellular","nov",437,-1,"no"
47,"single","secondary","yes","no","cellular","feb",36,-1,"no"
39,"divorced","secondary","yes","no","cellular","feb",108,-1,"no"
34,"married","secondary","yes","no","unknown","may",83,-1,"no"
27,"single","secondary","yes","yes","cellular","may",113,-1,"no"
39,"married","primary","no","no","cellular","feb",306,-1,"no"
35,"married","primary","yes","yes","telephone","jul",38,-1,"no"
41,"married","primary","yes","yes","unknown","may",181,-1,"no"
30,"married","secondary","yes","yes","unknown","may",108,-1,"no"
31,"single","tertiary","no","no","unknown","may",95,-1,"no"
49,"married","tertiary","yes","no","cellular","may",813,-1,"yes"
31,"married","tertiary","yes","no","cellular","jul",169,-1,"no"
37,"married","secondary","yes","yes","unknown","may",98,-1,"no"
31,"single","secondary","no","no","telephone","jan",528,-1,"no"
46,"divorced","secondary","no","yes","cellular","aug",314,-1,"no"
30,"married","tertiary","yes","no","cellular","may",97,298,"no"
34,"single","tertiary","no","no","telephone","nov",39,-1,"no"
39,"divorced","tertiary","yes","no","cellular","may",40,-1,"no"
29,"married","secondary","yes","no","cellular","may",342,-1,"no"
39,"married","secondary","yes","no","unknown","may",425,-1,"no"
49,"married","tertiary","yes","no","cellular","nov",218,-1,"no"
39,"married","secondary","yes","no","cellular","may",9,349,"no"
44,"married","secondary","no","no","unknown","jun",27,-1,"no"
35,"single","tertiary","yes","no","cellular","nov",12,-1,"no"
39,"single","secondary","yes","yes","telephone","nov",1158,-1,"yes"
56,"married","unknown","yes","yes","cellular","may",135,-1,"no"
54,"married","secondary","no","no","cellular","nov",464,192,"yes"
26,"single","secondary","yes","no","cellular","jul",36,-1,"no"
37,"single","secondary","yes","no","cellular","nov",39,182,"no"
43,"married","secondary","no","no","cellular","jul",183,-1,"no"
38,"married","secondary","no","no","cellular","feb",226,-1,"no"
52,"married","secondary","yes","no","unknown","may",167,-1,"no"
34,"single","secondary","no","no","cellular","aug",214,-1,"no"
41,"married","secondary","yes","no","unknown","may",129,-1,"no"
51,"married","tertiary","no","no","cellular","aug",42,-1,"no"
59,"married","primary","no","no","cellular","aug",77,-1,"no"
58,"married","tertiary","no","no","unknown","jun",204,-1,"no"
51,"married","secondary","yes","no","unknown","may",309,-1,"no"
31,"single","secondary","no","no","cellular","aug",123,-1,"no"
52,"married","secondary","no","yes","unknown","jun",44,-1,"no"
38,"single","secondary","no","no","cellular","jul",452,-1,"no"
37,"married","secondary","no","yes","unknown","may",49,-1,"no"
33,"married","secondary","yes","no","cellular","feb",439,-1,"no"
25,"married","secondary","yes","no","unknown","may",331,-1,"no"
35,"married","secondary","yes","no","unknown","may",363,-1,"no"
52,"divorced","tertiary","no","no","cellular","jul",335,-1,"no"
25,"single","tertiary","yes","no","unknown","may",109,-1,"no"
58,"married","secondary","yes","no","cellular","may",197,370,"no"
35,"divorced","tertiary","no","no","cellular","aug",100,-1,"no"
46,"married","unknown","yes","no","cellular","jul",49,-1,"no"
53,"married","tertiary","no","no","telephone","jan",173,2,"no"
40,"married","secondary","yes","no","cellular","may",55,298,"no"
55,"married","primary","yes","no","unknown","may",144,-1,"no"
52,"married","secondary","yes","no","cellular","may",276,364,"no"
34,"single","secondary","yes","no","cellular","jul",578,-1,"yes"
26,"single","secondary","no","no","cellular","jul",128,-1,"no"
54,"married","tertiary","no","yes","cellular","feb",47,265,"no"
36,"married","tertiary","yes","yes","cellular","nov",160,-1,"no"
45,"married","secondary","no","no","cellular","aug",210,-1,"no"
43,"divorced","tertiary","no","no","cellular","aug",67,-1,"no"
38,"married","secondary","yes","no","unknown","jun",215,-1,"no"
42,"single","primary","yes","no","unknown","may",118,-1,"no"
41,"single","secondary","yes","no","unknown","may",2177,-1,"no"
43,"married","secondary","yes","no","unknown","may",285,-1,"no"
39,"divorced","tertiary","yes","no","cellular","nov",255,126,"no"
32,"married","secondary","yes","no","unknown","may",104,-1,"no"
54,"divorced","tertiary","no","yes","telephone","jul",86,-1,"no"
36,"single","secondary","yes","no","cellular","aug",153,102,"no"
50,"married","primary","no","no","unknown","jun",95,-1,"no"
45,"married","secondary","yes","no","unknown","jun",71,-1,"no"
35,"married","secondary","yes","yes","unknown","may",371,-1,"no"
45,"married","primary","no","no","telephone","jul",156,-1,"no"
54,"married","secondary","no","yes","cellular","jul",2029,-1,"yes"
51,"married","secondary","yes","yes","cellular","feb",71,205,"no"
36,"married","tertiary","no","no","cellular","jul",246,-1,"no"
41,"single","secondary","yes","no","telephone","jul",153,-1,"no"
45,"married","tertiary","no","no","cellular","aug",52,-1,"no"
35,"single","secondary","no","no","cellular","aug",259,-1,"no"
30,"single","tertiary","yes","no","unknown","may",209,-1,"no"
39,"married","primary","yes","no","cellular","nov",219,182,"no"
40,"married","secondary","no","yes","cellular","jul",36,-1,"no"
25,"married","secondary","yes","no","cellular","may",333,330,"no"
52,"married","tertiary","yes","no","unknown","jun",574,-1,"no"
50,"married","primary","yes","no","cellular","apr",105,-1,"no"
39,"married","secondary","no","no","cellular","jul",100,-1,"no"
47,"divorced","tertiary","yes","yes","unknown","may",513,-1,"no"
35,"single","secondary","yes","no","cellular","aug",52,92,"no"
27,"single","secondary","yes","yes","unknown","may",694,-1,"yes"
54,"divorced","secondary","no","no","cellular","feb",39,-1,"no"
33,"married","secondary","no","no","cellular","aug",90,-1,"no"
60,"married","secondary","yes","no","unknown","jun",94,-1,"no"
46,"married","secondary","yes","no","cellular","may",28,-1,"no"
56,"married","secondary","yes","yes","cellular","may",102,349,"no"
61,"married","unknown","no","no","telephone","jul",270,178,"yes"
39,"divorced","secondary","no","no","unknown","jun",67,-1,"no"
45,"divorced","secondary","no","no","cellular","aug",88,-1,"no"
76,"divorced","primary","no","no","cellular","sep",475,-1,"yes"
26,"single","secondary","yes","no","cellular","may",68,371,"no"
46,"married","secondary","yes","yes","unknown","may",116,-1,"no"
54,"single","secondary","yes","yes","cellular","nov",120,171,"no"
31,"single","secondary","yes","no","unknown","may",90,-1,"no"
36,"single","tertiary","yes","no","cellular","may",185,350,"no"
57,"divorced","secondary","yes","no","cellular","jul",547,-1,"no"
55,"married","secondary","no","no","telephone","may",148,308,"no"
42,"married","unknown","yes","no","cellular","jul",152,-1,"no"
34,"married","secondary","yes","no","cellular","nov",145,-1,"no"
33,"married","tertiary","no","yes","cellular","aug",111,-1,"no"
28,"single","secondary","yes","no","unknown","may",277,-1,"no"
35,"single","primary","yes","no","cellular","feb",605,-1,"no"
25,"married","tertiary","no","no","cellular","feb",52,-1,"no"
44,"single","secondary","yes","no","cellular","apr",582,-1,"no"
36,"single","tertiary","no","no","cellular","aug",220,-1,"yes"
31,"married","tertiary","yes","no","cellular","jul",109,-1,"no"
52,"married","secondary","no","no","cellular","nov",96,-1,"no"
49,"married","secondary","yes","no","cellular","apr",303,331,"no"
52,"divorced","secondary","no","yes","cellular","nov",276,122,"no"
39,"married","secondary","no","no","cellular","nov",177,-1,"no"
37,"single","tertiary","no","no","cellular","nov",175,200,"yes"
29,"single","secondary","no","no","cellular","jan",194,-1,"no"
48,"married","unknown","no","no","cellular","aug",429,-1,"no"
31,"married","secondary","yes","yes","cellular","apr",126,148,"no"
36,"single","tertiary","no","no","cellular","feb",230,-1,"no"
60,"married","primary","yes","no","unknown","may",103,-1,"no"
48,"married","tertiary","yes","no","cellular","feb",245,-1,"yes"
38,"single","tertiary","yes","no","cellular","nov",134,110,"no"
53,"married","primary","no","no","cellular","apr",168,-1,"no"
36,"married","tertiary","yes","no","unknown","may",147,-1,"no"
45,"married","secondary","yes","no","cellular","may",277,-1,"no"
26,"single","secondary","yes","no","unknown","may",228,-1,"no"
61,"married","primary","yes","yes","telephone","aug",280,-1,"no"
41,"divorced","secondary","yes","no","cellular","feb",232,211,"no"
33,"single","tertiary","no","no","cellular","aug",211,-1,"no"
33,"married","tertiary","no","no","cellular","aug",172,-1,"no"
53,"married","secondary","no","yes","cellular","aug",112,-1,"no"
36,"single","secondary","yes","no","unknown","jun",243,-1,"no"
35,"married","primary","no","no","unknown","jun",330,-1,"no"
45,"married","tertiary","yes","no","cellular","nov",517,187,"no"
42,"married","secondary","yes","yes","cellular","may",155,282,"no"
48,"married","secondary","yes","no","unknown","may",220,-1,"no"
37,"single","secondary","yes","no","cellular","may",146,-1,"no"
55,"married","secondary","yes","no","unknown","may",74,-1,"no"
37,"single","tertiary","no","no","cellular","nov",158,114,"no"
61,"married","primary","no","no","cellular","aug",197,-1,"no"
48,"single","primary","no","no","unknown","jun",71,-1,"no"
47,"married","primary","no","no","cellular","nov",108,-1,"no"
36,"married","secondary","yes","no","cellular","apr",108,-1,"no"
25,"single","tertiary","no","no","cellular","may",88,-1,"no"
37,"married","secondary","yes","no","cellular","nov",99,-1,"no"
37,"married","secondary","no","no","cellular","aug",144,-1,"no"
54,"single","secondary","yes","no","cellular","may",12,-1,"no"
38,"married","primary","yes","yes","cellular","may",317,-1,"no"
31,"single","secondary","no","no","cellular","jan",229,-1,"no"
49,"divorced","tertiary","yes","no","unknown","may",152,-1,"no"
31,"single","primary","yes","no","unknown","may",178,-1,"no"
32,"married","primary","yes","no","unknown","may",23,-1,"no"
32,"married","secondary","yes","no","cellular","may",104,-1,"no"
35,"single","tertiary","yes","yes","cellular","jul",85,-1,"no"
29,"married","secondary","yes","no","unknown","may",305,-1,"no"
44,"married","primary","yes","no","unknown","may",197,-1,"no"
49,"married","secondary","yes","no","unknown","may",264,-1,"no"
33,"married","secondary","no","no","cellular","aug",53,-1,"no"
54,"married","primary","yes","no","cellular","jul",357,-1,"no"
34,"married","secondary","yes","yes","cellular","apr",161,253,"no"
44,"married","primary","yes","yes","cellular","nov",32,116,"no"
44,"married","tertiary","no","no","cellular","aug",99,-1,"no"
44,"divorced","secondary","no","no","cellular","nov",57,-1,"no"
40,"married","secondary","no","no","cellular","jul",1107,-1,"yes"
44,"married","secondary","no","no","cellular","jul",504,-1,"no"
58,"divorced","primary","no","no","telephone","feb",296,-1,"no"
51,"married","secondary","no","yes","unknown","may",259,-1,"no"
59,"married","tertiary","no","no","cellular","jul",1432,-1,"no"
27,"single","primary","no","yes","cellular","jul",240,-1,"no"
49,"married","primary","no","no","cellular","jul",205,-1,"no"
30,"single","tertiary","yes","no","cellular","nov",511,-1,"yes"
53,"married","secondary","yes","no","cellular","jul",209,-1,"no"
54,"married","tertiary","no","no","unknown","may",452,-1,"no"
37,"married","secondary","yes","yes","cellular","jul",101,-1,"no"
34,"married","unknown","no","no","unknown","jun",32,-1,"no"
52,"married","tertiary","yes","no","cellular","apr",220,-1,"no"
39,"married","tertiary","no","no","cellular","feb",912,-1,"yes"
27,"married","secondary","yes","no","cellular","jul",124,-1,"no"
38,"married","secondary","no","no","cellular","aug",846,-1,"yes"
47,"divorced","secondary","yes","yes","cellular","jan",113,-1,"no"
33,"single","tertiary","yes","no","cellular","feb",161,256,"no"
44,"married","secondary","yes","no","unknown","may",122,-1,"no"
58,"married","unknown","no","no","cellular","apr",268,-1,"yes"
34,"single","secondary","yes","no","unknown","may",1182,-1,"yes"
31,"single","tertiary","yes","no","cellular","may",333,355,"no"
55,"married","unknown","no","no","cellular","jan",143,2,"no"
25,"single","tertiary","no","no","cellular","jun",377,-1,"yes"
35,"married","tertiary","yes","yes","cellular","nov",314,124,"no"
35,"married","tertiary","no","no","cellular","jul",201,-1,"no"
50,"married","primary","no","no","telephone","apr",180,-1,"yes"
37,"divorced","secondary","yes","no","cellular","may",326,326,"no"
34,"single","tertiary","yes","no","telephone","may",44,367,"no"
36,"married","tertiary","yes","yes","unknown","jun",599,-1,"no"
39,"single","tertiary","yes","no","cellular","may",271,93,"yes"
54,"married","primary","yes","no","cellular","may",184,-1,"no"
50,"divorced","secondary","no","no","cellular","feb",221,-1,"no"
32,"divorced","tertiary","yes","no","cellular","sep",91,114,"no"
41,"married","primary","yes","no","telephone","may",65,356,"no"
35,"married","secondary","yes","no","unknown","may",246,-1,"no"
36,"divorced","tertiary","no","no","cellular","jul",237,91,"no"
53,"divorced","secondary","yes","yes","cellular","apr",586,-1,"no"
28,"single","secondary","yes","no","cellular","may",246,343,"no"
47,"divorced","tertiary","no","no","cellular","aug",136,-1,"no"
37,"married","tertiary","no","yes","cellular","jul",105,-1,"no"
30,"single","tertiary","yes","no","cellular","apr",297,-1,"no"
38,"married","secondary","yes","no","telephone","jul",284,-1,"no"
44,"single","primary","yes","no","cellular","jul",668,-1,"no"
27,"single","tertiary","no","no","cellular","nov",192,92,"yes"
36,"married","secondary","no","no","cellular","jul",449,-1,"no"
31,"single","tertiary","no","no","cellular","aug",234,-1,"no"
42,"single","tertiary","yes","yes","cellular","nov",125,-1,"no"
35,"married","tertiary","yes","no","cellular","nov",104,-1,"no"
54,"divorced","tertiary","no","no","unknown","jun",28,-1,"no"
30,"married","secondary","yes","no","unknown","may",238,-1,"no"
24,"single","primary","yes","yes","unknown","may",42,-1,"no"
33,"married","secondary","yes","yes","unknown","may",982,-1,"no"
38,"divorced","tertiary","yes","no","unknown","may",1363,-1,"yes"
47,"divorced","secondary","no","yes","unknown","jul",224,-1,"no"
41,"single","tertiary","no","no","cellular","nov",256,-1,"no"
47,"divorced","tertiary","no","no","unknown","jun",368,-1,"no"
32,"married","primary","yes","yes","unknown","may",185,-1,"no"
39,"single","secondary","yes","no","unknown","jun",100,-1,"no"
40,"married","secondary","yes","no","cellular","feb",561,201,"no"
47,"married","secondary","yes","yes","cellular","nov",48,188,"no"
38,"single","primary","no","no","cellular","jul",96,-1,"no"
31,"married","tertiary","no","no","cellular","aug",119,-1,"no"
43,"married","tertiary","no","no","cellular","aug",63,-1,"no"
47,"divorced","tertiary","yes","yes","cellular","nov",203,-1,"no"
26,"single","secondary","no","no","cellular","oct",235,175,"no"
32,"single","secondary","yes","no","unknown","may",88,-1,"no"
55,"married","secondary","yes","no","unknown","jun",186,-1,"no"
37,"married","secondary","yes","yes","cellular","may",306,-1,"no"
34,"single","unknown","yes","no","unknown","jun",145,-1,"no"
40,"married","unknown","yes","no","telephone","jul",77,-1,"no"
36,"married","secondary","yes","yes","unknown","jun",100,-1,"no"
46,"married","primary","no","no","telephone","jul",46,-1,"no"
30,"married","secondary","yes","no","cellular","nov",139,-1,"no"
57,"married","primary","no","no","unknown","jun",67,-1,"no"
29,"married","secondary","no","yes","unknown","may",161,-1,"no"
29,"married","tertiary","no","no","cellular","jul",176,-1,"no"
32,"single","secondary","yes","no","cellular","apr",601,-1,"no"
34,"single","secondary","no","no","cellular","jul",56,-1,"no"
46,"married","primary","yes","no","cellular","may",1063,361,"yes"
34,"single","tertiary","yes","no","cellular","may",195,-1,"no"
28,"single","secondary","yes","no","cellular","may",404,-1,"no"
48,"married","unknown","no","no","cellular","jul",166,-1,"no"
33,"married","tertiary","no","no","cellular","aug",138,-1,"no"
42,"married","tertiary","yes","yes","unknown","may",83,-1,"no"
31,"married","secondary","yes","no","cellular","nov",332,-1,"no"
36,"married","tertiary","yes","yes","cellular","jul",119,-1,"no"
47,"married","secondary","no","no","unknown","jun",88,-1,"no"
59,"single","tertiary","no","no","cellular","jul",22,-1,"no"
45,"divorced","secondary","yes","no","cellular","nov",102,-1,"no"
37,"divorced","secondary","yes","no","unknown","jun",48,-1,"no"
44,"married","secondary","no","no","cellular","apr",192,-1,"no"
26,"single","tertiary","no","no","cellular","jun",563,181,"yes"
32,"single","secondary","no","no","cellular","aug",137,-1,"no"
54,"married","tertiary","yes","no","unknown","may",80,-1,"no"
53,"married","primary","no","yes","unknown","jun",182,-1,"no"
46,"married","secondary","no","no","unknown","jun",625,-1,"no"
55,"married","secondary","yes","no","unknown","may",106,-1,"no"
47,"married","primary","no","no","cellular","jan",163,-1,"no"
37,"married","primary","yes","no","unknown","may",255,-1,"no"
29,"married","secondary","no","yes","cellular","jul",223,-1,"no"
36,"divorced","secondary","no","no","unknown","jun",250,-1,"no"
27,"single","secondary","no","no","cellular","may",242,-1,"no"
39,"divorced","secondary","no","yes","cellular","jul",281,-1,"no"
34,"single","tertiary","yes","no","cellular","may",153,176,"no"
32,"single","secondary","yes","no","cellular","may",213,-1,"no"
32,"married","tertiary","no","no","cellular","may",114,287,"no"
32,"married","tertiary","yes","no","unknown","may",387,-1,"no"
34,"married","secondary","no","no","unknown","may",388,-1,"no"
27,"single","tertiary","yes","no","unknown","may",400,-1,"no"
41,"single","unknown","no","no","cellular","jul",44,-1,"no"
42,"married","secondary","yes","yes","cellular","jul",1039,-1,"yes"
25,"married","secondary","yes","no","unknown","may",357,-1,"no"
52,"married","secondary","yes","no","unknown","may",144,-1,"no"
43,"divorced","unknown","no","no","cellular","apr",618,-1,"yes"
50,"divorced","tertiary","no","no","cellular","nov",154,-1,"no"
25,"single","secondary","yes","no","unknown","jun",172,-1,"no"
29,"married","secondary","yes","no","cellular","apr",172,343,"no"
37,"married","secondary","no","no","cellular","jul",438,-1,"no"
26,"single","tertiary","yes","no","unknown","may",477,-1,"no"
50,"married","primary","yes","no","telephone","aug",39,-1,"no"
57,"married","primary","yes","no","unknown","jun",235,-1,"no"
60,"divorced","tertiary","yes","no","cellular","may",242,-1,"no"
46,"married","tertiary","no","no","cellular","aug",138,-1,"no"
30,"single","secondary","no","yes","cellular","feb",133,8,"no"
51,"single","secondary","yes","no","telephone","jul",126,-1,"no"
45,"married","secondary","yes","no","cellular","jul",268,-1,"no"
29,"single","secondary","yes","no","unknown","may",1882,-1,"yes"
40,"married","secondary","no","no","unknown","jun",38,-1,"no"
47,"single","tertiary","yes","yes","cellular","nov",255,378,"no"
50,"single","unknown","no","no","cellular","may",63,-1,"no"
28,"single","secondary","no","no","cellular","aug",166,78,"no"
45,"married","tertiary","yes","no","cellular","jan",1972,-1,"no"
48,"married","primary","no","no","cellular","mar",119,-1,"no"
38,"married","secondary","yes","no","unknown","may",154,-1,"no"
27,"single","unknown","yes","yes","cellular","may",212,312,"no"
35,"married","tertiary","no","yes","cellular","jan",507,184,"no"
40,"married","secondary","yes","yes","unknown","jun",22,-1,"no"
36,"divorced","secondary","yes","no","cellular","jul",74,-1,"no"
46,"single","secondary","yes","no","cellular","apr",138,-1,"no"
43,"married","secondary","yes","no","unknown","may",353,-1,"no"
59,"married","secondary","no","yes","cellular","nov",190,128,"no"
34,"single","secondary","no","no","cellular","apr",108,-1,"no"
32,"single","secondary","yes","no","unknown","may",1144,-1,"no"
55,"married","tertiary","yes","no","cellular","nov",277,-1,"no"
54,"married","secondary","yes","no","telephone","may",11,-1,"no"
34,"married","primary","yes","no","cellular","apr",345,-1,"no"
30,"married","secondary","yes","no","cellular","may",439,-1,"no"
57,"married","secondary","no","no","cellular","oct",207,-1,"yes"
31,"married","secondary","yes","no","cellular","nov",23,-1,"no"
49,"single","secondary","yes","no","cellular","may",126,355,"no"
35,"married","secondary","yes","no","cellular","apr",179,-1,"no"
34,"married","tertiary","yes","no","cellular","jul",47,-1,"no"
50,"married","secondary","yes","no","unknown","may",154,-1,"no"
50,"married","secondary","yes","no","unknown","may",110,-1,"no"
58,"married","tertiary","yes","yes","cellular","may",293,351,"no"
31,"married","tertiary","yes","no","cellular","aug",104,-1,"no"
26,"single","secondary","yes","no","unknown","may",704,-1,"no"
39,"married","secondary","yes","no","unknown","may",175,-1,"no"
27,"single","tertiary","yes","no","cellular","jul",131,-1,"no"
41,"married","secondary","no","no","cellular","aug",169,-1,"no"
52,"married","unknown","yes","no","unknown","may",165,-1,"no"
39,"married","secondary","no","no","cellular","jul",120,-1,"no"
45,"single","unknown","no","no","cellular","jul",148,-1,"no"
46,"married","secondary","yes","no","unknown","may",541,-1,"no"
42,"married","primary","yes","no","unknown","may",221,-1,"no"
46,"married","primary","no","no","cellular","aug",59,-1,"no"
33,"married","tertiary","no","no","cellular","aug",600,-1,"yes"
36,"married","secondary","yes","yes","unknown","may",147,-1,"no"
26,"single","secondary","yes","no","cellular","may",267,-1,"no"
51,"married","secondary","yes","no","cellular","may",172,-1,"no"
45,"married","secondary","no","no","unknown","jun",166,-1,"no"
38,"single","secondary","no","no","unknown","jun",69,-1,"no"
38,"married","tertiary","no","no","cellular","may",59,-1,"no"
25,"married","secondary","yes","no","cellular","jul",189,-1,"no"
30,"single","secondary","yes","no","cellular","may",150,370,"no"
43,"single","secondary","no","no","cellular","aug",78,-1,"no"
37,"divorced","secondary","no","no","cellular","jul",91,-1,"no"
38,"single","secondary","yes","no","unknown","may",347,-1,"no"
33,"single","secondary","no","no","cellular","may",131,-1,"no"
34,"married","tertiary","no","no","cellular","aug",139,-1,"no"
27,"married","secondary","no","no","cellular","jan",265,-1,"no"
41,"married","secondary","no","no","cellular","aug",409,-1,"no"
33,"married","tertiary","yes","no","cellular","feb",165,92,"no"
40,"married","secondary","yes","no","unknown","jun",84,-1,"no"
30,"single","secondary","yes","no","unknown","nov",179,-1,"yes"
33,"single","tertiary","no","yes","cellular","feb",193,176,"no"
25,"single","secondary","no","no","cellular","jul",266,-1,"no"
36,"married","secondary","no","no","cellular","apr",429,-1,"no"
57,"married","secondary","yes","yes","unknown","jun",97,-1,"no"
46,"divorced","tertiary","yes","no","telephone","nov",249,112,"no"
46,"married","tertiary","yes","yes","cellular","aug",243,-1,"no"
54,"divorced","primary","yes","no","unknown","jun",642,-1,"yes"
31,"married","secondary","yes","no","cellular","nov",631,-1,"no"
47,"divorced","tertiary","yes","yes","unknown","may",62,-1,"no"
32,"single","secondary","yes","no","unknown","may",66,-1,"no"
29,"single","secondary","yes","no","cellular","feb",99,227,"no"
27,"single","primary","yes","no","unknown","jun",157,-1,"no"
56,"married","primary","no","no","cellular","mar",225,123,"yes"
57,"married","secondary","no","no","cellular","aug",301,-1,"no"
47,"married","secondary","no","yes","cellular","aug",994,-1,"yes"
51,"married","secondary","yes","no","unknown","jun",28,-1,"no"
37,"married","primary","yes","no","cellular","may",303,-1,"no"
31,"single","secondary","yes","no","cellular","may",360,370,"no"
52,"divorced","secondary","no","yes","unknown","may",91,-1,"no"
32,"single","secondary","yes","no","unknown","jun",303,-1,"no"
49,"single","secondary","yes","no","unknown","may",891,-1,"no"
56,"married","primary","no","no","cellular","aug",58,-1,"no"
53,"married","secondary","no","no","cellular","feb",210,272,"no"
30,"married","secondary","no","no","cellular","aug",55,-1,"no"
30,"single","secondary","yes","no","cellular","apr",401,-1,"no"
32,"single","tertiary","no","no","cellular","aug",10,-1,"no"
38,"married","tertiary","no","no","unknown","jun",11,-1,"no"
41,"divorced","secondary","yes","no","cellular","jul",353,-1,"no"
41,"married","tertiary","no","no","cellular","aug",709,-1,"no"
54,"married","tertiary","no","no","cellular","jun",177,-1,"yes"
41,"divorced","tertiary","yes","no","cellular","nov",176,-1,"no"
40,"married","tertiary","yes","no","unknown","may",150,-1,"no"
36,"divorced","secondary","no","no","unknown","jun",203,-1,"no"
41,"single","secondary","yes","yes","cellular","aug",292,-1,"no"
38,"married","tertiary","no","yes","cellular","nov",82,152,"no"
60,"single","tertiary","no","no","unknown","jun",81,-1,"no"
37,"married","secondary","yes","no","cellular","may",77,301,"no"
45,"married","secondary","no","no","cellular","aug",299,-1,"no"
39,"married","primary","no","no","unknown","jun",52,-1,"no"
56,"married","secondary","yes","no","cellular","aug",97,-1,"no"
33,"married","secondary","no","no","cellular","aug",78,-1,"no"
47,"married","tertiary","yes","yes","cellular","nov",85,158,"no"
32,"single","tertiary","yes","no","cellular","may",767,-1,"yes"
46,"married","secondary","yes","no","cellular","apr",201,-1,"no"
46,"married","secondary","no","no","cellular","nov",54,-1,"no"
49,"married","primary","yes","no","cellular","jul",491,-1,"yes"
61,"married","primary","no","no","cellular","nov",150,463,"no"
35,"married","secondary","yes","no","unknown","may",17,-1,"no"
35,"married","primary","yes","no","cellular","nov",140,-1,"no"
36,"married","tertiary","no","no","unknown","jun",117,-1,"no"
25,"married","secondary","yes","yes","unknown","jun",404,-1,"no"
49,"divorced","primary","no","no","cellular","jul",126,-1,"no"
30,"married","secondary","yes","no","unknown","may",365,-1,"no"
26,"single","secondary","yes","yes","unknown","jun",189,-1,"no"
33,"married","secondary","yes","yes","telephone","may",30,343,"no"
52,"divorced","tertiary","no","no","cellular","aug",119,-1,"no"
46,"married","tertiary","yes","no","cellular","nov",144,-1,"no"
26,"single","secondary","yes","no","cellular","may",1091,-1,"yes"
71,"divorced","tertiary","no","no","cellular","aug",1117,-1,"no"
70,"married","secondary","no","no","telephone","aug",314,-1,"yes"
43,"married","secondary","yes","no","cellular","nov",137,-1,"no"
31,"single","secondary","no","no","cellular","feb",15,-1,"no"
31,"single","secondary","no","no","cellular","aug",120,-1,"no"
38,"married","primary","no","no","unknown","jun",854,-1,"no"
30,"single","secondary","no","no","cellular","feb",154,-1,"no"
30,"married","secondary","yes","no","unknown","may",149,-1,"no"
50,"married","secondary","no","no","cellular","aug",66,-1,"no"
60,"married","secondary","no","no","cellular","feb",421,-1,"no"
31,"married","secondary","yes","no","unknown","jun",527,-1,"no"
47,"married","secondary","yes","no","cellular","may",236,262,"no"
46,"married","secondary","no","no","cellular","nov",231,-1,"no"
32,"single","tertiary","no","no","cellular","jul",166,163,"no"
42,"divorced","tertiary","yes","no","unknown","jun",9,-1,"no"
24,"married","primary","yes","no","unknown","may",165,-1,"no"
77,"married","unknown","yes","no","cellular","oct",221,183,"yes"
48,"married","tertiary","yes","no","cellular","may",20,291,"no"
28,"single","tertiary","yes","no","cellular","jul",275,-1,"no"
41,"married","tertiary","no","no","cellular","jan",41,266,"no"
34,"married","secondary","yes","no","cellular","apr",258,-1,"no"
54,"married","secondary","no","no","telephone","nov",483,-1,"no"
34,"married","secondary","yes","yes","cellular","apr",248,-1,"no"
50,"married","primary","no","no","cellular","aug",72,-1,"no"
36,"married","secondary","yes","no","unknown","may",260,-1,"no"
28,"married","secondary","yes","yes","unknown","may",170,-1,"no"
31,"married","tertiary","yes","no","cellular","feb",105,-1,"no"
86,"married","primary","no","no","telephone","jul",247,180,"yes"
38,"married","tertiary","yes","no","unknown","may",124,-1,"no"
39,"single","unknown","yes","no","unknown","jun",1121,-1,"no"
50,"divorced","secondary","no","no","cellular","aug",102,-1,"no"
52,"married","secondary","yes","no","unknown","may",150,-1,"no"
36,"married","tertiary","yes","no","cellular","nov",48,-1,"no"
28,"single","secondary","yes","no","unknown","may",263,-1,"no"
52,"married","secondary","yes","yes","cellular","aug",75,-1,"no"
56,"divorced","secondary","yes","no","unknown","may",155,-1,"no"
28,"single","tertiary","no","no","cellular","sep",255,93,"yes"
27,"married","tertiary","no","yes","cellular","jul",159,-1,"no"
50,"married","tertiary","yes","no","cellular","apr",874,108,"no"
28,"single","secondary","yes","no","unknown","may",66,-1,"no"
27,"single","tertiary","no","yes","cellular","jul",535,-1,"no"
35,"married","primary","yes","no","unknown","may",163,-1,"no"
32,"single","tertiary","no","no","cellular","feb",298,-1,"no"
44,"divorced","secondary","no","no","cellular","aug",69,-1,"no"
39,"married","primary","no","no","telephone","jul",389,-1,"no"
56,"single","tertiary","no","no","unknown","may",148,-1,"no"
34,"divorced","primary","yes","no","cellular","apr",306,-1,"no"
54,"married","primary","no","no","cellular","aug",254,-1,"no"
28,"married","secondary","no","yes","unknown","may",79,-1,"no"
46,"single","primary","yes","no","unknown","may",320,-1,"no"
50,"married","secondary","no","no","cellular","aug",946,-1,"yes"
39,"single","secondary","yes","no","unknown","may",288,-1,"no"
35,"married","secondary","yes","no","cellular","jul",488,-1,"no"
43,"married","primary","no","no","cellular","mar",154,-1,"yes"
54,"married","secondary","yes","no","unknown","may",220,-1,"no"
45,"married","secondary","no","no","cellular","aug",96,-1,"no"
31,"married","primary","yes","no","unknown","may",245,-1,"no"
29,"married","tertiary","yes","no","cellular","jan",90,245,"no"
48,"married","tertiary","yes","no","unknown","may",286,-1,"no"
27,"single","tertiary","yes","no","unknown","may",187,-1,"no"
58,"married","secondary","yes","yes","cellular","apr",75,-1,"no"
25,"single","secondary","no","yes","cellular","jul",30,-1,"no"
31,"single","primary","no","no","telephone","nov",59,-1,"no"
33,"married","secondary","no","no","cellular","feb",359,92,"yes"
28,"single","primary","no","no","cellular","feb",976,-1,"yes"
41,"married","secondary","yes","no","cellular","apr",231,-1,"no"
60,"married","secondary","no","no","telephone","oct",167,-1,"no"
53,"married","secondary","yes","no","cellular","may",407,-1,"no"
45,"married","secondary","no","no","cellular","jul",89,-1,"no"
46,"married","primary","yes","yes","cellular","may",181,-1,"no"
41,"married","tertiary","no","no","cellular","aug",286,-1,"no"
34,"married","tertiary","yes","no","unknown","jun",372,-1,"no"
43,"married","secondary","yes","yes","cellular","may",644,355,"no"
28,"single","secondary","yes","no","unknown","may",741,-1,"yes"
31,"single","secondary","no","no","cellular","feb",103,-1,"no"
34,"married","secondary","yes","yes","cellular","jul",50,-1,"no"
28,"single","secondary","yes","no","cellular","may",528,-1,"no"
26,"married","secondary","no","yes","cellular","jul",222,-1,"no"
32,"married","secondary","yes","yes","cellular","jul",73,-1,"no"
31,"married","secondary","yes","no","cellular","jan",155,-1,"no"
31,"single","secondary","yes","no","cellular","jul",1056,-1,"no"
42,"married","secondary","yes","no","cellular","jul",38,-1,"no"
34,"single","tertiary","yes","no","unknown","may",222,-1,"no"
50,"divorced","secondary","no","no","unknown","jun",61,-1,"no"
44,"married","secondary","yes","no","cellular","may",894,-1,"yes"
24,"single","unknown","no","no","cellular","may",424,-1,"no"
44,"divorced","secondary","yes","no","cellular","may",55,171,"no"
35,"single","secondary","yes","no","unknown","jun",126,-1,"no"
49,"married","secondary","yes","no","telephone","aug",19,-1,"no"
51,"married","tertiary","no","yes","cellular","jul",222,-1,"no"
42,"married","secondary","no","no","cellular","jul",108,-1,"no"
60,"divorced","secondary","no","no","cellular","oct",187,213,"yes"
41,"married","secondary","yes","no","unknown","may",240,-1,"no"
34,"married","secondary","yes","no","unknown","may",124,-1,"no"
80,"married","primary","no","no","cellular","aug",331,-1,"no"
30,"single","tertiary","yes","no","cellular","jul",284,-1,"no"
28,"single","tertiary","yes","no","cellular","may",911,336,"no"
33,"married","secondary","yes","no","unknown","may",206,-1,"no"
31,"single","secondary","yes","no","cellular","apr",370,-1,"no"
28,"single","tertiary","yes","yes","cellular","feb",329,-1,"no"
40,"married","tertiary","yes","no","cellular","apr",110,-1,"no"
46,"single","primary","no","no","cellular","oct",167,-1,"no"
32,"married","secondary","yes","no","unknown","may",178,-1,"no"
30,"married","secondary","yes","yes","cellular","jul",137,-1,"no"
48,"married","secondary","yes","no","cellular","may",328,182,"yes"
31,"single","secondary","yes","no","unknown","jun",455,-1,"no"
35,"married","secondary","yes","yes","cellular","may",247,-1,"no"
35,"single","secondary","no","yes","cellular","aug",115,-1,"no"
30,"married","secondary","yes","no","cellular","jul",255,-1,"yes"
27,"single","secondary","no","no","cellular","jul",13,-1,"no"
32,"divorced","secondary","no","yes","cellular","jul",91,-1,"no"
41,"married","tertiary","yes","yes","unknown","may",210,-1,"no"
48,"single","tertiary","no","no","unknown","jun",130,-1,"no"
36,"married","tertiary","no","no","unknown","jun",175,-1,"no"
53,"married","secondary","yes","no","unknown","may",103,-1,"no"
40,"married","primary","yes","no","cellular","jul",905,-1,"no"
34,"divorced","tertiary","no","no","unknown","jun",120,-1,"no"
54,"married","tertiary","yes","yes","cellular","jul",11,-1,"no"
52,"married","tertiary","yes","yes","unknown","jun",311,-1,"no"
25,"single","secondary","no","yes","cellular","jul",264,-1,"no"
27,"single","secondary","yes","no","cellular","may",466,-1,"no"
43,"married","tertiary","no","no","cellular","aug",180,-1,"no"
26,"single","tertiary","yes","no","cellular","may",413,-1,"no"
39,"married","secondary","no","yes","cellular","jul",441,-1,"no"
56,"divorced","primary","no","no","cellular","jun",144,-1,"no"
36,"single","secondary","yes","no","cellular","apr",490,-1,"no"
30,"single","secondary","yes","no","cellular","feb",1121,-1,"yes"
55,"married","tertiary","no","no","cellular","jun",97,-1,"no"
41,"single","tertiary","no","no","cellular","jul",196,88,"yes"
27,"single","secondary","no","no","cellular","jan",180,-1,"no"
40,"divorced","secondary","yes","no","cellular","feb",113,-1,"no"
33,"married","primary","yes","no","unknown","may",116,-1,"no"
32,"married","tertiary","yes","no","cellular","may",159,350,"no"
33,"single","secondary","no","no","cellular","aug",7,-1,"no"
26,"single","secondary","yes","no","cellular","may",457,-1,"no"
40,"divorced","unknown","no","no","unknown","jun",66,-1,"no"
40,"married","secondary","yes","yes","telephone","nov",72,-1,"no"
46,"divorced","secondary","yes","yes","cellular","jul",132,-1,"no"
26,"married","tertiary","no","no","cellular","jan",169,-1,"no"
31,"divorced","secondary","yes","no","unknown","may",150,-1,"no"
41,"divorced","secondary","no","yes","unknown","jun",289,-1,"no"
25,"divorced","tertiary","no","yes","unknown","may",350,-1,"no"
58,"married","secondary","no","no","cellular","aug",364,-1,"no"
77,"married","secondary","no","no","telephone","jul",426,184,"yes"
39,"married","primary","no","no","unknown","jun",314,-1,"no"
31,"married","tertiary","no","no","cellular","nov",74,-1,"no"
32,"married","tertiary","yes","no","unknown","may",91,-1,"no"
33,"married","secondary","yes","no","cellular","nov",110,182,"no"
42,"married","secondary","yes","no","cellular","aug",60,-1,"no"
24,"single","secondary","yes","no","unknown","may",106,-1,"no"
34,"single","secondary","no","no","cellular","aug",195,-1,"no"
35,"married","secondary","no","no","cellular","aug",159,78,"no"
60,"married","secondary","no","no","cellular","sep",303,792,"yes"
36,"single","unknown","no","no","unknown","jun",387,-1,"no"
43,"single","primary","yes","no","cellular","nov",53,183,"no"
57,"married","secondary","yes","no","unknown","may",122,-1,"no"
39,"married","secondary","yes","no","cellular","may",318,-1,"no"
31,"married","secondary","no","yes","cellular","feb",190,-1,"no"
27,"single","tertiary","no","no","cellular","aug",217,87,"yes"
36,"single","secondary","yes","yes","unknown","may",117,-1,"no"
35,"married","secondary","yes","no","cellular","nov",393,201,"yes"
49,"married","secondary","yes","no","telephone","may",354,-1,"no"
45,"married","secondary","no","yes","cellular","feb",102,-1,"no"
33,"single","secondary","yes","no","cellular","may",298,-1,"no"
33,"married","secondary","no","no","cellular","may",317,181,"yes"
29,"single","tertiary","no","no","cellular","jan",212,-1,"no"
31,"single","secondary","yes","no","unknown","jun",16,-1,"no"
43,"married","secondary","yes","yes","unknown","may",412,-1,"no"
27,"married","tertiary","no","yes","cellular","jul",133,-1,"no"
26,"single","unknown","no","no","cellular","apr",121,63,"no"
42,"married","secondary","no","no","cellular","jul",458,-1,"no"
46,"divorced","secondary","no","no","cellular","aug",530,-1,"no"
46,"single","secondary","yes","no","telephone","nov",82,-1,"no"
41,"married","primary","yes","no","unknown","may",153,-1,"no"
32,"married","secondary","no","no","unknown","may",116,-1,"no"
32,"married","tertiary","yes","no","cellular","nov",164,195,"no"
47,"married","primary","no","no","cellular","aug",356,-1,"no"
43,"married","primary","yes","no","telephone","apr",165,327,"yes"
26,"married","secondary","yes","yes","cellular","may",466,-1,"no"
51,"divorced","tertiary","yes","no","cellular","jan",93,2,"no"
32,"divorced","secondary","yes","no","cellular","may",118,260,"no"
59,"married","tertiary","no","no","cellular","feb",111,-1,"no"
34,"married","primary","yes","no","unknown","may",362,-1,"no"
56,"single","primary","no","no","unknown","jun",83,-1,"no"
28,"married","secondary","yes","no","cellular","apr",728,316,"no"
46,"married","primary","no","yes","telephone","jul",93,-1,"no"
29,"single","secondary","no","no","cellular","feb",502,-1,"no"
53,"married","secondary","no","yes","unknown","jun",193,-1,"no"
35,"married","secondary","yes","no","cellular","oct",102,96,"no"
39,"married","secondary","no","no","unknown","jun",97,-1,"no"
46,"married","tertiary","no","no","cellular","nov",716,110,"yes"
38,"married","secondary","yes","no","telephone","may",168,288,"no"
34,"married","tertiary","yes","no","cellular","feb",449,-1,"no"
45,"divorced","secondary","yes","yes","cellular","apr",251,329,"no"
54,"married","secondary","yes","no","cellular","may",322,343,"no"
29,"married","secondary","yes","no","cellular","apr",961,334,"yes"
53,"married","secondary","no","no","cellular","jul",274,-1,"no"
48,"married","secondary","yes","yes","unknown","jun",251,-1,"no"
28,"married","secondary","yes","yes","cellular","may",523,-1,"no"
29,"single","secondary","no","no","cellular","mar",41,-1,"no"
57,"married","secondary","yes","no","telephone","may",296,287,"no"
45,"married","primary","no","no","cellular","aug",133,-1,"no"
48,"married","unknown","yes","no","unknown","may",189,-1,"no"
38,"single","tertiary","yes","no","cellular","apr",1176,-1,"yes"
53,"divorced","tertiary","yes","no","cellular","may",17,-1,"no"
21,"single","primary","no","no","unknown","oct",5,-1,"no"
51,"married","primary","no","no","unknown","jun",309,-1,"no"
30,"single","tertiary","no","no","cellular","jun",111,-1,"no"
57,"divorced","secondary","no","no","cellular","nov",655,-1,"no"
37,"married","secondary","yes","yes","cellular","may",55,-1,"no"
32,"divorced","secondary","yes","no","unknown","jun",216,-1,"no"
52,"married","secondary","no","no","cellular","nov",174,-1,"no"
33,"married","tertiary","yes","yes","cellular","jul",551,-1,"no"
42,"married","secondary","no","no","cellular","aug",67,-1,"no"
25,"single","tertiary","no","no","cellular","may",176,-1,"yes"
57,"married","tertiary","no","no","cellular","aug",188,-1,"no"
42,"married","secondary","no","no","cellular","may",144,-1,"no"
27,"single","secondary","yes","no","unknown","may",67,-1,"no"
46,"married","secondary","yes","no","cellular","may",157,-1,"no"
43,"single","tertiary","yes","no","unknown","may",30,-1,"no"
60,"married","secondary","no","no","cellular","aug",355,-1,"no"
45,"married","secondary","yes","no","unknown","may",125,-1,"no"
28,"single","secondary","yes","no","cellular","may",256,-1,"no"
57,"divorced","secondary","no","yes","cellular","jul",407,-1,"no"
29,"single","secondary","no","no","unknown","aug",26,-1,"no"
28,"single","secondary","yes","no","cellular","may",27,345,"no"
40,"single","tertiary","yes","no","unknown","may",243,-1,"no"
40,"married","secondary","yes","no","cellular","jul",464,-1,"no"
34,"married","secondary","yes","yes","cellular","feb",215,221,"no"
33,"single","secondary","no","no","cellular","aug",178,-1,"no"
49,"married","secondary","no","yes","cellular","jul",246,-1,"no"
43,"single","tertiary","yes","no","cellular","jul",316,-1,"no"
47,"married","secondary","no","no","cellular","nov",81,-1,"no"
32,"single","secondary","no","no","cellular","nov",48,-1,"no"
28,"single","primary","yes","no","cellular","jul",108,-1,"no"
31,"married","secondary","no","no","cellular","jul",77,-1,"no"
31,"married","tertiary","yes","yes","cellular","nov",156,-1,"no"
25,"married","tertiary","yes","no","cellular","jul",278,-1,"no"
36,"married","secondary","yes","no","unknown","jun",94,-1,"no"
35,"single","tertiary","no","no","cellular","nov",696,88,"yes"
31,"divorced","secondary","no","yes","telephone","nov",278,-1,"no"
54,"married","tertiary","no","no","cellular","jun",157,-1,"yes"
26,"divorced","tertiary","no","no","telephone","jun",177,-1,"no"
55,"married","tertiary","no","no","cellular","nov",501,-1,"no"
41,"married","primary","yes","no","cellular","may",192,168,"no"
30,"single","tertiary","no","no","cellular","aug",377,-1,"no"
46,"divorced","secondary","no","no","cellular","jul",573,-1,"yes"
48,"married","secondary","no","no","cellular","feb",85,8,"no"
32,"married","secondary","no","no","cellular","jul",269,-1,"no"
56,"divorced","unknown","no","no","unknown","jun",67,-1,"no"
60,"married","primary","no","no","cellular","aug",2191,-1,"no"
40,"divorced","secondary","yes","no","unknown","may",58,-1,"no"
59,"married","secondary","yes","no","cellular","may",139,350,"no"
32,"married","unknown","yes","no","cellular","nov",158,135,"no"
34,"married","secondary","yes","no","cellular","feb",107,-1,"no"
32,"married","secondary","yes","no","cellular","jul",223,-1,"no"
65,"married","secondary","no","no","cellular","sep",255,96,"yes"
73,"married","primary","no","no","cellular","mar",176,-1,"yes"
49,"married","primary","yes","no","cellular","jul",42,-1,"no"
46,"married","primary","yes","no","telephone","nov",107,167,"no"
53,"married","secondary","yes","yes","unknown","may",178,-1,"no"
35,"single","unknown","yes","no","cellular","may",245,-1,"no"
33,"single","primary","yes","no","cellular","may",74,290,"no"
37,"married","secondary","yes","no","unknown","jun",602,-1,"no"
26,"single","tertiary","no","no","cellular","jun",479,-1,"yes"
33,"married","tertiary","yes","no","cellular","nov",465,95,"no"
50,"married","primary","no","no","cellular","jan",93,-1,"no"
43,"married","secondary","yes","no","cellular","nov",31,-1,"no"
43,"married","primary","yes","yes","cellular","feb",110,208,"no"
63,"married","secondary","no","no","telephone","nov",93,-1,"no"
40,"single","secondary","yes","no","unknown","may",168,-1,"no"
61,"married","secondary","no","no","cellular","jul",392,183,"yes"
45,"married","secondary","yes","no","telephone","aug",18,-1,"no"
36,"married","tertiary","yes","no","cellular","may",603,-1,"no"
52,"married","unknown","yes","no","unknown","may",845,-1,"yes"
44,"married","primary","no","no","cellular","jul",156,-1,"no"
45,"married","tertiary","no","no","cellular","aug",149,-1,"no"
32,"married","secondary","yes","no","cellular","may",145,-1,"no"
36,"divorced","tertiary","yes","no","cellular","may",623,-1,"no"
36,"single","secondary","no","no","cellular","jan",771,-1,"yes"
33,"married","secondary","yes","no","unknown","may",132,-1,"no"
41,"married","unknown","no","no","unknown","may",529,-1,"no"
52,"married","primary","yes","no","cellular","aug",76,-1,"no"
24,"single","primary","no","no","cellular","apr",551,-1,"yes"
44,"married","tertiary","no","no","cellular","jun",136,83,"no"
71,"married","primary","no","no","cellular","nov",186,98,"yes"
49,"married","secondary","no","no","cellular","aug",356,-1,"no"
30,"single","tertiary","yes","yes","unknown","may",601,-1,"no"
55,"married","primary","no","no","unknown","sep",15,-1,"no"
58,"married","primary","no","no","unknown","oct",5,-1,"no"
32,"married","primary","no","no","cellular","jul",91,-1,"no"
31,"single","tertiary","no","no","cellular","aug",241,-1,"no"
50,"married","secondary","no","no","cellular","nov",530,-1,"yes"
58,"married","tertiary","yes","no","unknown","may",261,-1,"no"
43,"married","secondary","yes","no","unknown","may",160,-1,"no"
36,"single","tertiary","yes","no","cellular","aug",102,101,"no"
51,"married","unknown","no","no","unknown","jun",312,-1,"no"
44,"married","secondary","yes","no","cellular","feb",200,253,"no"
55,"married","primary","yes","yes","telephone","jul",184,-1,"no"
24,"single","secondary","yes","no","cellular","apr",385,-1,"no"
46,"divorced","secondary","yes","yes","cellular","apr",298,-1,"no"
41,"married","primary","yes","no","unknown","may",374,-1,"no"
60,"married","unknown","no","no","cellular","aug",664,-1,"yes"
67,"married","unknown","no","no","cellular","aug",320,-1,"no"
59,"married","secondary","no","no","cellular","aug",301,-1,"no"
33,"married","secondary","no","no","cellular","aug",106,-1,"no"
32,"married","secondary","yes","no","unknown","may",459,-1,"no"
45,"divorced","primary","yes","no","unknown","may",1030,-1,"yes"
41,"married","secondary","yes","no","cellular","nov",291,-1,"no"
44,"married","secondary","yes","yes","unknown","may",821,-1,"no"
30,"single","tertiary","no","no","cellular","nov",80,-1,"no"
26,"single","secondary","no","no","cellular","oct",63,63,"no"
43,"married","primary","no","no","cellular","jul",203,-1,"no"
39,"single","primary","yes","no","cellular","nov",186,181,"no"
53,"married","secondary","yes","no","cellular","aug",123,-1,"no"
54,"married","secondary","yes","no","unknown","may",205,-1,"no"
49,"married","secondary","no","no","cellular","aug",135,-1,"no"
46,"married","primary","yes","no","unknown","may",204,-1,"no"
31,"single","tertiary","no","no","cellular","jul",361,229,"yes"
39,"married","primary","no","no","cellular","feb",906,-1,"yes"
40,"married","secondary","yes","yes","cellular","apr",389,266,"no"
34,"divorced","tertiary","no","no","telephone","aug",77,-1,"no"
55,"married","secondary","yes","no","unknown","jun",364,-1,"no"
39,"married","primary","yes","no","unknown","jul",165,745,"no"
30,"single","tertiary","no","no","cellular","apr",306,-1,"yes"
38,"married","tertiary","yes","yes","cellular","jul",156,-1,"no"
57,"married","secondary","no","no","telephone","jul",132,-1,"no"
33,"single","tertiary","yes","no","unknown","may",296,-1,"no"
34,"married","primary","no","no","unknown","jul",746,-1,"no"
37,"single","secondary","yes","no","unknown","may",207,-1,"no"
38,"single","secondary","yes","no","cellular","apr",271,307,"no"
34,"married","secondary","no","no","cellular","jul",238,-1,"no"
36,"married","secondary","no","no","unknown","may",80,-1,"no"
37,"divorced","secondary","yes","yes","unknown","may",224,-1,"no"
29,"married","secondary","no","no","cellular","sep",367,91,"no"
40,"divorced","secondary","no","yes","unknown","may",245,-1,"no"
43,"married","tertiary","no","no","cellular","aug",248,-1,"no"
31,"married","tertiary","yes","no","unknown","may",90,-1,"no"
60,"married","primary","no","no","telephone","feb",447,-1,"no"
32,"single","tertiary","yes","no","cellular","may",18,-1,"no"
34,"married","secondary","yes","no","unknown","may",420,-1,"no"
40,"married","tertiary","yes","yes","cellular","aug",264,-1,"no"
46,"married","tertiary","yes","no","cellular","jul",569,-1,"no"
26,"married","secondary","yes","yes","cellular","jul",21,-1,"no"
41,"married","tertiary","yes","no","telephone","jul",552,-1,"no"
44,"married","primary","no","no","cellular","jul",99,-1,"no"
33,"single","tertiary","no","no","cellular","aug",143,-1,"no"
39,"single","tertiary","no","no","cellular","aug",195,-1,"no"
61,"married","tertiary","no","no","cellular","jul",336,259,"yes"
49,"married","primary","yes","yes","cellular","feb",257,-1,"no"
58,"married","primary","no","no","unknown","jun",199,-1,"no"
27,"divorced","unknown","yes","no","cellular","jul",153,-1,"no"
30,"single","tertiary","yes","no","unknown","may",1697,-1,"yes"
31,"married","secondary","no","no","cellular","jun",327,77,"yes"
58,"married","secondary","no","no","cellular","aug",141,-1,"no"
51,"divorced","secondary","yes","no","cellular","may",107,173,"no"
58,"married","primary","no","no","unknown","jun",112,-1,"no"
32,"single","tertiary","no","no","cellular","feb",152,160,"yes"
57,"married","primary","yes","yes","telephone","jul",107,-1,"no"
43,"married","secondary","no","no","cellular","aug",108,-1,"no"
26,"married","primary","yes","yes","unknown","may",446,-1,"no"
41,"married","secondary","yes","no","cellular","nov",63,-1,"no"
24,"married","secondary","yes","yes","cellular","may",278,343,"no"
42,"married","secondary","yes","no","cellular","nov",76,-1,"no"
53,"divorced","primary","no","no","telephone","nov",241,92,"yes"
72,"married","primary","no","no","telephone","oct",513,-1,"yes"
37,"single","primary","yes","no","unknown","jun",429,-1,"no"
43,"married","tertiary","no","no","cellular","aug",324,-1,"no"
26,"single","tertiary","yes","no","cellular","apr",132,-1,"no"
38,"married","secondary","no","no","unknown","jun",90,-1,"no"
31,"single","tertiary","no","no","cellular","jun",1161,97,"yes"
62,"married","secondary","no","no","cellular","aug",288,1,"yes"
41,"married","secondary","yes","no","unknown","jul",136,-1,"no"
36,"divorced","secondary","yes","no","cellular","nov",154,189,"no"
55,"divorced","primary","no","no","cellular","jul",463,-1,"yes"
71,"married","primary","no","no","telephone","apr",130,-1,"yes"
27,"single","tertiary","yes","no","cellular","may",272,357,"no"
41,"divorced","tertiary","yes","yes","cellular","jul",106,-1,"no"
22,"single","tertiary","no","no","cellular","nov",260,103,"yes"
32,"married","primary","no","no","cellular","may",104,-1,"no"
27,"single","secondary","yes","no","cellular","may",74,-1,"no"
40,"single","secondary","no","no","unknown","jun",122,-1,"no"
49,"married","secondary","no","no","cellular","aug",428,-1,"no"
35,"married","secondary","no","yes","unknown","jun",123,-1,"no"
45,"married","tertiary","no","no","cellular","aug",163,-1,"no"
79,"married","primary","no","no","cellular","dec",166,126,"yes"
49,"married","secondary","yes","no","cellular","feb",392,-1,"no"
58,"divorced","primary","no","yes","cellular","apr",469,-1,"no"
29,"single","unknown","yes","no","unknown","jun",94,-1,"no"
33,"single","tertiary","yes","no","cellular","may",202,263,"no"
31,"single","tertiary","no","no","cellular","aug",265,-1,"no"
60,"married","primary","no","no","telephone","apr",141,-1,"no"
27,"married","primary","yes","no","cellular","may",16,365,"no"
45,"single","tertiary","no","no","cellular","may",114,-1,"no"
42,"married","secondary","no","no","cellular","nov",158,-1,"no"
30,"married","secondary","yes","no","unknown","may",137,-1,"no"
34,"married","tertiary","yes","no","cellular","aug",726,-1,"no"
41,"married","unknown","yes","no","cellular","apr",229,-1,"no"
31,"married","secondary","yes","no","cellular","nov",394,179,"no"
44,"married","secondary","no","no","cellular","aug",211,-1,"no"
36,"married","tertiary","no","no","cellular","aug",123,-1,"no"
30,"single","secondary","no","no","cellular","apr",111,-1,"no"
58,"married","primary","yes","no","cellular","aug",206,461,"yes"
54,"married","primary","no","no","unknown","jun",348,-1,"no"
40,"divorced","secondary","yes","yes","cellular","jul",53,-1,"no"
28,"single","secondary","no","yes","cellular","jul",623,-1,"no"
50,"married","secondary","yes","yes","cellular","jul",182,-1,"no"
30,"married","secondary","yes","no","cellular","may",146,-1,"no"
43,"married","tertiary","yes","no","cellular","nov",146,-1,"no"
31,"married","secondary","yes","no","cellular","nov",427,-1,"no"
34,"single","tertiary","no","no","cellular","aug",183,-1,"no"
51,"divorced","tertiary","yes","no","cellular","jul",208,-1,"no"
23,"single","tertiary","no","no","cellular","apr",44,-1,"no"
51,"divorced","secondary","yes","no","unknown","may",285,-1,"no"
41,"married","tertiary","yes","yes","cellular","jul",244,-1,"no"
49,"married","secondary","no","no","cellular","jul",179,-1,"no"
31,"single","secondary","no","yes","cellular","oct",141,126,"no"
38,"married","secondary","no","yes","cellular","jul",1473,-1,"no"
42,"single","secondary","no","no","cellular","aug",656,-1,"no"
30,"married","tertiary","yes","no","unknown","may",51,-1,"no"
36,"single","tertiary","yes","yes","cellular","apr",1184,-1,"no"
39,"divorced","secondary","yes","no","unknown","may",226,-1,"no"
38,"married","tertiary","yes","no","cellular","jul",48,-1,"no"
53,"married","tertiary","yes","no","cellular","may",84,343,"no"
58,"married","secondary","no","no","cellular","aug",84,-1,"no"
43,"married","secondary","yes","yes","unknown","may",185,-1,"no"
60,"divorced","secondary","no","no","cellular","may",282,-1,"no"
37,"married","tertiary","no","yes","unknown","jun",338,-1,"no"
59,"married","tertiary","yes","no","cellular","jul",796,-1,"no"
51,"married","secondary","no","no","cellular","aug",122,-1,"no"
41,"married","primary","yes","no","unknown","may",393,-1,"no"
58,"married","primary","no","no","cellular","jul",1721,-1,"yes"
48,"single","secondary","yes","yes","cellular","jul",143,-1,"no"
34,"married","primary","yes","yes","telephone","apr",599,275,"no"
40,"single","secondary","yes","no","cellular","may",67,-1,"no"
54,"married","tertiary","no","no","cellular","aug",748,-1,"no"
39,"divorced","tertiary","no","no","cellular","may",488,-1,"yes"
36,"married","secondary","no","no","cellular","aug",129,-1,"no"
58,"divorced","tertiary","no","no","unknown","may",525,-1,"no"
58,"married","secondary","no","yes","cellular","aug",248,182,"yes"
35,"divorced","secondary","no","no","unknown","may",186,-1,"no"
26,"divorced","secondary","yes","no","unknown","may",136,-1,"no"
37,"married","primary","yes","no","telephone","feb",51,-1,"no"
43,"single","tertiary","no","no","cellular","dec",821,242,"yes"
31,"single","secondary","no","no","cellular","apr",87,-1,"no"
27,"married","primary","yes","no","unknown","jun",550,-1,"no"
52,"married","tertiary","no","no","unknown","jun",315,-1,"no"
30,"single","tertiary","no","no","cellular","aug",144,-1,"no"
29,"single","secondary","yes","no","unknown","jun",269,-1,"no"
30,"married","secondary","yes","yes","unknown","may",1073,-1,"yes"
45,"divorced","primary","no","no","cellular","aug",489,-1,"yes"
57,"married","secondary","no","no","unknown","may",248,-1,"no"
43,"married","secondary","yes","no","unknown","may",293,-1,"no"
43,"married","primary","no","yes","cellular","jul",564,-1,"no"
30,"married","secondary","no","no","cellular","jul",168,-1,"no"
31,"married","secondary","no","yes","cellular","jul",75,-1,"no"
34,"married","secondary","no","no","cellular","may",77,-1,"no"
50,"married","tertiary","yes","no","cellular","nov",30,-1,"no"
55,"divorced","tertiary","yes","no","unknown","may",34,-1,"no"
40,"married","unknown","no","no","unknown","may",75,-1,"no"
42,"married","tertiary","yes","no","cellular","may",135,176,"no"
29,"married","secondary","yes","no","cellular","may",112,349,"no"
34,"married","tertiary","no","no","cellular","nov",111,104,"no"
35,"single","unknown","no","no","cellular","apr",143,186,"no"
34,"married","secondary","yes","no","unknown","may",344,-1,"no"
27,"married","secondary","no","no","cellular","dec",196,197,"yes"
27,"single","secondary","yes","no","cellular","may",188,-1,"no"
23,"single","secondary","no","no","cellular","jun",200,-1,"no"
44,"single","secondary","no","yes","cellular","jul",1153,-1,"yes"
30,"single","secondary","yes","yes","cellular","jun",167,416,"no"
60,"married","primary","no","no","cellular","aug",115,-1,"no"
32,"married","tertiary","no","no","cellular","aug",92,-1,"no"
38,"single","tertiary","yes","no","cellular","sep",387,188,"no"
48,"married","secondary","no","no","unknown","jun",700,-1,"no"
20,"single","unknown","no","no","cellular","sep",158,-1,"no"
41,"married","tertiary","no","no","cellular","oct",257,-1,"yes"
42,"single","secondary","no","no","unknown","jun",56,-1,"no"
54,"married","tertiary","yes","no","telephone","jul",272,-1,"no"
52,"married","primary","yes","no","unknown","may",734,-1,"no"
24,"married","secondary","no","no","unknown","may",94,-1,"no"
26,"single","tertiary","no","no","cellular","aug",243,-1,"no"
29,"married","tertiary","yes","no","unknown","may",119,-1,"no"
40,"married","secondary","no","no","telephone","nov",192,-1,"no"
57,"divorced","primary","no","no","unknown","jun",43,-1,"no"
41,"married","primary","no","no","unknown","jun",322,-1,"no"
34,"single","secondary","no","no","telephone","aug",122,109,"no"
31,"married","secondary","yes","yes","unknown","may",254,-1,"no"
42,"divorced","tertiary","no","no","telephone","jul",316,-1,"no"
30,"single","secondary","yes","yes","cellular","apr",66,346,"no"
39,"divorced","secondary","no","no","unknown","may",184,-1,"no"
31,"single","tertiary","no","no","telephone","apr",107,80,"no"
42,"married","primary","yes","no","cellular","nov",1057,-1,"yes"
34,"married","secondary","yes","no","cellular","may",275,-1,"no"
29,"single","secondary","yes","no","unknown","may",166,-1,"no"
27,"single","secondary","yes","yes","unknown","may",83,-1,"no"
54,"married","secondary","yes","no","cellular","apr",581,-1,"no"
19,"single","secondary","no","no","cellular","apr",106,-1,"no"
42,"married","primary","yes","no","cellular","apr",82,-1,"no"
37,"married","secondary","no","no","cellular","nov",48,-1,"no"
29,"single","secondary","yes","no","unknown","may",179,-1,"no"
40,"married","secondary","yes","no","unknown","may",125,-1,"no"
40,"single","primary","yes","no","cellular","may",308,367,"no"
33,"single","secondary","no","no","cellular","feb",175,-1,"no"
50,"divorced","secondary","no","no","cellular","may",128,-1,"no"
38,"single","tertiary","no","no","cellular","aug",118,-1,"no"
27,"single","tertiary","yes","no","unknown","may",456,-1,"no"
47,"married","unknown","no","no","cellular","apr",900,86,"yes"
66,"married","primary","no","no","cellular","feb",479,-1,"yes"
32,"single","secondary","no","no","cellular","aug",278,-1,"no"
39,"married","primary","yes","no","unknown","may",311,-1,"no"
45,"divorced","primary","no","no","cellular","nov",110,-1,"no"
37,"divorced","secondary","yes","no","cellular","nov",106,167,"no"
30,"married","secondary","yes","no","cellular","may",416,-1,"no"
30,"single","tertiary","no","no","cellular","feb",227,-1,"yes"
32,"single","tertiary","yes","no","cellular","aug",131,-1,"no"
37,"married","secondary","yes","no","cellular","may",365,36,"no"
35,"married","secondary","yes","no","unknown","may",247,-1,"no"
30,"single","tertiary","yes","no","cellular","jul",283,-1,"no"
36,"married","tertiary","no","no","cellular","nov",115,-1,"no"
32,"married","tertiary","no","no","cellular","aug",297,-1,"no"
30,"single","secondary","yes","yes","cellular","may",292,-1,"no"
46,"divorced","tertiary","no","yes","cellular","jul",251,-1,"no"
28,"married","secondary","yes","no","unknown","may",167,-1,"no"
32,"married","tertiary","no","no","cellular","aug",101,-1,"no"
42,"married","primary","no","yes","cellular","jul",199,-1,"no"
55,"divorced","secondary","no","yes","cellular","jul",116,-1,"no"
47,"married","secondary","yes","no","cellular","apr",91,-1,"no"
60,"married","secondary","yes","no","unknown","may",110,-1,"no"
48,"single","tertiary","no","no","unknown","jun",216,-1,"no"
40,"married","tertiary","yes","no","telephone","oct",138,-1,"yes"
35,"married","primary","yes","yes","unknown","jun",18,-1,"no"
35,"single","tertiary","yes","yes","cellular","may",542,-1,"yes"
47,"married","primary","no","no","cellular","aug",864,-1,"no"
50,"married","unknown","yes","no","unknown","jun",162,-1,"no"
27,"married","secondary","yes","no","unknown","may",138,-1,"no"
37,"married","tertiary","yes","no","unknown","may",219,-1,"no"
44,"married","primary","yes","no","unknown","may",362,-1,"no"
27,"single","secondary","yes","no","unknown","may",297,-1,"no"
37,"single","secondary","no","no","telephone","apr",426,179,"yes"
60,"married","tertiary","no","no","cellular","aug",415,186,"yes"
34,"single","tertiary","no","yes","cellular","aug",274,-1,"no"
40,"married","secondary","yes","no","unknown","may",29,-1,"no"
66,"married","tertiary","no","no","cellular","apr",155,-1,"no"
33,"single","secondary","yes","no","cellular","may",235,361,"no"
58,"married","tertiary","no","no","cellular","aug",16,-1,"no"
39,"divorced","secondary","yes","no","unknown","may",109,-1,"no"
31,"single","secondary","no","no","cellular","apr",342,-1,"yes"
37,"single","secondary","yes","no","cellular","jul",124,-1,"no"
31,"married","secondary","no","no","cellular","aug",436,-1,"no"
24,"single","secondary","yes","no","unknown","may",181,-1,"no"
54,"divorced","tertiary","no","no","cellular","may",226,186,"no"
39,"married","secondary","yes","no","unknown","may",136,-1,"no"
32,"married","primary","yes","yes","cellular","apr",180,284,"no"
50,"married","tertiary","yes","no","telephone","jul",59,-1,"no"
31,"married","tertiary","no","no","cellular","aug",130,-1,"no"
36,"married","tertiary","no","no","cellular","oct",237,122,"no"
42,"married","tertiary","no","no","cellular","aug",118,-1,"no"
38,"married","tertiary","yes","yes","cellular","feb",113,-1,"no"
51,"married","secondary","yes","no","unknown","may",267,-1,"no"
52,"married","tertiary","no","no","cellular","aug",115,-1,"no"
47,"married","primary","no","yes","cellular","aug",492,-1,"no"
45,"married","secondary","yes","no","unknown","may",179,-1,"no"
31,"single","tertiary","no","yes","cellular","jul",509,-1,"yes"
26,"single","tertiary","no","no","cellular","sep",113,100,"no"
25,"married","secondary","yes","no","cellular","jul",104,-1,"no"
29,"single","secondary","no","no","unknown","jul",12,514,"no"
50,"divorced","secondary","yes","no","cellular","apr",715,152,"no"
36,"single","tertiary","no","no","cellular","jan",859,235,"no"
34,"married","unknown","yes","no","unknown","may",328,-1,"no"
25,"single","unknown","yes","no","unknown","may",65,-1,"no"
28,"single","secondary","yes","no","cellular","may",136,359,"no"
31,"married","secondary","yes","no","unknown","may",36,-1,"no"
30,"married","tertiary","yes","no","cellular","may",149,362,"no"
41,"married","secondary","yes","no","unknown","may",518,-1,"no"
57,"divorced","tertiary","no","no","cellular","jun",867,84,"yes"
34,"single","tertiary","yes","no","cellular","may",767,-1,"yes"
53,"married","primary","no","no","cellular","jan",82,-1,"no"
44,"divorced","primary","yes","no","cellular","may",234,356,"no"
49,"married","primary","yes","no","unknown","jun",350,-1,"no"
48,"married","secondary","no","no","cellular","aug",142,-1,"no"
57,"married","tertiary","yes","no","telephone","nov",14,-1,"no"
38,"married","secondary","no","no","cellular","oct",163,91,"no"
25,"single","tertiary","no","no","cellular","oct",366,-1,"no"
39,"single","tertiary","yes","no","cellular","feb",224,-1,"yes"
47,"married","tertiary","no","no","cellular","mar",364,-1,"yes"
37,"married","tertiary","no","no","cellular","aug",119,-1,"no"
37,"married","secondary","no","no","unknown","jun",140,-1,"no"
64,"married","primary","no","no","cellular","oct",181,-1,"no"
32,"single","secondary","yes","yes","cellular","apr",429,-1,"no"
51,"married","secondary","no","yes","cellular","jul",118,-1,"no"
53,"married","primary","yes","no","cellular","apr",208,140,"no"
31,"married","tertiary","no","no","cellular","aug",200,-1,"no"
55,"married","secondary","no","yes","cellular","jul",218,-1,"no"
55,"married","secondary","no","yes","cellular","nov",163,-1,"no"
59,"divorced","secondary","no","no","cellular","aug",125,-1,"no"
28,"married","tertiary","yes","no","cellular","may",104,-1,"no"
58,"married","unknown","yes","no","cellular","may",228,-1,"no"
30,"married","tertiary","yes","no","cellular","apr",551,-1,"no"
42,"married","secondary","yes","yes","cellular","aug",97,-1,"no"
46,"married","tertiary","yes","yes","cellular","nov",258,-1,"no"
40,"married","tertiary","yes","no","cellular","jul",55,-1,"no"
36,"married","unknown","yes","no","unknown","may",219,-1,"no"
48,"married","secondary","no","no","cellular","aug",68,-1,"no"
27,"single","tertiary","yes","no","cellular","apr",186,-1,"no"
47,"married","secondary","no","no","unknown","jul",7,-1,"no"
35,"married","primary","no","no","unknown","jun",88,-1,"no"
56,"divorced","tertiary","yes","no","unknown","may",130,-1,"no"
30,"single","secondary","no","no","cellular","nov",816,-1,"no"
38,"married","secondary","yes","no","unknown","may",412,-1,"no"
27,"single","tertiary","yes","no","unknown","jun",590,-1,"yes"
33,"married","secondary","no","no","cellular","nov",179,-1,"yes"
28,"single","secondary","no","yes","cellular","jul",188,-1,"no"
37,"divorced","secondary","yes","no","unknown","may",140,-1,"no"
40,"married","secondary","no","no","cellular","jul",106,-1,"no"
31,"single","secondary","no","no","cellular","sep",481,579,"yes"
25,"single","secondary","no","no","cellular","jun",287,-1,"yes"
26,"married","tertiary","no","no","unknown","may",35,-1,"no"
29,"single","secondary","no","no","cellular","jul",360,-1,"no"
21,"single","primary","no","no","unknown","aug",11,-1,"no"
44,"married","secondary","yes","yes","cellular","jul",356,-1,"no"
32,"single","tertiary","yes","no","cellular","jun",485,-1,"yes"
27,"married","secondary","no","no","cellular","jun",397,-1,"yes"
47,"married","tertiary","no","no","cellular","oct",424,213,"yes"
33,"single","secondary","no","yes","unknown","may",376,-1,"no"
32,"divorced","secondary","no","no","cellular","jul",320,-1,"no"
42,"married","secondary","no","no","unknown","may",114,-1,"no"
32,"single","secondary","no","no","cellular","feb",75,208,"no"
29,"single","tertiary","no","no","cellular","dec",314,195,"yes"
33,"married","tertiary","yes","yes","cellular","apr",105,136,"no"
38,"married","secondary","yes","no","cellular","apr",461,335,"no"
50,"married","primary","yes","yes","unknown","may",68,-1,"no"
56,"married","primary","yes","no","unknown","may",76,-1,"no"
59,"married","primary","no","no","cellular","nov",167,-1,"no"
44,"divorced","tertiary","yes","no","cellular","apr",399,269,"no"
41,"married","secondary","yes","no","unknown","may",1162,-1,"yes"
50,"married","primary","yes","no","cellular","apr",317,324,"no"
56,"married","tertiary","no","yes","telephone","jul",246,-1,"no"
37,"married","primary","yes","no","cellular","may",655,175,"yes"
34,"single","tertiary","yes","no","cellular","nov",596,182,"yes"
55,"married","unknown","no","no","cellular","aug",672,-1,"yes"
31,"single","tertiary","yes","no","cellular","apr",124,343,"yes"
76,"married","secondary","no","no","telephone","feb",110,87,"no"
56,"married","secondary","yes","no","unknown","may",106,-1,"no"
52,"married","secondary","yes","no","cellular","aug",129,-1,"no"
50,"single","secondary","no","no","telephone","feb",279,-1,"no"
27,"single","secondary","no","no","cellular","feb",139,-1,"no"
49,"married","tertiary","no","no","cellular","nov",79,-1,"no"
29,"single","primary","yes","no","cellular","may",325,-1,"no"
51,"married","primary","yes","no","unknown","jun",14,-1,"no"
35,"married","primary","yes","no","unknown","may",129,-1,"no"
25,"single","secondary","no","yes","telephone","jul",437,-1,"no"
36,"married","tertiary","no","no","cellular","aug",80,-1,"no"
67,"married","secondary","no","no","cellular","apr",245,-1,"yes"
47,"divorced","secondary","yes","yes","telephone","oct",478,-1,"yes"
32,"married","primary","no","no","cellular","aug",132,-1,"no"
35,"married","secondary","yes","no","cellular","jul",479,-1,"no"
36,"married","tertiary","yes","no","cellular","mar",198,181,"no"
52,"married","primary","no","no","telephone","jul",924,-1,"no"
45,"divorced","primary","no","no","cellular","feb",93,235,"no"
50,"married","secondary","yes","no","telephone","aug",767,-1,"no"
33,"single","secondary","yes","no","cellular","aug",268,-1,"yes"
52,"married","tertiary","yes","no","cellular","nov",96,-1,"no"
28,"married","primary","yes","no","unknown","may",7,-1,"no"
33,"married","tertiary","yes","yes","cellular","nov",62,-1,"no"
37,"married","secondary","yes","no","cellular","feb",138,-1,"yes"
47,"married","primary","yes","no","telephone","may",49,-1,"no"
39,"single","secondary","yes","yes","unknown","may",19,-1,"no"
35,"married","secondary","no","no","unknown","jun",115,-1,"no"
94,"divorced","secondary","no","no","cellular","mar",212,-1,"no"
35,"married","primary","no","yes","cellular","nov",131,133,"no"
34,"married","tertiary","no","no","cellular","aug",105,-1,"no"
32,"single","tertiary","yes","no","unknown","jun",183,-1,"no"
39,"married","primary","yes","no","unknown","may",481,-1,"no"
41,"married","secondary","yes","yes","unknown","may",504,-1,"no"
35,"married","tertiary","yes","no","unknown","may",357,-1,"no"
32,"married","tertiary","yes","no","cellular","may",506,352,"no"
36,"divorced","tertiary","no","no","unknown","may",539,-1,"no"
49,"divorced","secondary","yes","no","cellular","may",76,348,"no"
29,"single","tertiary","yes","no","cellular","may",334,-1,"no"
48,"married","tertiary","yes","no","cellular","jul",317,-1,"no"
34,"married","tertiary","no","no","cellular","aug",108,-1,"no"
49,"single","unknown","no","no","unknown","jun",163,-1,"no"
42,"single","primary","yes","no","telephone","may",7,371,"no"
28,"married","secondary","yes","no","cellular","apr",293,-1,"no"
32,"married","primary","yes","yes","cellular","may",273,-1,"no"
58,"married","secondary","yes","yes","unknown","jun",53,-1,"no"
56,"married","secondary","yes","no","cellular","jul",251,-1,"no"
57,"married","tertiary","yes","no","cellular","aug",122,-1,"no"
25,"single","secondary","yes","no","cellular","feb",412,-1,"yes"
30,"single","secondary","no","no","cellular","aug",120,-1,"no"
36,"single","secondary","yes","no","unknown","jun",196,-1,"no"
30,"married","secondary","yes","no","cellular","may",157,-1,"no"
49,"married","primary","yes","no","unknown","jun",41,-1,"no"
45,"single","tertiary","yes","no","cellular","aug",393,462,"yes"
46,"married","secondary","no","no","cellular","jun",176,52,"yes"
34,"married","primary","yes","yes","cellular","may",58,-1,"no"
24,"single","secondary","yes","no","cellular","may",345,-1,"no"
30,"single","tertiary","no","no","cellular","aug",229,99,"yes"
33,"married","secondary","yes","no","unknown","jun",122,-1,"no"
33,"married","secondary","yes","no","cellular","jul",476,-1,"no"
59,"married","primary","no","no","cellular","jan",225,-1,"no"
41,"married","secondary","no","no","cellular","aug",226,-1,"no"
54,"single","secondary","no","no","cellular","nov",696,-1,"yes"
60,"married","tertiary","no","no","cellular","aug",222,-1,"no"
28,"single","secondary","no","no","cellular","jun",114,-1,"no"
28,"single","secondary","no","no","cellular","jul",128,-1,"yes"
47,"divorced","tertiary","yes","no","cellular","jul",221,431,"no"
29,"single","tertiary","yes","no","unknown","may",214,-1,"no"
46,"married","secondary","no","no","cellular","feb",380,217,"no"
26,"married","secondary","no","no","unknown","may",755,-1,"no"
37,"divorced","secondary","no","yes","cellular","jul",338,-1,"no"
31,"single","tertiary","no","no","cellular","feb",172,-1,"yes"
34,"single","tertiary","yes","no","cellular","may",649,-1,"yes"
33,"married","secondary","yes","no","cellular","nov",308,-1,"no"
49,"married","secondary","no","no","unknown","may",26,-1,"no"
35,"single","tertiary","no","no","cellular","aug",343,397,"yes"
56,"married","secondary","yes","no","unknown","may",221,-1,"no"
51,"married","secondary","no","no","cellular","aug",72,-1,"no"
33,"married","tertiary","yes","no","cellular","apr",115,-1,"no"
40,"married","tertiary","yes","yes","unknown","may",518,-1,"no"
60,"married","tertiary","no","no","unknown","may",528,-1,"no"
29,"single","primary","yes","no","cellular","apr",462,-1,"no"
29,"single","secondary","yes","no","unknown","may",185,-1,"no"
48,"married","tertiary","no","yes","unknown","jun",103,-1,"no"
39,"married","tertiary","no","no","cellular","may",589,28,"no"
50,"married","primary","no","no","unknown","jun",247,-1,"no"
32,"married","primary","yes","no","cellular","apr",295,335,"no"
39,"married","primary","yes","no","cellular","may",220,370,"no"
50,"married","unknown","no","no","telephone","jul",156,-1,"no"
36,"married","secondary","yes","no","cellular","nov",581,-1,"no"
45,"married","secondary","yes","no","cellular","jul",311,-1,"no"
39,"married","primary","yes","no","unknown","may",691,-1,"no"
68,"married","secondary","no","no","cellular","mar",153,110,"yes"
36,"divorced","secondary","yes","no","cellular","apr",244,313,"no"
38,"married","secondary","yes","no","cellular","nov",139,-1,"no"
39,"single","tertiary","yes","no","cellular","aug",274,-1,"no"
28,"single","tertiary","yes","no","cellular","jul",73,-1,"no"
48,"divorced","secondary","yes","no","cellular","apr",7,318,"no"
34,"married","secondary","yes","no","cellular","jul",256,-1,"no"
41,"single","tertiary","no","no","cellular","jul",105,-1,"no"
37,"single","secondary","yes","no","cellular","may",400,340,"no"
47,"married","tertiary","no","no","cellular","aug",432,97,"no"
26,"single","secondary","no","no","cellular","aug",349,70,"yes"
29,"single","secondary","no","yes","cellular","jul",1097,-1,"yes"
43,"married","tertiary","no","no","cellular","aug",188,100,"yes"
49,"married","primary","yes","no","unknown","jun",245,-1,"no"
46,"married","tertiary","no","no","cellular","jul",466,-1,"no"
35,"married","secondary","yes","no","telephone","may",155,-1,"no"
36,"married","tertiary","no","no","cellular","jan",102,96,"no"
22,"single","unknown","no","no","cellular","jun",377,-1,"yes"
32,"married","secondary","yes","no","cellular","apr",293,322,"no"
34,"married","tertiary","yes","no","telephone","nov",217,-1,"no"
35,"married","secondary","yes","yes","unknown","jun",247,-1,"no"
33,"married","primary","yes","yes","cellular","jul",227,-1,"no"
32,"single","secondary","yes","no","cellular","apr",262,-1,"no"
45,"married","primary","no","no","unknown","jun",290,-1,"no"
34,"married","secondary","yes","no","cellular","may",285,-1,"yes"
32,"divorced","secondary","yes","no","unknown","may",114,-1,"no"
34,"married","tertiary","yes","no","cellular","nov",328,113,"no"
52,"married","primary","no","no","unknown","jun",122,-1,"no"
33,"single","tertiary","yes","yes","cellular","nov",199,-1,"no"
34,"married","secondary","yes","no","cellular","aug",116,-1,"no"
51,"married","primary","no","no","unknown","may",153,-1,"no"
40,"single","secondary","yes","no","unknown","may",171,-1,"no"
43,"married","primary","yes","no","unknown","may",93,-1,"no"
36,"married","secondary","no","no","cellular","aug",324,-1,"yes"
41,"married","tertiary","no","no","cellular","nov",136,-1,"no"
37,"married","tertiary","no","no","cellular","jun",266,318,"yes"
43,"married","tertiary","no","no","cellular","aug",110,-1,"no"
30,"married","primary","yes","no","unknown","may",351,-1,"no"
42,"married","secondary","yes","no","unknown","jun",158,-1,"no"
28,"married","secondary","yes","no","unknown","jun",161,-1,"no"
35,"single","secondary","no","no","cellular","nov",718,-1,"no"
55,"single","secondary","no","yes","telephone","may",159,-1,"no"
73,"divorced","secondary","yes","no","cellular","oct",146,-1,"yes"
43,"married","primary","yes","no","cellular","jul",36,-1,"no"
34,"single","secondary","no","no","cellular","may",254,299,"no"
29,"married","secondary","yes","no","cellular","jul",143,-1,"no"
37,"single","secondary","yes","no","unknown","may",197,-1,"no"
44,"married","secondary","yes","no","unknown","jun",349,-1,"no"
38,"single","secondary","no","no","cellular","apr",379,202,"yes"
28,"married","secondary","yes","no","cellular","may",193,-1,"no"
34,"married","secondary","yes","no","unknown","may",309,-1,"no"
48,"single","unknown","no","no","unknown","jun",453,-1,"no"
33,"married","secondary","yes","no","cellular","may",256,-1,"no"
41,"married","secondary","yes","no","cellular","apr",263,-1,"no"
58,"married","secondary","no","no","unknown","jun",248,-1,"no"
38,"divorced","primary","yes","no","cellular","nov",250,155,"no"
33,"married","secondary","no","no","cellular","jul",454,-1,"yes"
48,"married","secondary","no","no","cellular","jul",215,-1,"no"
54,"divorced","primary","yes","no","unknown","jun",45,-1,"no"
50,"married","secondary","yes","yes","telephone","nov",49,-1,"no"
26,"single","secondary","no","yes","cellular","jul",140,-1,"no"
25,"married","secondary","yes","no","unknown","may",709,-1,"yes"
49,"single","primary","yes","no","telephone","nov",107,-1,"no"
57,"married","secondary","yes","no","cellular","nov",220,-1,"no"
35,"single","tertiary","no","no","cellular","oct",68,-1,"no"
25,"single","tertiary","no","no","unknown","may",64,-1,"no"
53,"married","tertiary","yes","no","cellular","feb",102,-1,"no"
42,"married","secondary","yes","no","cellular","nov",101,-1,"no"
34,"married","primary","yes","no","cellular","apr",142,328,"no"
49,"married","primary","no","no","cellular","aug",134,-1,"no"
30,"single","secondary","no","no","cellular","aug",167,-1,"no"
35,"single","tertiary","yes","no","unknown","may",55,-1,"no"
49,"divorced","secondary","yes","no","unknown","may",659,-1,"no"
52,"divorced","secondary","yes","no","unknown","may",84,-1,"no"
51,"married","secondary","yes","no","cellular","may",541,-1,"no"
34,"divorced","tertiary","no","no","cellular","feb",108,175,"no"
28,"married","secondary","yes","no","cellular","apr",230,329,"no"
39,"single","secondary","yes","no","cellular","may",22,175,"no"
58,"married","secondary","no","no","telephone","mar",282,-1,"no"
62,"divorced","tertiary","yes","no","cellular","apr",103,182,"yes"
40,"married","tertiary","no","no","cellular","nov",57,-1,"no"
40,"married","secondary","yes","no","unknown","may",184,-1,"no"
36,"single","tertiary","no","no","unknown","nov",20,-1,"no"
32,"married","secondary","no","no","cellular","aug",172,-1,"no"
60,"married","primary","yes","no","unknown","may",202,-1,"no"
28,"married","unknown","yes","no","cellular","apr",34,-1,"no"
30,"single","secondary","no","no","cellular","aug",187,-1,"no"
60,"married","tertiary","no","no","cellular","aug",636,-1,"no"
34,"married","secondary","yes","no","unknown","jun",780,-1,"no"
38,"single","secondary","yes","no","cellular","may",86,366,"no"
47,"single","secondary","no","no","unknown","jun",83,-1,"no"
31,"married","secondary","no","no","cellular","mar",299,-1,"yes"
32,"single","tertiary","no","no","cellular","feb",199,-1,"no"
39,"married","primary","yes","no","unknown","may",225,-1,"no"
52,"married","unknown","no","no","cellular","aug",228,-1,"no"
30,"married","secondary","yes","yes","cellular","apr",71,317,"no"
43,"divorced","secondary","yes","no","cellular","apr",157,-1,"no"
32,"married","secondary","no","no","cellular","aug",56,-1,"no"
46,"married","secondary","yes","no","cellular","jan",83,-1,"no"
35,"married","secondary","yes","no","cellular","may",131,-1,"no"
31,"single","tertiary","no","no","cellular","aug",133,-1,"no"
41,"single","secondary","yes","no","cellular","may",493,362,"no"
28,"single","tertiary","yes","no","cellular","may",43,350,"no"
36,"married","tertiary","no","no","cellular","oct",174,-1,"no"
39,"single","secondary","yes","no","unknown","jun",170,-1,"no"
48,"married","secondary","yes","no","unknown","may",180,-1,"no"
50,"single","secondary","no","no","telephone","nov",1606,-1,"no"
44,"divorced","secondary","yes","no","cellular","jul",90,-1,"no"
56,"single","primary","yes","no","telephone","may",191,347,"no"
29,"single","primary","yes","no","unknown","jun",135,-1,"no"
33,"married","tertiary","yes","no","cellular","nov",103,-1,"no"
36,"married","tertiary","no","no","unknown","may",362,-1,"no"
36,"divorced","tertiary","yes","no","unknown","jun",347,-1,"no"
23,"single","secondary","no","no","cellular","mar",236,92,"yes"
41,"married","secondary","yes","no","cellular","nov",369,-1,"no"
49,"married","secondary","no","no","cellular","aug",102,-1,"no"
45,"married","secondary","yes","no","unknown","jun",31,-1,"no"
39,"divorced","secondary","yes","yes","cellular","nov",214,-1,"no"
48,"married","primary","yes","no","cellular","may",212,-1,"no"
31,"married","secondary","yes","no","unknown","may",179,-1,"no"
32,"single","tertiary","no","no","cellular","nov",74,-1,"no"
28,"married","secondary","yes","no","unknown","may",68,-1,"no"
35,"married","secondary","yes","no","cellular","nov",434,181,"no"
32,"married","secondary","yes","no","unknown","may",1178,-1,"no"
34,"divorced","secondary","yes","no","unknown","may",308,-1,"no"
33,"married","tertiary","yes","no","cellular","apr",378,-1,"yes"
24,"single","secondary","yes","no","cellular","apr",297,323,"no"
56,"married","secondary","no","no","unknown","jun",138,-1,"no"
46,"divorced","tertiary","no","no","cellular","aug",20,-1,"no"
65,"married","secondary","no","no","telephone","apr",523,-1,"yes"
60,"married","secondary","yes","no","unknown","may",291,-1,"no"
24,"single","secondary","yes","yes","cellular","may",792,-1,"yes"
62,"married","tertiary","no","no","cellular","aug",344,-1,"no"
52,"married","secondary","yes","yes","cellular","jul",163,-1,"no"
34,"married","secondary","yes","no","cellular","apr",400,332,"no"
36,"single","tertiary","no","no","cellular","nov",307,-1,"no"
52,"married","secondary","no","no","telephone","sep",384,91,"no"
59,"married","secondary","yes","no","unknown","may",77,-1,"no"
25,"single","primary","yes","no","unknown","may",85,-1,"no"
37,"married","tertiary","yes","no","cellular","nov",559,-1,"no"
37,"married","unknown","yes","no","cellular","jul",85,-1,"no"
54,"divorced","tertiary","no","no","cellular","aug",612,-1,"no"
47,"married","tertiary","no","no","cellular","may",418,-1,"no"
47,"married","primary","no","no","cellular","aug",292,-1,"no"
36,"divorced","secondary","yes","no","cellular","feb",185,252,"no"
44,"married","tertiary","yes","yes","telephone","jul",289,-1,"no"
36,"married","unknown","yes","no","unknown","may",201,-1,"no"
29,"single","tertiary","no","no","cellular","aug",634,-1,"yes"
52,"married","tertiary","yes","no","cellular","may",507,-1,"no"
52,"divorced","secondary","no","no","cellular","aug",39,-1,"no"
41,"married","secondary","yes","no","unknown","may",50,-1,"no"
40,"married","secondary","no","no","cellular","aug",196,-1,"no"
47,"single","tertiary","no","no","telephone","oct",220,155,"yes"
30,"single","secondary","yes","no","unknown","may",142,-1,"no"
46,"married","unknown","no","no","cellular","jul",55,-1,"no"
33,"married","secondary","yes","no","unknown","may",92,-1,"no"
57,"divorced","tertiary","no","no","telephone","nov",26,-1,"no"
24,"single","secondary","no","no","cellular","apr",567,-1,"yes"
27,"single","primary","yes","no","unknown","may",576,-1,"no"
23,"single","secondary","no","no","telephone","sep",379,-1,"no"
31,"single","tertiary","no","yes","cellular","nov",150,-1,"no"
47,"single","secondary","yes","yes","cellular","jul",152,-1,"no"
31,"single","tertiary","yes","no","cellular","apr",664,319,"no"
40,"married","secondary","no","no","cellular","aug",1842,-1,"yes"
26,"married","secondary","yes","no","unknown","jun",23,-1,"no"
32,"single","tertiary","no","no","cellular","aug",153,-1,"no"
26,"single","secondary","yes","no","cellular","may",13,-1,"no"
46,"married","secondary","no","yes","cellular","aug",114,-1,"no"
42,"married","unknown","yes","no","telephone","apr",33,339,"no"
58,"single","secondary","yes","no","cellular","jul",341,-1,"no"
35,"divorced","secondary","yes","no","cellular","aug",250,-1,"no"
60,"married","primary","no","no","cellular","may",494,95,"yes"
43,"married","secondary","yes","no","cellular","jul",324,-1,"no"
38,"single","unknown","no","no","cellular","apr",59,-1,"no"
36,"divorced","tertiary","yes","yes","unknown","may",268,-1,"no"
49,"married","secondary","yes","no","unknown","may",67,-1,"no"
33,"single","tertiary","no","no","cellular","feb",734,-1,"no"
55,"married","secondary","yes","no","unknown","may",973,-1,"no"
26,"single","secondary","no","no","cellular","feb",506,-1,"no"
61,"married","secondary","no","no","cellular","aug",243,-1,"no"
44,"married","tertiary","yes","no","cellular","jul",127,-1,"no"
31,"married","tertiary","yes","no","cellular","feb",95,241,"no"
31,"single","tertiary","yes","no","cellular","nov",639,93,"no"
48,"married","primary","yes","no","unknown","jun",30,-1,"no"
49,"married","secondary","no","no","cellular","aug",233,-1,"no"
33,"married","secondary","yes","no","cellular","feb",355,301,"yes"
31,"single","secondary","yes","no","unknown","may",193,-1,"no"
25,"single","tertiary","no","no","cellular","jul",108,-1,"no"
34,"married","secondary","yes","no","cellular","nov",144,185,"no"
42,"married","secondary","yes","no","unknown","jun",363,-1,"no"
36,"single","tertiary","no","yes","cellular","nov",300,96,"no"
43,"married","primary","yes","no","cellular","may",38,-1,"no"
38,"single","unknown","no","no","unknown","jun",65,-1,"no"
36,"divorced","tertiary","yes","no","unknown","jun",259,-1,"no"
30,"married","tertiary","yes","yes","cellular","aug",80,-1,"no"
29,"single","secondary","yes","no","unknown","may",360,-1,"no"
34,"married","secondary","yes","yes","cellular","oct",98,-1,"no"
59,"married","tertiary","no","no","cellular","nov",530,163,"yes"
58,"married","secondary","yes","no","unknown","may",113,-1,"no"
34,"single","secondary","yes","no","unknown","may",209,-1,"no"
79,"married","secondary","no","no","cellular","sep",114,95,"no"
37,"married","secondary","yes","no","cellular","jul",141,-1,"no"
65,"married","unknown","no","no","cellular","jan",105,-1,"no"
31,"single","secondary","no","no","cellular","nov",234,-1,"yes"
53,"married","secondary","yes","no","unknown","may",29,-1,"no"
57,"married","secondary","yes","no","unknown","may",59,-1,"no"
46,"married","secondary","no","no","cellular","aug",71,-1,"no"
48,"married","secondary","yes","no","cellular","may",24,-1,"no"
33,"single","secondary","yes","no","cellular","feb",173,-1,"no"
36,"married","secondary","yes","no","unknown","may",140,-1,"no"
35,"single","tertiary","no","no","cellular","aug",195,-1,"yes"
25,"single","secondary","yes","no","cellular","jul",195,91,"yes"
25,"single","secondary","yes","no","telephone","aug",100,93,"no"
58,"married","tertiary","yes","no","unknown","may",12,-1,"no"
27,"single","primary","yes","no","cellular","apr",761,330,"no"
41,"married","tertiary","no","no","cellular","apr",882,181,"yes"
36,"single","tertiary","no","no","cellular","feb",195,176,"yes"
45,"married","secondary","yes","no","unknown","may",120,-1,"no"
20,"single","tertiary","yes","no","unknown","may",168,-1,"no"
34,"married","tertiary","yes","no","cellular","aug",209,-1,"no"
56,"married","secondary","no","yes","cellular","jul",442,-1,"no"
30,"married","tertiary","yes","no","cellular","nov",117,-1,"no"
38,"single","unknown","yes","no","unknown","jun",266,-1,"no"
55,"married","primary","yes","no","cellular","may",161,364,"no"
50,"married","tertiary","yes","yes","telephone","jul",24,-1,"no"
33,"married","secondary","no","yes","cellular","jul",77,-1,"no"
48,"married","unknown","yes","no","unknown","may",152,-1,"no"
51,"married","tertiary","yes","yes","cellular","aug",248,-1,"no"
29,"single","secondary","yes","no","unknown","jun",409,-1,"no"
36,"divorced","secondary","no","no","cellular","jan",96,93,"no"
47,"married","primary","yes","no","unknown","may",157,-1,"no"
56,"married","secondary","no","no","unknown","jun",55,-1,"no"
40,"married","tertiary","no","yes","cellular","aug",189,-1,"no"
41,"divorced","tertiary","no","no","cellular","jul",72,-1,"no"
50,"married","tertiary","no","no","cellular","aug",162,-1,"no"
57,"married","secondary","no","no","cellular","jul",157,-1,"no"
38,"divorced","tertiary","no","no","cellular","may",67,175,"no"
44,"married","secondary","yes","no","unknown","may",80,-1,"no"
56,"married","tertiary","no","yes","cellular","aug",88,-1,"no"
36,"divorced","secondary","yes","no","unknown","jun",85,-1,"no"
26,"married","secondary","yes","no","unknown","jul",46,-1,"no"
32,"single","tertiary","yes","no","cellular","apr",223,-1,"no"
47,"single","secondary","no","no","cellular","jul",250,181,"yes"
48,"married","tertiary","no","no","cellular","aug",445,-1,"no"
32,"single","secondary","no","no","cellular","jan",96,-1,"no"
34,"single","tertiary","yes","no","cellular","may",175,358,"no"
42,"single","secondary","no","no","cellular","jan",567,-1,"no"
38,"married","tertiary","yes","no","cellular","apr",410,-1,"no"
57,"married","unknown","no","no","cellular","aug",91,-1,"no"
49,"married","secondary","yes","no","unknown","jun",93,-1,"no"
38,"single","secondary","no","no","unknown","may",184,-1,"no"
35,"married","tertiary","no","no","cellular","aug",100,-1,"no"
48,"married","tertiary","yes","no","unknown","may",195,-1,"no"
27,"single","tertiary","yes","yes","cellular","jul",506,-1,"no"
49,"married","secondary","no","yes","telephone","jul",281,-1,"no"
31,"married","secondary","yes","no","cellular","may",164,-1,"no"
34,"married","secondary","no","no","unknown","may",149,-1,"no"
46,"married","secondary","yes","no","cellular","mar",135,-1,"no"
29,"single","secondary","no","no","cellular","jul",734,-1,"no"
42,"married","primary","yes","no","cellular","feb",115,-1,"no"
48,"divorced","tertiary","yes","no","unknown","jun",143,-1,"no"
29,"single","secondary","no","no","cellular","dec",279,189,"yes"
42,"married","secondary","no","no","cellular","jul",143,-1,"no"
49,"married","tertiary","yes","no","unknown","jun",155,-1,"no"
41,"married","secondary","no","no","cellular","aug",69,-1,"no"
49,"married","primary","no","no","unknown","jun",90,-1,"no"
28,"married","secondary","yes","no","cellular","may",310,-1,"no"
35,"married","tertiary","no","no","cellular","aug",428,336,"no"
49,"divorced","secondary","no","no","cellular","may",613,-1,"no"
37,"married","secondary","yes","no","cellular","jul",225,-1,"no"
46,"married","secondary","yes","no","unknown","may",20,-1,"no"
49,"married","tertiary","no","no","cellular","apr",194,-1,"yes"
29,"single","secondary","yes","no","cellular","may",512,-1,"no"
30,"single","secondary","no","no","cellular","mar",128,106,"yes"
31,"married","secondary","yes","no","unknown","may",223,-1,"no"
35,"single","primary","no","no","cellular","feb",19,-1,"no"
44,"married","secondary","yes","no","cellular","apr",93,-1,"no"
24,"single","secondary","no","no","cellular","sep",107,-1,"no"
30,"single","secondary","yes","no","cellular","apr",180,302,"no"
53,"married","secondary","yes","no","telephone","jul",311,-1,"no"
52,"married","secondary","yes","no","cellular","may",87,299,"no"
32,"divorced","tertiary","yes","no","unknown","may",288,-1,"no"
56,"divorced","primary","no","no","cellular","jan",156,-1,"no"
32,"divorced","secondary","yes","no","cellular","may",94,-1,"no"
34,"single","tertiary","yes","no","cellular","may",747,371,"yes"
38,"single","tertiary","no","no","cellular","aug",117,-1,"no"
23,"single","secondary","yes","no","cellular","may",377,-1,"no"
37,"married","secondary","yes","no","unknown","jun",42,-1,"no"
32,"single","secondary","yes","no","unknown","may",202,-1,"no"
30,"married","tertiary","yes","no","cellular","aug",166,-1,"no"
53,"divorced","primary","yes","no","unknown","may",206,-1,"no"
47,"married","tertiary","yes","no","unknown","may",596,-1,"no"
53,"married","secondary","yes","yes","unknown","may",178,-1,"no"
33,"married","secondary","yes","yes","cellular","feb",7,-1,"no"
32,"married","tertiary","no","no","cellular","aug",398,-1,"no"
48,"married","secondary","no","no","unknown","jun",399,-1,"no"
46,"married","secondary","no","no","cellular","aug",95,-1,"no"
41,"married","secondary","no","yes","unknown","jul",130,-1,"no"
23,"single","secondary","yes","no","unknown","jun",118,-1,"no"
38,"married","primary","yes","no","cellular","apr",196,315,"no"
37,"married","secondary","yes","no","cellular","may",239,278,"no"
60,"married","primary","no","no","unknown","jun",201,-1,"no"
36,"single","tertiary","no","no","cellular","may",76,-1,"no"
31,"married","primary","yes","no","unknown","may",300,-1,"no"
33,"married","secondary","no","no","cellular","aug",258,178,"yes"
49,"married","secondary","yes","no","cellular","aug",131,-1,"no"
44,"married","tertiary","no","no","unknown","jun",476,-1,"no"
34,"married","secondary","no","no","cellular","aug",184,-1,"no"
83,"married","tertiary","no","no","cellular","feb",283,-1,"no"
48,"single","unknown","yes","no","cellular","feb",97,-1,"no"
32,"married","secondary","yes","no","cellular","jul",812,-1,"yes"
33,"married","secondary","yes","no","cellular","may",7,287,"no"
52,"married","secondary","yes","no","cellular","may",292,-1,"no"
33,"married","tertiary","yes","no","cellular","jul",384,-1,"no"
36,"married","secondary","yes","no","unknown","jun",369,-1,"no"
26,"single","tertiary","no","no","cellular","aug",74,-1,"no"
24,"single","secondary","yes","no","cellular","may",59,-1,"no"
34,"married","secondary","yes","no","unknown","may",19,-1,"no"
57,"married","primary","no","no","cellular","aug",1134,-1,"yes"
58,"divorced","tertiary","yes","no","unknown","jun",109,-1,"no"
36,"single","secondary","no","no","cellular","nov",67,111,"no"
52,"married","primary","no","no","unknown","jun",70,-1,"no"
39,"married","secondary","no","no","cellular","may",102,-1,"no"
47,"married","tertiary","no","yes","cellular","jul",175,-1,"no"
58,"married","primary","no","no","cellular","nov",598,-1,"no"
32,"married","tertiary","no","no","cellular","aug",104,-1,"no"
44,"married","unknown","yes","no","telephone","may",7,-1,"no"
47,"married","tertiary","yes","no","cellular","aug",90,-1,"no"
34,"single","secondary","no","no","cellular","may",393,351,"no"
43,"married","primary","yes","yes","unknown","may",46,-1,"no"
30,"single","secondary","yes","yes","unknown","may",209,-1,"no"
57,"married","secondary","yes","no","unknown","may",147,-1,"no"
51,"married","secondary","yes","no","unknown","may",421,-1,"no"
27,"single","primary","no","no","unknown","oct",4,-1,"no"
55,"married","secondary","no","no","unknown","jun",73,-1,"no"
30,"married","primary","no","no","cellular","dec",282,203,"yes"
29,"married","tertiary","yes","no","cellular","jan",287,-1,"no"
31,"married","primary","yes","yes","unknown","jun",25,-1,"no"
44,"single","primary","yes","no","cellular","may",157,-1,"no"
38,"married","secondary","yes","yes","unknown","may",266,-1,"no"
54,"divorced","secondary","yes","no","unknown","may",146,-1,"no"
36,"divorced","tertiary","yes","no","cellular","jul",189,-1,"no"
51,"married","secondary","no","no","cellular","aug",193,-1,"no"
46,"married","primary","yes","no","cellular","may",546,-1,"yes"
52,"married","primary","yes","no","cellular","apr",55,335,"no"
45,"married","secondary","no","yes","cellular","aug",109,-1,"no"
57,"married","secondary","yes","no","cellular","aug",170,-1,"no"
29,"single","secondary","yes","no","unknown","jun",130,-1,"no"
26,"single","secondary","yes","yes","cellular","jul",85,-1,"no"
52,"married","secondary","no","no","cellular","nov",273,-1,"no"
30,"single","tertiary","no","no","cellular","apr",633,85,"yes"
47,"married","secondary","no","no","unknown","may",64,-1,"no"
40,"married","primary","yes","no","cellular","apr",62,-1,"no"
38,"single","unknown","yes","no","unknown","may",297,-1,"no"
34,"married","primary","yes","no","cellular","may",405,-1,"no"
39,"married","tertiary","yes","no","cellular","may",564,265,"no"
30,"single","secondary","yes","no","cellular","may",145,-1,"no"
35,"single","tertiary","no","no","unknown","jun",166,-1,"no"
32,"single","tertiary","no","no","cellular","aug",1321,-1,"yes"
56,"married","secondary","yes","yes","cellular","aug",614,-1,"no"
54,"divorced","secondary","yes","no","unknown","may",391,-1,"no"
25,"single","secondary","yes","no","telephone","may",40,-1,"no"
33,"single","secondary","yes","no","cellular","may",293,-1,"no"
30,"single","tertiary","no","no","telephone","mar",199,-1,"yes"
45,"married","primary","yes","no","cellular","apr",580,317,"no"
37,"married","tertiary","yes","yes","telephone","feb",319,213,"no"
30,"married","primary","yes","yes","cellular","jul",174,-1,"no"
27,"single","secondary","yes","no","cellular","may",466,-1,"no"
43,"married","secondary","yes","no","unknown","sep",6,838,"no"
55,"married","tertiary","no","no","cellular","aug",46,-1,"no"
24,"married","secondary","yes","no","cellular","apr",284,-1,"no"
42,"single","tertiary","yes","no","cellular","jul",295,-1,"no"
35,"divorced","secondary","no","yes","cellular","feb",12,217,"no"
38,"married","secondary","yes","yes","unknown","may",236,-1,"no"
31,"married","secondary","yes","yes","cellular","aug",189,-1,"no"
44,"single","secondary","no","no","cellular","nov",186,-1,"no"
54,"married","tertiary","no","no","telephone","feb",48,-1,"no"
48,"married","secondary","no","yes","unknown","may",315,-1,"no"
53,"divorced","secondary","yes","no","cellular","may",135,289,"no"
43,"married","tertiary","yes","no","cellular","apr",197,-1,"no"
75,"divorced","secondary","no","no","cellular","dec",415,-1,"yes"
25,"single","secondary","yes","no","unknown","may",135,-1,"no"
35,"single","secondary","no","no","unknown","mar",473,-1,"yes"
34,"married","secondary","no","yes","cellular","jul",188,-1,"no"
32,"married","primary","no","no","cellular","aug",779,-1,"no"
32,"single","secondary","yes","no","telephone","jan",48,265,"no"
40,"married","secondary","no","no","cellular","aug",238,-1,"no"
41,"single","unknown","no","no","unknown","jun",30,-1,"no"
25,"single","unknown","no","no","cellular","sep",140,-1,"yes"
40,"single","secondary","yes","no","unknown","may",161,-1,"no"
46,"married","secondary","no","no","unknown","may",796,-1,"yes"
34,"married","tertiary","yes","no","unknown","may",38,-1,"no"
28,"single","tertiary","no","no","cellular","nov",135,148,"no"
37,"married","tertiary","no","no","cellular","mar",319,-1,"yes"
48,"divorced","secondary","no","no","cellular","jan",142,238,"yes"
40,"divorced","secondary","no","yes","cellular","nov",175,138,"no"
52,"divorced","secondary","no","yes","cellular","jul",277,-1,"no"
41,"single","tertiary","no","no","cellular","jul",1134,-1,"yes"
31,"single","tertiary","yes","no","cellular","may",77,-1,"no"
49,"single","tertiary","no","no","cellular","feb",140,12,"no"
58,"married","primary","no","no","unknown","jun",116,-1,"no"
23,"married","primary","yes","no","cellular","may",509,345,"no"
58,"married","secondary","yes","no","unknown","may",77,-1,"no"
32,"married","secondary","yes","no","cellular","jul",155,-1,"no"
43,"divorced","tertiary","yes","yes","cellular","aug",176,-1,"no"
49,"divorced","secondary","yes","no","cellular","feb",42,206,"no"
36,"single","secondary","yes","no","cellular","may",140,364,"no"
50,"single","secondary","no","no","telephone","jun",180,-1,"no"
47,"divorced","secondary","no","no","cellular","apr",335,-1,"no"
39,"single","secondary","no","no","cellular","aug",257,-1,"no"
38,"married","tertiary","no","no","cellular","aug",360,-1,"no"
49,"married","secondary","no","yes","cellular","jul",51,-1,"no"
21,"single","secondary","yes","no","unknown","jun",302,-1,"no"
39,"married","secondary","yes","no","cellular","may",127,-1,"no"
42,"married","secondary","yes","no","telephone","jul",51,-1,"no"
46,"divorced","primary","no","yes","cellular","feb",81,-1,"no"
59,"married","secondary","yes","no","telephone","may",556,287,"yes"
32,"single","secondary","no","no","cellular","jul",278,-1,"no"
38,"married","secondary","yes","no","unknown","jun",209,-1,"no"
32,"married","secondary","yes","yes","cellular","jul",80,-1,"no"
56,"married","primary","no","no","telephone","feb",111,-1,"no"
54,"married","primary","no","no","telephone","nov",240,-1,"no"
31,"married","secondary","no","no","unknown","jun",180,-1,"no"
43,"single","tertiary","yes","no","telephone","may",899,-1,"no"
51,"married","tertiary","yes","no","cellular","jul",364,-1,"no"
35,"single","secondary","yes","no","unknown","may",617,-1,"yes"
30,"divorced","tertiary","no","no","cellular","aug",72,-1,"no"
34,"married","primary","yes","no","cellular","may",98,-1,"no"
37,"married","secondary","yes","no","unknown","may",45,-1,"no"
39,"married","primary","yes","no","cellular","may",7,285,"no"
48,"divorced","tertiary","no","yes","cellular","aug",243,-1,"no"
36,"divorced","primary","no","yes","cellular","jul",128,-1,"no"
36,"married","secondary","yes","no","cellular","may",152,347,"no"
31,"married","secondary","yes","no","cellular","nov",394,-1,"no"
39,"married","secondary","yes","no","cellular","aug",744,-1,"yes"
31,"single","secondary","no","no","cellular","jul",421,-1,"no"
54,"divorced","secondary","no","no","cellular","aug",99,-1,"no"
30,"single","tertiary","no","no","cellular","nov",435,-1,"no"
51,"divorced","primary","yes","no","cellular","jul",322,-1,"no"
53,"married","primary","no","no","cellular","jan",114,-1,"no"
30,"married","secondary","yes","no","cellular","jul",93,-1,"no"
32,"single","tertiary","yes","no","cellular","jul",924,-1,"no"
26,"single","secondary","yes","no","unknown","jun",177,-1,"no"
33,"single","secondary","yes","no","cellular","may",223,-1,"no"
39,"married","secondary","yes","no","unknown","jun",102,-1,"no"
50,"divorced","unknown","yes","no","unknown","may",140,-1,"no"
32,"single","secondary","yes","no","unknown","may",108,-1,"no"
32,"single","secondary","no","no","telephone","may",846,-1,"no"
51,"married","secondary","no","no","cellular","jul",188,-1,"no"
37,"single","secondary","yes","no","cellular","apr",474,-1,"no"
47,"divorced","unknown","no","no","cellular","may",489,479,"yes"
33,"divorced","tertiary","no","no","cellular","aug",71,-1,"no"
44,"married","tertiary","yes","yes","unknown","may",183,-1,"no"
37,"married","secondary","no","no","unknown","jun",79,-1,"no"
44,"divorced","tertiary","no","no","cellular","aug",71,-1,"no"
34,"married","secondary","yes","no","cellular","nov",161,209,"yes"
25,"single","secondary","no","no","cellular","jul",658,-1,"yes"
45,"married","secondary","yes","no","cellular","may",114,-1,"no"
37,"single","tertiary","no","no","cellular","aug",225,-1,"no"
47,"married","primary","no","yes","cellular","jul",509,-1,"no"
51,"married","secondary","no","yes","cellular","jul",313,-1,"no"
45,"married","secondary","yes","no","unknown","may",238,-1,"no"
32,"married","tertiary","no","no","cellular","nov",66,-1,"no"
75,"married","primary","no","no","telephone","sep",808,187,"yes"
62,"married","tertiary","no","no","cellular","dec",188,-1,"no"
46,"married","primary","no","no","cellular","aug",129,-1,"no"
35,"single","tertiary","no","no","cellular","aug",329,-1,"no"
33,"single","tertiary","yes","no","cellular","apr",401,-1,"no"
60,"married","unknown","no","no","cellular","aug",113,-1,"no"
37,"married","secondary","no","no","unknown","jun",165,-1,"no"
29,"married","tertiary","no","no","cellular","apr",130,-1,"no"
49,"married","tertiary","yes","no","cellular","aug",91,-1,"no"
47,"married","tertiary","no","no","cellular","mar",193,181,"yes"
58,"married","secondary","no","no","unknown","jun",366,-1,"no"
41,"married","tertiary","yes","yes","cellular","apr",520,319,"no"
44,"married","tertiary","yes","no","cellular","may",78,264,"no"
40,"married","secondary","yes","no","cellular","jul",560,-1,"no"
36,"married","primary","yes","yes","cellular","may",174,359,"no"
26,"single","tertiary","no","no","cellular","apr",48,-1,"no"
34,"married","tertiary","yes","no","cellular","aug",159,-1,"no"
25,"single","secondary","no","no","cellular","aug",121,-1,"no"
33,"married","secondary","yes","yes","cellular","nov",286,-1,"no"
28,"single","secondary","yes","no","cellular","apr",346,-1,"no"
29,"divorced","secondary","yes","yes","cellular","may",286,-1,"no"
31,"married","secondary","no","no","cellular","aug",231,-1,"no"
53,"married","secondary","yes","no","unknown","may",197,-1,"no"
54,"married","secondary","yes","no","telephone","mar",88,-1,"no"
49,"married","primary","yes","no","unknown","may",198,-1,"no"
49,"married","secondary","no","no","cellular","dec",385,131,"no"
44,"married","secondary","yes","no","cellular","nov",126,174,"no"
46,"married","primary","yes","no","unknown","may",490,-1,"no"
44,"married","secondary","yes","no","cellular","nov",102,185,"no"
31,"single","tertiary","yes","no","cellular","apr",224,74,"no"
32,"married","secondary","yes","no","cellular","may",214,276,"no"
23,"single","secondary","yes","no","unknown","may",544,-1,"no"
41,"single","tertiary","no","no","cellular","jul",81,-1,"no"
40,"married","tertiary","no","no","unknown","oct",6,-1,"no"
37,"married","tertiary","no","no","unknown","jun",24,-1,"no"
31,"married","secondary","no","no","cellular","nov",775,-1,"no"
67,"single","primary","no","no","telephone","feb",110,-1,"no"
24,"single","secondary","no","no","cellular","feb",56,-1,"no"
76,"married","primary","no","no","cellular","aug",90,-1,"no"
43,"married","primary","yes","no","unknown","may",195,-1,"no"
50,"married","tertiary","no","no","cellular","nov",53,-1,"no"
54,"married","primary","no","no","cellular","aug",116,-1,"no"
31,"divorced","tertiary","no","yes","cellular","jul",241,-1,"yes"
45,"married","secondary","yes","no","unknown","may",68,-1,"no"
46,"divorced","secondary","yes","yes","cellular","apr",837,307,"no"
44,"married","secondary","no","yes","cellular","nov",166,-1,"no"
26,"single","secondary","no","no","cellular","jul",362,-1,"no"
39,"divorced","tertiary","yes","yes","cellular","apr",1012,-1,"no"
36,"single","tertiary","no","no","cellular","jun",317,-1,"no"
35,"married","secondary","yes","no","cellular","aug",80,-1,"no"
75,"divorced","secondary","no","no","telephone","nov",137,-1,"no"
42,"single","secondary","no","no","cellular","dec",163,186,"no"
36,"married","secondary","yes","no","unknown","may",427,-1,"no"
65,"married","primary","no","no","cellular","apr",229,-1,"yes"
33,"single","tertiary","no","no","cellular","aug",112,-1,"no"
35,"married","primary","yes","no","unknown","may",8,-1,"no"
31,"single","secondary","yes","no","cellular","feb",221,272,"no"
26,"single","secondary","yes","yes","unknown","jun",626,-1,"no"
54,"married","tertiary","no","yes","cellular","apr",240,162,"yes"
29,"single","secondary","yes","no","unknown","may",140,-1,"no"
45,"divorced","secondary","yes","no","unknown","may",277,-1,"no"
52,"married","primary","yes","no","cellular","may",129,-1,"no"
30,"single","secondary","yes","no","cellular","may",346,356,"no"
45,"divorced","tertiary","no","yes","cellular","jul",110,-1,"no"
57,"married","secondary","no","no","telephone","feb",219,311,"no"
33,"married","secondary","yes","yes","cellular","jul",332,-1,"no"
32,"married","secondary","no","no","unknown","may",143,-1,"no"
45,"single","secondary","yes","no","cellular","jul",108,-1,"no"
36,"married","unknown","yes","no","cellular","feb",184,-1,"no"
25,"single","secondary","yes","no","unknown","may",268,-1,"no"
26,"single","tertiary","yes","no","cellular","may",63,-1,"no"
37,"married","secondary","yes","yes","cellular","feb",121,254,"no"
41,"married","secondary","yes","yes","cellular","jul",234,-1,"no"
28,"single","secondary","yes","yes","cellular","may",205,-1,"no"
37,"single","primary","no","no","unknown","jun",39,-1,"no"
31,"married","secondary","no","no","cellular","may",225,-1,"no"
52,"married","primary","no","yes","cellular","nov",216,-1,"no"
31,"single","secondary","no","no","cellular","feb",155,-1,"no"
38,"divorced","secondary","no","no","cellular","aug",92,-1,"no"
34,"single","secondary","yes","no","cellular","jul",219,-1,"no"
35,"single","tertiary","yes","no","unknown","may",490,-1,"no"
51,"divorced","secondary","no","yes","cellular","jul",157,-1,"no"
37,"single","secondary","no","no","cellular","aug",933,-1,"yes"
41,"married","tertiary","yes","no","telephone","jul",231,-1,"no"
28,"married","secondary","no","no","unknown","jun",303,-1,"no"
42,"divorced","tertiary","no","no","unknown","jun",61,-1,"no"
39,"married","primary","yes","no","unknown","jun",112,-1,"no"
36,"married","secondary","yes","no","unknown","may",191,-1,"no"
40,"married","primary","yes","no","unknown","jun",541,-1,"no"
35,"divorced","secondary","yes","no","unknown","may",300,-1,"no"
55,"married","secondary","no","no","cellular","oct",135,113,"no"
34,"married","secondary","yes","no","cellular","may",81,-1,"no"
54,"divorced","tertiary","no","no","cellular","jul",321,-1,"yes"
59,"single","secondary","no","no","cellular","feb",1086,-1,"no"
39,"married","tertiary","no","no","cellular","jan",129,97,"no"
27,"single","secondary","no","yes","telephone","jan",125,-1,"no"
38,"single","secondary","yes","no","unknown","may",786,-1,"yes"
32,"single","secondary","yes","no","cellular","may",482,-1,"no"
39,"single","secondary","yes","no","unknown","may",788,-1,"no"
41,"married","primary","yes","no","cellular","jul",125,-1,"no"
34,"single","secondary","yes","no","cellular","jul",296,-1,"no"
31,"married","primary","yes","no","unknown","may",31,-1,"no"
48,"married","tertiary","no","yes","cellular","nov",106,-1,"no"
26,"single","tertiary","no","no","cellular","apr",200,-1,"yes"
42,"married","secondary","yes","no","telephone","may",231,284,"no"
36,"married","unknown","yes","no","unknown","may",268,-1,"no"
27,"single","tertiary","no","no","cellular","apr",114,-1,"yes"
33,"single","tertiary","yes","yes","cellular","may",601,10,"yes"
50,"married","tertiary","no","no","cellular","aug",869,-1,"no"
31,"single","secondary","yes","no","cellular","may",197,355,"no"
44,"married","secondary","yes","no","unknown","may",38,-1,"no"
32,"married","secondary","no","no","cellular","aug",435,-1,"no"
25,"single","secondary","no","no","cellular","oct",259,103,"yes"
29,"married","secondary","yes","yes","cellular","jul",263,-1,"no"
57,"married","tertiary","no","no","cellular","apr",142,-1,"no"
43,"married","secondary","yes","yes","cellular","may",1126,350,"no"
29,"married","secondary","no","no","cellular","jun",136,-1,"no"
36,"divorced","secondary","no","no","cellular","aug",396,-1,"yes"
34,"divorced","tertiary","no","yes","cellular","feb",102,170,"no"
32,"married","tertiary","no","no","cellular","aug",19,-1,"no"
37,"single","tertiary","no","no","cellular","may",29,349,"no"
33,"married","tertiary","no","no","cellular","aug",96,104,"no"
54,"married","secondary","no","no","cellular","aug",559,70,"yes"
33,"married","secondary","yes","no","cellular","may",437,370,"no"
40,"married","primary","yes","no","cellular","may",240,343,"no"
50,"married","secondary","yes","no","cellular","may",124,369,"no"
51,"married","primary","yes","yes","cellular","nov",233,-1,"no"
45,"married","tertiary","no","no","cellular","dec",364,191,"no"
30,"single","secondary","yes","no","cellular","may",428,-1,"no"
43,"married","tertiary","yes","no","cellular","may",55,113,"no"
35,"married","tertiary","no","no","cellular","aug",143,-1,"no"
41,"married","primary","yes","yes","unknown","jun",10,-1,"no"
39,"single","secondary","yes","no","unknown","jun",158,-1,"no"
30,"single","tertiary","no","no","cellular","jan",200,-1,"no"
41,"married","tertiary","no","no","cellular","feb",138,184,"yes"
24,"married","secondary","yes","no","cellular","may",217,-1,"no"
52,"divorced","secondary","no","no","cellular","jul",289,-1,"no"
41,"married","primary","yes","no","telephone","jul",117,-1,"no"
32,"single","secondary","yes","no","unknown","may",593,-1,"no"
43,"married","unknown","yes","no","unknown","may",702,-1,"no"
32,"married","tertiary","no","no","cellular","feb",666,-1,"yes"
47,"married","secondary","no","no","telephone","jul",118,-1,"no"
31,"single","secondary","no","yes","cellular","aug",162,-1,"no"
42,"married","secondary","yes","no","unknown","may",93,-1,"no"
33,"married","secondary","yes","yes","cellular","may",84,282,"no"
59,"married","secondary","no","no","cellular","apr",173,-1,"no"
46,"single","secondary","no","no","cellular","nov",108,-1,"no"
41,"married","tertiary","no","no","cellular","aug",136,-1,"no"
35,"divorced","secondary","yes","no","unknown","may",1205,-1,"yes"
53,"married","primary","no","no","cellular","jul",114,-1,"no"
35,"divorced","secondary","yes","no","unknown","may",114,-1,"no"
43,"married","secondary","no","no","cellular","aug",574,84,"yes"
40,"married","secondary","yes","yes","cellular","may",380,295,"no"
38,"married","secondary","yes","no","cellular","may",191,-1,"no"
49,"divorced","secondary","yes","yes","cellular","jul",67,-1,"no"
39,"single","secondary","no","no","unknown","jun",20,-1,"no"
65,"married","secondary","no","no","cellular","oct",189,-1,"no"
38,"single","secondary","yes","no","unknown","may",160,-1,"no"
31,"married","tertiary","yes","no","cellular","jul",266,-1,"no"
29,"single","tertiary","no","no","cellular","feb",563,-1,"no"
37,"married","secondary","yes","no","unknown","may",279,-1,"no"
28,"single","tertiary","yes","no","cellular","apr",505,-1,"no"
38,"married","tertiary","yes","no","cellular","apr",830,-1,"yes"
42,"married","primary","yes","no","cellular","apr",68,-1,"no"
42,"married","unknown","no","no","cellular","oct",72,160,"no"
33,"single","unknown","yes","yes","cellular","nov",192,-1,"no"
40,"married","secondary","yes","no","cellular","may",200,-1,"no"
46,"married","tertiary","yes","no","cellular","jan",58,-1,"no"
50,"married","secondary","no","no","cellular","apr",198,-1,"no"
31,"married","secondary","yes","no","unknown","may",44,-1,"no"
27,"single","tertiary","yes","yes","cellular","jan",236,-1,"no"
34,"married","tertiary","no","no","cellular","aug",227,-1,"no"
55,"divorced","tertiary","yes","yes","unknown","jun",267,-1,"no"
39,"divorced","secondary","no","yes","cellular","jul",148,-1,"no"
49,"married","secondary","yes","yes","unknown","may",137,-1,"no"
37,"married","secondary","yes","no","cellular","may",268,-1,"no"
43,"married","secondary","yes","no","cellular","apr",290,301,"no"
39,"married","tertiary","yes","no","cellular","nov",180,-1,"no"
34,"single","tertiary","yes","no","cellular","may",191,-1,"no"
51,"married","secondary","no","no","unknown","jun",93,-1,"no"
57,"divorced","secondary","no","no","cellular","nov",77,-1,"no"
32,"married","tertiary","yes","no","cellular","nov",278,-1,"no"
53,"married","tertiary","no","no","cellular","apr",284,84,"yes"
36,"married","tertiary","yes","no","unknown","jun",13,-1,"no"
35,"single","tertiary","yes","no","cellular","jul",70,-1,"no"
32,"married","secondary","yes","yes","unknown","may",86,-1,"no"
33,"married","secondary","no","no","cellular","aug",155,-1,"no"
37,"married","secondary","yes","no","unknown","may",229,-1,"no"
48,"single","primary","yes","no","cellular","feb",1425,-1,"yes"
40,"married","secondary","yes","no","cellular","may",207,351,"no"
40,"married","tertiary","yes","no","cellular","nov",375,125,"no"
32,"single","secondary","no","no","cellular","aug",255,-1,"yes"
36,"single","secondary","no","no","cellular","jun",93,-1,"no"
54,"married","secondary","yes","no","unknown","may",190,-1,"no"
36,"married","secondary","yes","no","unknown","may",210,-1,"no"
53,"married","tertiary","no","no","cellular","jan",147,-1,"no"
31,"single","secondary","no","no","cellular","apr",325,-1,"yes"
32,"single","tertiary","no","no","cellular","aug",101,3,"no"
58,"married","unknown","no","no","cellular","aug",273,-1,"no"
48,"married","secondary","yes","yes","unknown","may",755,-1,"no"
59,"married","tertiary","no","no","unknown","jun",41,-1,"no"
33,"married","tertiary","yes","no","cellular","may",389,195,"yes"
31,"single","secondary","yes","yes","unknown","may",111,-1,"no"
40,"married","primary","yes","no","unknown","may",173,-1,"no"
43,"married","tertiary","no","no","cellular","aug",190,-1,"no"
43,"married","unknown","yes","no","unknown","may",37,-1,"no"
34,"single","tertiary","no","no","cellular","nov",790,-1,"no"
35,"single","primary","no","yes","unknown","jun",414,-1,"no"
56,"married","tertiary","no","no","cellular","aug",454,-1,"no"
24,"single","secondary","no","no","telephone","oct",280,97,"no"
45,"single","primary","yes","no","unknown","jun",400,-1,"no"
40,"divorced","secondary","yes","no","unknown","may",177,-1,"no"
40,"married","primary","no","yes","cellular","jul",166,-1,"no"
52,"married","secondary","no","yes","telephone","nov",871,-1,"yes"
30,"single","secondary","yes","no","cellular","may",66,-1,"no"
57,"married","primary","no","no","cellular","aug",207,-1,"no"
31,"single","secondary","yes","no","telephone","nov",544,-1,"no"
48,"married","secondary","yes","no","cellular","may",361,89,"yes"
51,"divorced","primary","yes","no","cellular","may",347,284,"no"
25,"single","tertiary","no","no","cellular","aug",225,-1,"yes"
46,"divorced","primary","no","no","cellular","aug",100,-1,"no"
51,"divorced","secondary","yes","no","cellular","nov",86,-1,"no"
39,"married","primary","yes","no","unknown","jul",23,531,"no"
31,"single","unknown","yes","no","cellular","may",72,-1,"no"
60,"married","secondary","no","no","cellular","aug",143,-1,"no"
34,"single","tertiary","no","no","cellular","dec",554,-1,"no"
43,"single","secondary","yes","no","cellular","nov",78,110,"no"
38,"married","primary","yes","no","unknown","may",180,-1,"no"
40,"married","secondary","yes","no","unknown","may",143,-1,"no"
38,"married","tertiary","no","no","cellular","aug",82,-1,"no"
39,"single","primary","no","no","cellular","aug",261,-1,"yes"
46,"married","primary","yes","no","unknown","may",322,-1,"no"
54,"divorced","primary","yes","no","unknown","may",438,-1,"no"
35,"single","tertiary","no","no","cellular","jul",101,-1,"no"
25,"married","unknown","no","no","cellular","feb",151,297,"yes"
39,"married","tertiary","no","no","cellular","jan",114,-1,"no"
30,"married","primary","yes","no","unknown","may",409,-1,"no"
43,"married","secondary","yes","no","cellular","jul",745,-1,"yes"
38,"married","tertiary","yes","no","cellular","apr",82,-1,"no"
52,"married","secondary","yes","no","unknown","jul",92,-1,"no"
77,"married","primary","no","no","telephone","aug",345,178,"yes"
29,"married","secondary","yes","no","unknown","may",314,-1,"no"
59,"married","secondary","yes","no","cellular","may",301,263,"no"
55,"single","secondary","no","no","unknown","jun",65,-1,"no"
37,"single","secondary","no","no","cellular","aug",724,-1,"yes"
28,"married","secondary","yes","no","cellular","may",450,-1,"no"
53,"married","secondary","no","no","cellular","aug",25,-1,"no"
40,"married","secondary","yes","no","unknown","may",166,-1,"no"
36,"married","secondary","yes","no","cellular","may",427,-1,"no"
37,"single","secondary","yes","no","unknown","may",110,-1,"no"
38,"single","secondary","no","no","cellular","apr",117,-1,"no"
29,"single","secondary","yes","no","unknown","may",188,-1,"no"
38,"single","tertiary","yes","yes","cellular","aug",1103,-1,"yes"
32,"married","secondary","yes","no","cellular","aug",168,-1,"no"
45,"married","secondary","yes","no","cellular","may",447,-1,"yes"
54,"married","secondary","yes","yes","unknown","may",133,-1,"no"
39,"married","secondary","yes","no","cellular","aug",175,116,"yes"
46,"married","primary","yes","no","unknown","may",526,-1,"no"
55,"married","tertiary","yes","no","cellular","apr",878,-1,"no"
35,"married","primary","no","no","cellular","jul",57,-1,"no"
31,"single","secondary","no","no","cellular","feb",78,-1,"no"
33,"married","secondary","no","no","cellular","apr",475,-1,"yes"
32,"married","primary","yes","no","unknown","jul",19,-1,"no"
45,"married","secondary","yes","no","unknown","may",171,-1,"no"
34,"married","secondary","no","no","unknown","may",195,-1,"no"
30,"married","tertiary","no","no","cellular","aug",51,-1,"no"
42,"married","primary","yes","no","unknown","jun",40,-1,"no"
40,"married","primary","yes","no","unknown","may",316,-1,"no"
36,"married","tertiary","yes","no","unknown","may",509,-1,"no"
49,"single","tertiary","yes","no","unknown","jun",59,-1,"no"
32,"married","tertiary","no","no","cellular","may",126,356,"no"
34,"married","tertiary","no","no","cellular","may",112,-1,"no"
26,"married","secondary","yes","yes","unknown","jun",165,-1,"no"
60,"divorced","secondary","yes","no","unknown","may",131,-1,"no"
38,"married","primary","yes","no","cellular","nov",101,-1,"no"
37,"married","secondary","yes","no","cellular","aug",59,-1,"no"
46,"married","secondary","no","no","cellular","jul",100,-1,"no"
32,"single","secondary","yes","no","cellular","nov",564,183,"no"
39,"married","secondary","yes","no","unknown","jun",143,-1,"no"
57,"married","tertiary","no","yes","unknown","may",262,-1,"no"
49,"married","tertiary","no","no","cellular","aug",238,-1,"no"
30,"single","secondary","yes","no","cellular","may",136,361,"no"
34,"single","tertiary","no","no","cellular","aug",116,-1,"no"
35,"single","secondary","yes","no","cellular","nov",305,-1,"no"
51,"married","tertiary","no","no","unknown","jun",242,-1,"no"
49,"married","primary","no","no","unknown","jun",124,-1,"no"
35,"married","secondary","no","no","cellular","mar",136,-1,"no"
37,"divorced","unknown","yes","no","cellular","may",200,-1,"no"
23,"single","tertiary","yes","no","unknown","may",278,-1,"no"
58,"married","primary","no","no","cellular","apr",122,341,"no"
44,"married","secondary","yes","no","cellular","may",471,174,"no"
37,"single","tertiary","no","no","cellular","jun",310,-1,"yes"
47,"married","secondary","no","no","cellular","aug",68,-1,"no"
50,"married","secondary","yes","no","unknown","may",180,-1,"no"
52,"divorced","tertiary","yes","yes","cellular","apr",160,-1,"no"
39,"married","tertiary","yes","yes","cellular","apr",517,255,"no"
33,"single","secondary","yes","no","cellular","feb",1052,-1,"no"
35,"single","tertiary","yes","no","cellular","may",107,265,"no"
36,"married","secondary","yes","no","cellular","may",113,-1,"no"
31,"married","tertiary","yes","yes","unknown","may",523,-1,"no"
43,"married","tertiary","yes","no","cellular","nov",214,-1,"no"
28,"married","tertiary","no","yes","cellular","jul",57,-1,"no"
48,"single","tertiary","yes","no","cellular","sep",600,92,"yes"
34,"divorced","secondary","no","yes","unknown","jul",88,-1,"no"
38,"married","secondary","yes","no","cellular","jul",1545,-1,"yes"
34,"married","tertiary","no","no","cellular","jul",60,-1,"no"
33,"married","secondary","yes","no","cellular","may",27,-1,"no"
31,"single","secondary","yes","no","cellular","jul",381,-1,"no"
30,"single","secondary","yes","no","unknown","jun",178,-1,"no"
45,"married","secondary","yes","no","cellular","may",108,-1,"no"
31,"single","tertiary","no","no","cellular","jun",107,-1,"yes"
47,"divorced","secondary","yes","no","cellular","jul",142,-1,"no"
42,"single","unknown","no","no","cellular","aug",187,102,"yes"
50,"married","secondary","no","no","cellular","jul",155,-1,"no"
30,"single","secondary","no","no","cellular","oct",54,-1,"no"
23,"single","secondary","no","no","cellular","aug",217,99,"yes"
40,"married","secondary","no","no","unknown","jun",208,-1,"no"
36,"single","secondary","no","no","telephone","feb",38,-1,"no"
39,"single","secondary","no","no","unknown","jun",188,-1,"no"
48,"married","secondary","yes","no","unknown","may",224,-1,"no"
31,"single","secondary","yes","no","cellular","may",97,370,"no"
30,"single","secondary","no","no","cellular","apr",245,-1,"no"
56,"married","secondary","no","no","cellular","jul",659,-1,"no"
53,"married","primary","no","no","unknown","jun",159,-1,"no"
53,"married","primary","yes","no","telephone","may",11,-1,"no"
50,"married","primary","yes","no","cellular","may",99,339,"no"
29,"single","unknown","no","no","cellular","feb",186,-1,"no"
56,"married","tertiary","yes","yes","cellular","apr",326,-1,"no"
56,"married","primary","no","no","unknown","may",215,-1,"no"
60,"single","secondary","no","no","cellular","feb",175,8,"no"
35,"single","secondary","yes","no","cellular","may",1359,368,"yes"
33,"married","tertiary","no","no","cellular","aug",99,-1,"no"
33,"single","tertiary","no","no","cellular","aug",56,-1,"no"
48,"married","secondary","yes","yes","cellular","may",99,-1,"no"
66,"single","tertiary","no","no","cellular","aug",275,-1,"no"
23,"single","secondary","yes","no","unknown","jun",280,-1,"no"
59,"married","secondary","yes","yes","cellular","apr",126,239,"no"
57,"married","tertiary","yes","no","cellular","jul",322,-1,"no"
35,"married","secondary","yes","no","unknown","may",74,-1,"no"
29,"single","secondary","no","yes","cellular","jul",108,-1,"no"
31,"single","tertiary","yes","no","cellular","jul",211,92,"no"
37,"married","secondary","no","no","cellular","jul",629,-1,"yes"
60,"divorced","secondary","yes","yes","cellular","feb",1658,262,"yes"
46,"married","primary","yes","no","cellular","feb",75,264,"no"
25,"single","unknown","no","yes","cellular","jul",455,-1,"no"
51,"married","tertiary","no","no","unknown","jun",92,-1,"no"
51,"married","tertiary","no","no","cellular","nov",977,-1,"yes"
33,"married","secondary","no","no","cellular","nov",262,94,"yes"
43,"divorced","secondary","yes","no","cellular","jan",130,247,"no"
41,"single","secondary","yes","yes","cellular","apr",154,-1,"no"
40,"married","secondary","yes","no","cellular","may",851,-1,"no"
46,"married","primary","no","no","cellular","aug",996,-1,"yes"
36,"married","secondary","no","yes","unknown","jun",138,-1,"no"
35,"single","tertiary","yes","no","cellular","may",460,-1,"yes"
54,"married","unknown","no","no","unknown","jun",13,-1,"no"
32,"married","primary","no","no","cellular","jan",696,-1,"yes"
26,"single","tertiary","no","no","cellular","aug",238,-1,"yes"
49,"divorced","secondary","no","yes","cellular","feb",1226,-1,"yes"
40,"married","tertiary","no","no","cellular","apr",499,185,"yes"
31,"single","tertiary","no","no","cellular","sep",208,105,"no"
50,"married","tertiary","yes","no","cellular","jul",68,-1,"no"
57,"married","primary","yes","no","unknown","may",139,-1,"no"
56,"married","secondary","no","no","unknown","jun",54,-1,"no"
40,"married","primary","yes","yes","cellular","may",361,-1,"no"
55,"married","unknown","yes","no","cellular","nov",237,182,"no"
67,"married","unknown","no","no","telephone","may",77,-1,"no"
37,"married","secondary","yes","no","unknown","jun",41,-1,"no"
56,"single","tertiary","no","no","cellular","aug",57,-1,"no"
60,"married","tertiary","yes","no","unknown","may",194,-1,"no"
29,"single","secondary","yes","no","unknown","jun",182,-1,"no"
35,"married","tertiary","no","no","cellular","aug",82,-1,"no"
41,"married","unknown","yes","no","cellular","may",111,371,"no"
35,"married","secondary","yes","no","cellular","may",862,337,"yes"
37,"married","tertiary","yes","no","cellular","jul",283,-1,"no"
30,"single","tertiary","no","no","cellular","dec",449,-1,"yes"
40,"married","secondary","no","no","cellular","jul",277,-1,"no"
50,"married","tertiary","yes","no","unknown","jun",200,-1,"no"
29,"single","tertiary","no","no","cellular","may",245,97,"no"
31,"married","tertiary","yes","yes","cellular","feb",331,-1,"yes"
46,"married","tertiary","yes","no","cellular","jul",85,-1,"no"
58,"married","tertiary","no","no","unknown","may",177,-1,"no"
33,"married","secondary","yes","no","cellular","may",90,-1,"no"
44,"married","secondary","yes","no","telephone","jul",257,-1,"no"
70,"married","tertiary","no","no","cellular","oct",110,-1,"no"
56,"married","primary","yes","no","unknown","jun",108,-1,"no"
47,"married","secondary","yes","no","cellular","jul",110,-1,"no"
44,"married","secondary","yes","no","unknown","may",65,-1,"no"
29,"single","secondary","yes","yes","unknown","may",176,-1,"no"
45,"married","secondary","yes","no","cellular","jul",167,-1,"no"
33,"single","tertiary","yes","no","cellular","nov",199,-1,"no"
39,"married","primary","yes","no","unknown","may",347,-1,"no"
50,"married","secondary","no","yes","cellular","jul",1130,-1,"yes"
45,"divorced","secondary","no","no","unknown","jul",155,-1,"no"
52,"married","primary","no","no","telephone","jun",153,-1,"no"
47,"married","secondary","yes","no","unknown","jun",67,-1,"no"
33,"married","secondary","no","no","cellular","may",367,-1,"yes"
56,"married","secondary","yes","no","unknown","may",264,-1,"no"
33,"married","tertiary","yes","no","cellular","nov",245,-1,"no"
36,"married","primary","yes","no","unknown","may",522,-1,"no"
58,"married","primary","no","no","cellular","aug",396,-1,"no"
51,"married","secondary","yes","no","telephone","jul",722,-1,"no"
60,"married","primary","no","no","unknown","may",395,-1,"no"
44,"single","primary","no","no","unknown","jun",258,-1,"no"
38,"married","tertiary","no","no","cellular","apr",85,-1,"no"
32,"single","tertiary","yes","no","cellular","apr",114,-1,"yes"
43,"divorced","secondary","no","no","cellular","aug",332,-1,"no"
51,"married","secondary","no","no","cellular","aug",141,-1,"no"
30,"single","secondary","yes","no","cellular","apr",948,-1,"no"
54,"divorced","secondary","yes","no","unknown","may",260,-1,"no"
45,"married","tertiary","yes","yes","cellular","jul",118,-1,"no"
52,"married","tertiary","no","no","cellular","jul",127,-1,"no"
32,"married","tertiary","no","no","cellular","aug",80,-1,"no"
41,"married","primary","yes","no","cellular","feb",192,8,"no"
42,"married","unknown","no","no","cellular","jul",268,-1,"yes"
39,"married","tertiary","yes","no","unknown","may",253,-1,"no"
60,"married","tertiary","no","no","unknown","jun",320,-1,"no"
43,"divorced","primary","yes","yes","cellular","jul",747,-1,"no"
47,"married","tertiary","yes","yes","unknown","jun",339,-1,"no"
30,"married","secondary","no","yes","cellular","jul",1046,-1,"no"
32,"single","secondary","yes","no","cellular","may",158,-1,"yes"
49,"married","primary","no","no","unknown","jun",204,-1,"no"
36,"single","secondary","no","no","cellular","may",1243,-1,"no"
47,"married","secondary","yes","no","cellular","feb",139,73,"no"
36,"married","secondary","yes","no","cellular","apr",344,-1,"no"
46,"married","primary","yes","no","cellular","nov",332,-1,"no"
60,"married","secondary","no","no","cellular","aug",92,-1,"no"
36,"single","tertiary","no","no","unknown","jun",398,-1,"no"
36,"single","secondary","yes","yes","unknown","may",156,-1,"no"
42,"married","secondary","no","no","unknown","may",249,-1,"no"
46,"married","primary","yes","no","cellular","apr",70,344,"no"
58,"divorced","secondary","no","no","cellular","aug",167,-1,"no"
42,"single","tertiary","no","no","cellular","feb",393,-1,"no"
40,"married","secondary","no","no","cellular","jul",253,-1,"no"
47,"married","secondary","no","yes","cellular","jun",238,139,"no"
39,"married","secondary","yes","no","cellular","may",135,361,"no"
55,"married","secondary","no","no","unknown","jun",60,-1,"no"
54,"married","tertiary","yes","no","cellular","aug",205,-1,"no"
33,"single","unknown","yes","no","unknown","may",415,-1,"no"
33,"married","secondary","yes","no","cellular","jul",301,-1,"no"
27,"single","secondary","yes","no","cellular","may",74,-1,"no"
45,"married","secondary","yes","no","unknown","jun",151,-1,"no"
31,"married","secondary","yes","no","unknown","may",146,-1,"no"
34,"married","tertiary","no","no","cellular","aug",68,-1,"no"
38,"married","primary","yes","yes","telephone","may",212,-1,"no"
48,"single","unknown","yes","no","unknown","may",101,-1,"no"
30,"married","secondary","yes","no","unknown","may",610,-1,"no"
34,"married","tertiary","no","no","cellular","may",243,35,"yes"
59,"married","secondary","yes","no","cellular","jul",272,-1,"no"
37,"married","primary","no","no","unknown","jun",228,-1,"no"
31,"single","secondary","yes","no","unknown","may",66,-1,"no"
55,"divorced","unknown","no","no","telephone","jul",91,-1,"no"
45,"married","secondary","yes","no","unknown","may",211,-1,"no"
31,"married","tertiary","no","no","cellular","aug",74,-1,"no"
39,"married","primary","no","no","unknown","jun",215,-1,"no"
34,"married","tertiary","yes","no","unknown","may",895,-1,"yes"
56,"married","secondary","no","no","unknown","jun",237,-1,"no"
34,"married","secondary","yes","no","cellular","nov",107,-1,"no"
24,"single","secondary","no","no","cellular","may",331,-1,"no"
55,"single","tertiary","no","no","cellular","jul",246,-1,"no"
40,"married","secondary","yes","no","unknown","may",107,-1,"no"
31,"married","tertiary","yes","no","cellular","jun",122,185,"no"
56,"married","secondary","no","no","unknown","jun",935,-1,"yes"
41,"married","secondary","yes","no","cellular","feb",418,-1,"no"
35,"married","secondary","no","yes","cellular","aug",823,-1,"yes"
49,"married","tertiary","yes","no","unknown","may",221,-1,"no"
33,"married","secondary","yes","no","cellular","may",263,294,"no"
58,"married","secondary","yes","no","unknown","may",140,-1,"no"
55,"married","secondary","no","no","cellular","jul",138,-1,"no"
30,"single","tertiary","no","yes","cellular","jul",214,-1,"no"
40,"divorced","secondary","yes","no","unknown","jun",363,-1,"no"
32,"single","tertiary","no","no","telephone","jan",223,275,"no"
55,"married","secondary","yes","no","cellular","jul",155,-1,"no"
35,"married","secondary","yes","no","unknown","aug",6,-1,"no"
32,"married","tertiary","yes","no","unknown","may",179,-1,"no"
41,"divorced","tertiary","yes","no","cellular","nov",855,-1,"no"
56,"married","primary","yes","no","cellular","nov",149,-1,"no"
47,"married","unknown","no","no","cellular","aug",187,-1,"no"
55,"married","secondary","yes","no","cellular","jul",314,-1,"no"
56,"married","secondary","yes","yes","cellular","apr",152,223,"no"
46,"married","primary","yes","no","unknown","may",123,-1,"no"
53,"married","secondary","yes","no","cellular","apr",304,340,"no"
44,"married","tertiary","no","no","cellular","aug",243,-1,"no"
60,"married","primary","no","yes","cellular","jan",326,183,"no"
40,"married","primary","no","no","unknown","jun",100,-1,"no"
34,"married","secondary","yes","yes","unknown","may",16,-1,"no"
59,"married","secondary","no","yes","unknown","may",61,-1,"no"
30,"single","secondary","yes","yes","cellular","may",91,-1,"no"
49,"married","secondary","yes","yes","unknown","may",189,-1,"no"
29,"single","secondary","no","no","cellular","may",50,-1,"no"
37,"married","secondary","no","no","unknown","jun",105,-1,"no"
56,"married","secondary","yes","yes","unknown","jul",71,-1,"no"
28,"single","secondary","yes","no","cellular","apr",52,-1,"no"
34,"married","secondary","yes","no","cellular","apr",579,350,"no"
29,"single","secondary","no","no","cellular","feb",605,-1,"no"
58,"divorced","primary","no","no","cellular","jul",128,234,"no"
30,"married","secondary","yes","no","unknown","may",173,-1,"no"
39,"single","tertiary","yes","no","cellular","feb",268,196,"no"
42,"single","primary","no","no","unknown","jun",973,-1,"yes"
31,"married","secondary","no","yes","cellular","aug",144,-1,"no"
39,"married","secondary","yes","no","unknown","may",214,-1,"no"
46,"divorced","primary","yes","no","cellular","apr",541,150,"no"
31,"married","tertiary","yes","no","cellular","jul",118,-1,"no"
34,"married","primary","yes","no","cellular","feb",192,-1,"no"
27,"married","secondary","yes","no","unknown","may",21,-1,"no"
37,"married","secondary","yes","no","cellular","jul",108,-1,"no"
44,"married","secondary","no","no","cellular","jul",367,-1,"no"
43,"married","secondary","yes","no","cellular","apr",131,349,"no"
27,"single","tertiary","no","no","cellular","jan",144,-1,"no"
37,"married","secondary","no","no","cellular","jul",126,-1,"no"
36,"married","secondary","yes","no","cellular","may",224,-1,"yes"
31,"married","secondary","yes","no","cellular","nov",226,-1,"no"
37,"married","tertiary","yes","yes","cellular","nov",69,-1,"no"
30,"single","secondary","no","no","cellular","aug",21,-1,"no"
49,"married","primary","no","yes","cellular","aug",125,-1,"no"
46,"married","unknown","no","no","cellular","feb",425,82,"no"
36,"married","secondary","yes","no","telephone","may",91,170,"no"
59,"married","secondary","no","no","telephone","jun",277,-1,"no"
27,"single","secondary","yes","no","unknown","jun",172,-1,"no"
34,"married","secondary","yes","no","cellular","may",16,273,"no"
51,"married","secondary","no","no","cellular","aug",237,-1,"no"
28,"single","tertiary","yes","no","cellular","jul",170,-1,"no"
26,"single","secondary","no","yes","cellular","jul",299,-1,"no"
66,"married","primary","no","no","telephone","aug",117,-1,"no"
30,"single","tertiary","no","no","cellular","mar",92,90,"yes"
59,"married","primary","no","no","telephone","apr",85,-1,"no"
53,"married","primary","yes","no","unknown","may",73,-1,"no"
63,"divorced","secondary","no","no","cellular","aug",415,-1,"no"
28,"single","unknown","yes","no","unknown","may",307,-1,"no"
37,"married","secondary","no","no","cellular","jan",1424,-1,"no"
32,"single","primary","no","no","cellular","nov",149,-1,"no"
35,"married","secondary","yes","no","unknown","jun",753,-1,"no"
59,"married","secondary","no","no","cellular","nov",117,-1,"no"
33,"married","secondary","no","no","unknown","may",211,-1,"no"
48,"single","primary","no","no","cellular","may",75,-1,"no"
36,"single","secondary","no","no","cellular","oct",135,91,"no"
43,"married","secondary","no","no","unknown","jun",153,-1,"no"
40,"married","secondary","yes","no","unknown","may",633,-1,"no"
59,"married","primary","yes","no","telephone","jul",97,-1,"no"
37,"married","primary","yes","yes","cellular","jul",46,-1,"no"
52,"married","secondary","no","yes","cellular","feb",72,203,"no"
54,"married","unknown","no","no","cellular","oct",335,-1,"yes"
32,"married","secondary","no","no","unknown","may",206,-1,"no"
24,"single","secondary","yes","no","unknown","may",570,-1,"no"
29,"married","secondary","yes","no","cellular","jul",346,-1,"no"
31,"single","primary","yes","no","unknown","may",485,-1,"no"
51,"married","secondary","no","no","cellular","nov",73,-1,"no"
39,"single","secondary","no","no","cellular","sep",213,185,"yes"
37,"single","primary","yes","no","unknown","may",196,-1,"no"
36,"married","secondary","yes","no","cellular","apr",103,-1,"no"
38,"single","secondary","yes","no","cellular","may",61,-1,"no"
57,"married","tertiary","no","no","cellular","jun",295,-1,"yes"
30,"single","secondary","yes","no","cellular","may",420,-1,"yes"
34,"married","tertiary","yes","no","cellular","apr",140,-1,"no"
52,"married","unknown","yes","no","cellular","jul",212,-1,"no"
52,"married","primary","no","no","cellular","aug",217,-1,"no"
28,"single","secondary","no","no","cellular","jun",60,-1,"no"
38,"married","primary","no","no","cellular","aug",634,-1,"no"
45,"married","secondary","yes","yes","unknown","may",208,-1,"no"
30,"single","secondary","yes","no","cellular","nov",705,-1,"yes"
56,"married","tertiary","yes","yes","cellular","jan",299,2,"no"
31,"married","secondary","yes","no","unknown","may",167,-1,"no"
44,"married","secondary","yes","yes","cellular","may",10,-1,"no"
38,"married","tertiary","no","no","cellular","aug",210,-1,"no"
34,"single","primary","yes","no","cellular","feb",288,-1,"no"
37,"single","secondary","yes","no","unknown","may",78,-1,"no"
44,"single","secondary","no","no","unknown","jun",82,-1,"no"
56,"married","secondary","no","no","cellular","oct",223,-1,"no"
37,"married","tertiary","yes","no","cellular","may",281,345,"no"
43,"divorced","secondary","yes","no","cellular","nov",63,-1,"no"
59,"single","secondary","yes","yes","cellular","apr",84,-1,"no"
39,"single","tertiary","no","no","cellular","aug",342,-1,"no"
30,"single","tertiary","yes","no","cellular","may",145,281,"no"
77,"married","secondary","no","no","telephone","mar",515,-1,"yes"
29,"single","secondary","no","yes","unknown","jul",200,-1,"no"
56,"divorced","secondary","yes","yes","cellular","may",263,357,"no"
53,"married","tertiary","no","yes","cellular","nov",442,113,"no"
52,"married","primary","no","no","unknown","jun",553,-1,"no"
30,"single","tertiary","no","no","cellular","mar",158,-1,"yes"
35,"married","primary","yes","no","cellular","apr",110,-1,"no"
41,"married","secondary","no","no","cellular","nov",202,-1,"no"
43,"single","secondary","yes","no","cellular","may",107,-1,"no"
51,"married","tertiary","yes","no","cellular","may",154,363,"no"
26,"single","secondary","yes","yes","cellular","jul",46,-1,"no"
55,"divorced","tertiary","no","no","cellular","nov",134,91,"yes"
51,"divorced","secondary","yes","no","cellular","jul",97,-1,"no"
60,"married","primary","no","no","cellular","oct",205,-1,"no"
77,"married","unknown","no","no","telephone","feb",261,-1,"no"
45,"divorced","secondary","no","no","cellular","nov",39,127,"no"
28,"single","secondary","no","no","unknown","may",107,-1,"no"
31,"single","secondary","yes","yes","unknown","may",431,-1,"no"
28,"single","secondary","yes","no","cellular","may",188,360,"no"
34,"married","primary","yes","no","unknown","jun",75,-1,"no"
39,"single","secondary","no","yes","cellular","jul",106,-1,"no"
33,"married","secondary","yes","no","cellular","apr",407,-1,"no"
41,"married","tertiary","no","no","cellular","aug",206,97,"no"
60,"married","secondary","no","no","cellular","may",173,279,"yes"
47,"married","secondary","no","no","cellular","feb",226,-1,"yes"
51,"divorced","secondary","no","no","cellular","aug",146,-1,"no"
51,"single","secondary","no","no","cellular","jul",638,-1,"yes"
60,"married","tertiary","no","no","cellular","aug",80,-1,"no"
43,"married","secondary","no","no","cellular","aug",291,95,"yes"
34,"married","primary","yes","yes","cellular","jul",15,-1,"no"
43,"married","primary","no","no","telephone","jul",245,-1,"no"
43,"married","tertiary","no","no","unknown","jun",367,-1,"no"
51,"married","tertiary","yes","no","cellular","nov",727,-1,"no"
54,"single","tertiary","yes","no","cellular","apr",376,-1,"no"
30,"single","secondary","no","no","cellular","jul",133,-1,"no"
42,"married","primary","yes","no","unknown","jun",627,-1,"no"
46,"single","tertiary","no","no","cellular","aug",225,-1,"yes"
40,"married","secondary","yes","no","cellular","aug",55,-1,"no"
47,"married","unknown","yes","no","cellular","may",175,-1,"no"
38,"single","tertiary","no","no","cellular","jun",352,-1,"no"
40,"married","secondary","no","no","cellular","nov",82,-1,"no"
45,"single","primary","yes","no","cellular","jan",78,-1,"no"
49,"married","secondary","no","no","cellular","aug",57,-1,"no"
36,"married","primary","yes","no","unknown","jun",278,-1,"no"
26,"single","tertiary","yes","no","cellular","jan",78,-1,"no"
55,"married","tertiary","no","no","cellular","feb",80,-1,"no"
30,"single","tertiary","no","no","cellular","jun",238,-1,"yes"
49,"married","primary","yes","no","telephone","nov",33,-1,"no"
43,"single","tertiary","no","no","cellular","nov",11,-1,"no"
34,"married","secondary","yes","no","unknown","may",627,-1,"no"
60,"married","tertiary","no","no","cellular","aug",139,-1,"no"
35,"married","secondary","yes","no","cellular","aug",240,-1,"no"
35,"single","secondary","no","no","cellular","aug",113,-1,"no"
38,"single","tertiary","no","no","cellular","aug",79,-1,"no"
32,"single","tertiary","yes","no","unknown","may",303,-1,"no"
36,"single","tertiary","yes","no","cellular","may",608,-1,"yes"
36,"married","secondary","yes","no","unknown","may",137,-1,"no"
42,"married","tertiary","no","no","unknown","jun",116,-1,"no"
33,"single","unknown","no","no","cellular","may",136,-1,"no"
49,"married","secondary","no","no","cellular","aug",227,-1,"no"
40,"single","primary","yes","no","cellular","may",70,-1,"no"
51,"married","tertiary","no","yes","cellular","jul",371,166,"yes"
57,"married","primary","yes","no","unknown","jun",319,-1,"no"
31,"married","tertiary","yes","no","cellular","may",96,349,"no"
32,"married","secondary","yes","no","unknown","may",431,-1,"no"
28,"married","secondary","yes","no","unknown","jul",53,-1,"no"
28,"single","secondary","no","no","cellular","may",253,107,"no"
36,"married","secondary","yes","yes","unknown","may",88,-1,"no"
35,"single","tertiary","no","no","cellular","aug",125,-1,"no"
41,"married","secondary","yes","yes","cellular","nov",12,190,"no"
46,"married","primary","yes","yes","unknown","may",221,-1,"no"
52,"married","secondary","yes","no","cellular","jul",58,-1,"no"
28,"married","secondary","yes","yes","unknown","jun",121,-1,"no"
33,"married","secondary","yes","no","unknown","may",123,-1,"no"
50,"divorced","secondary","yes","no","unknown","jun",88,-1,"no"
33,"married","tertiary","yes","no","cellular","aug",12,-1,"no"
40,"single","secondary","no","no","cellular","jul",1342,-1,"yes"
54,"married","primary","yes","no","cellular","aug",120,-1,"no"
53,"divorced","secondary","yes","yes","cellular","may",48,-1,"no"
34,"married","primary","yes","no","unknown","may",20,-1,"no"
32,"single","tertiary","yes","no","cellular","feb",122,-1,"no"
55,"married","primary","yes","no","unknown","may",160,-1,"no"
52,"married","primary","no","no","cellular","jan",73,-1,"no"
28,"married","primary","yes","no","unknown","may",78,-1,"no"
43,"married","secondary","yes","yes","cellular","may",51,-1,"no"
37,"single","secondary","yes","no","cellular","jul",484,-1,"no"
36,"married","secondary","yes","yes","cellular","feb",50,-1,"no"
33,"married","primary","yes","no","cellular","apr",311,330,"no"
43,"single","secondary","yes","no","cellular","may",260,-1,"no"
42,"divorced","tertiary","no","no","cellular","nov",140,-1,"no"
28,"married","tertiary","no","yes","cellular","jan",188,-1,"no"
56,"married","tertiary","yes","yes","cellular","nov",113,-1,"no"
31,"single","secondary","yes","no","unknown","may",182,-1,"no"
60,"married","primary","yes","no","unknown","may",140,-1,"no"
45,"married","primary","no","no","cellular","jul",639,-1,"no"
49,"single","primary","no","no","cellular","feb",433,-1,"no"
31,"divorced","secondary","yes","no","cellular","jul",72,-1,"no"
31,"single","secondary","no","yes","cellular","feb",323,109,"no"
38,"divorced","secondary","yes","no","unknown","may",604,-1,"yes"
50,"married","primary","yes","yes","cellular","apr",184,151,"no"
31,"single","tertiary","no","no","cellular","apr",214,87,"no"
29,"married","secondary","yes","no","unknown","jun",355,-1,"no"
34,"single","tertiary","no","no","cellular","nov",93,-1,"no"
27,"single","tertiary","no","no","telephone","may",281,101,"no"
33,"single","secondary","no","no","cellular","feb",118,-1,"no"
27,"single","secondary","yes","no","cellular","jan",274,-1,"no"
72,"married","secondary","no","no","cellular","aug",186,-1,"yes"
30,"single","secondary","yes","yes","unknown","may",287,-1,"no"
37,"married","primary","yes","no","cellular","jul",467,-1,"no"
32,"married","tertiary","no","no","cellular","feb",106,-1,"no"
36,"married","tertiary","no","yes","cellular","aug",452,-1,"no"
34,"single","secondary","yes","no","cellular","may",14,-1,"no"
25,"single","unknown","no","no","cellular","may",311,-1,"yes"
41,"married","tertiary","no","no","unknown","jun",13,-1,"no"
34,"married","secondary","no","no","cellular","apr",282,150,"no"
38,"married","primary","no","no","unknown","jun",49,-1,"no"
38,"married","secondary","yes","no","unknown","may",130,-1,"no"
60,"married","primary","no","no","unknown","jun",227,-1,"no"
36,"married","secondary","no","no","cellular","jul",24,-1,"no"
34,"single","tertiary","no","no","cellular","aug",215,-1,"no"
29,"married","tertiary","yes","yes","cellular","jul",58,-1,"no"
33,"single","secondary","no","yes","cellular","jul",254,-1,"no"
64,"married","primary","yes","no","cellular","feb",65,-1,"no"
35,"single","secondary","yes","no","cellular","may",456,300,"yes"
43,"married","primary","yes","no","cellular","may",58,347,"no"
27,"single","secondary","yes","yes","unknown","jun",680,-1,"no"
71,"married","secondary","no","no","cellular","feb",660,-1,"yes"
41,"divorced","secondary","yes","no","cellular","may",442,-1,"no"
53,"married","tertiary","no","yes","cellular","jul",86,-1,"no"
33,"married","tertiary","yes","no","cellular","aug",113,-1,"no"
36,"single","tertiary","yes","no","unknown","jun",756,-1,"no"
38,"married","tertiary","no","yes","cellular","nov",160,120,"no"
33,"single","tertiary","no","no","telephone","nov",76,-1,"no"
65,"married","primary","no","no","telephone","feb",159,-1,"no"
44,"married","primary","yes","no","telephone","jul",224,-1,"no"
41,"divorced","secondary","yes","no","unknown","jun",196,-1,"no"
39,"married","primary","no","no","unknown","jun",99,-1,"no"
32,"married","primary","yes","yes","telephone","jul",454,-1,"no"
43,"married","secondary","yes","no","cellular","may",216,368,"no"
60,"married","secondary","no","no","telephone","jun",206,-1,"yes"
34,"single","secondary","no","no","cellular","aug",124,-1,"no"
33,"married","tertiary","yes","no","unknown","jun",223,-1,"no"
46,"married","secondary","yes","no","cellular","apr",78,-1,"no"
24,"single","secondary","no","no","cellular","apr",66,330,"no"
30,"married","tertiary","no","no","cellular","jul",146,-1,"no"
51,"married","secondary","yes","no","cellular","nov",150,188,"no"
37,"married","tertiary","no","no","telephone","feb",367,176,"yes"
44,"married","secondary","yes","no","unknown","may",197,-1,"no"
51,"married","secondary","yes","no","telephone","nov",117,-1,"no"
32,"married","primary","no","no","cellular","aug",68,-1,"no"
42,"married","secondary","yes","no","cellular","jul",129,-1,"no"
35,"married","secondary","yes","no","cellular","apr",268,-1,"no"
35,"single","secondary","yes","yes","cellular","may",193,-1,"no"
28,"married","secondary","yes","yes","unknown","may",345,-1,"no"
48,"married","primary","yes","no","unknown","jun",109,-1,"no"
31,"single","tertiary","no","no","cellular","aug",238,-1,"no"
56,"divorced","unknown","no","no","cellular","apr",124,-1,"no"
35,"single","tertiary","yes","no","cellular","apr",263,224,"no"
42,"married","tertiary","no","no","unknown","may",157,-1,"no"
34,"married","tertiary","yes","no","unknown","may",314,-1,"no"
55,"divorced","secondary","yes","no","unknown","may",23,-1,"no"
39,"single","tertiary","no","no","cellular","feb",83,-1,"no"
51,"married","secondary","yes","no","unknown","may",664,-1,"no"
33,"married","secondary","no","no","cellular","jul",489,-1,"no"
42,"married","secondary","yes","yes","cellular","nov",158,-1,"no"
36,"married","secondary","no","no","cellular","aug",85,-1,"no"
42,"single","tertiary","no","no","cellular","aug",428,-1,"no"
35,"divorced","tertiary","yes","no","cellular","jan",141,245,"no"
60,"married","tertiary","no","no","unknown","jun",324,-1,"no"
37,"married","tertiary","yes","no","cellular","jul",64,-1,"no"
30,"married","tertiary","yes","yes","cellular","jul",302,-1,"no"
52,"married","secondary","no","no","cellular","aug",88,-1,"no"
46,"married","secondary","yes","no","unknown","may",489,-1,"no"
60,"married","primary","no","no","unknown","apr",111,-1,"yes"
38,"married","primary","yes","no","cellular","may",87,-1,"no"
30,"married","secondary","yes","no","cellular","may",475,-1,"no"
41,"married","primary","yes","no","cellular","may",217,-1,"no"
54,"married","tertiary","no","no","cellular","may",145,-1,"no"
52,"married","tertiary","no","no","telephone","jul",30,-1,"no"
34,"single","secondary","yes","yes","cellular","jul",71,-1,"no"
31,"single","secondary","yes","no","unknown","may",320,-1,"no"
24,"single","secondary","no","no","cellular","oct",165,95,"yes"
36,"married","secondary","no","no","unknown","jun",73,-1,"no"
36,"married","secondary","no","no","cellular","jul",43,-1,"no"
38,"divorced","unknown","no","no","unknown","jun",1409,-1,"yes"
29,"married","secondary","yes","no","unknown","jun",153,-1,"no"
37,"married","secondary","yes","no","cellular","apr",420,-1,"no"
47,"married","secondary","yes","no","unknown","may",68,-1,"no"
28,"single","secondary","yes","no","cellular","jan",161,265,"no"
75,"married","secondary","no","no","telephone","apr",185,181,"yes"
59,"married","primary","no","no","telephone","jul",733,-1,"no"
43,"divorced","secondary","yes","yes","cellular","may",163,370,"no"
46,"married","tertiary","yes","yes","cellular","nov",64,-1,"no"
43,"single","tertiary","yes","no","cellular","aug",161,-1,"no"
31,"married","secondary","yes","yes","cellular","may",0,-1,"no"
39,"married","tertiary","no","no","cellular","apr",567,-1,"yes"
56,"married","unknown","no","no","cellular","jul",83,-1,"no"
44,"single","tertiary","yes","no","unknown","may",194,-1,"no"
48,"married","secondary","yes","no","cellular","jul",114,-1,"no"
35,"married","secondary","yes","no","unknown","may",265,-1,"no"
27,"single","tertiary","yes","no","unknown","may",163,-1,"no"
44,"married","tertiary","yes","yes","cellular","feb",170,-1,"yes"
32,"single","unknown","no","no","cellular","jul",474,-1,"yes"
29,"single","secondary","no","no","cellular","may",246,-1,"no"
33,"single","secondary","yes","no","cellular","aug",131,-1,"no"
28,"single","secondary","yes","no","unknown","may",350,-1,"no"
51,"single","tertiary","yes","no","cellular","nov",99,-1,"no"
28,"single","secondary","no","no","unknown","aug",61,-1,"no"
46,"married","unknown","yes","no","cellular","aug",260,457,"yes"
45,"married","secondary","no","no","cellular","apr",572,-1,"no"
47,"divorced","tertiary","yes","no","cellular","may",85,370,"no"
38,"divorced","tertiary","no","no","cellular","aug",138,-1,"no"
38,"married","secondary","no","no","cellular","aug",252,-1,"yes"
29,"single","primary","yes","no","cellular","may",137,-1,"no"
41,"married","primary","yes","no","cellular","nov",88,-1,"no"
45,"married","secondary","no","no","cellular","may",269,-1,"no"
31,"married","secondary","yes","no","cellular","sep",245,-1,"no"
36,"single","secondary","no","yes","cellular","jul",258,-1,"no"
28,"married","tertiary","yes","no","cellular","may",348,-1,"no"
38,"single","secondary","yes","no","unknown","may",21,-1,"no"
55,"married","secondary","yes","no","cellular","feb",445,267,"no"
48,"married","secondary","yes","no","unknown","may",465,-1,"no"
44,"married","tertiary","no","no","cellular","nov",240,40,"no"
35,"single","tertiary","no","yes","cellular","jul",71,-1,"no"
35,"single","tertiary","yes","no","cellular","apr",687,9,"yes"
55,"married","secondary","yes","no","unknown","may",267,-1,"no"
35,"divorced","secondary","no","yes","cellular","jul",199,-1,"no"
49,"married","secondary","yes","yes","cellular","jul",95,-1,"no"
28,"single","secondary","yes","no","unknown","may",218,-1,"no"
46,"married","primary","no","no","telephone","jan",157,-1,"no"
43,"single","primary","yes","no","cellular","nov",104,-1,"no"
46,"divorced","tertiary","no","no","cellular","jan",1199,-1,"yes"
25,"single","secondary","yes","no","cellular","may",191,-1,"no"
56,"married","secondary","no","yes","cellular","jul",428,-1,"no"
36,"divorced","secondary","yes","yes","unknown","may",207,-1,"no"
52,"married","tertiary","no","no","cellular","aug",762,-1,"yes"
36,"single","secondary","yes","no","cellular","feb",631,260,"yes"
35,"married","secondary","yes","no","cellular","may",19,360,"no"
43,"married","primary","yes","no","telephone","oct",166,183,"yes"
33,"single","tertiary","no","no","cellular","jan",219,-1,"no"
55,"divorced","tertiary","no","no","unknown","may",283,-1,"no"
46,"married","primary","no","no","cellular","aug",153,-1,"no"
38,"married","secondary","no","no","unknown","jun",119,-1,"no"
39,"married","secondary","yes","no","telephone","oct",158,-1,"yes"
38,"married","tertiary","yes","no","cellular","may",251,-1,"no"
48,"single","primary","yes","no","unknown","jun",112,-1,"no"
48,"married","tertiary","no","yes","cellular","feb",1423,-1,"no"
46,"married","secondary","yes","no","cellular","apr",836,-1,"no"
52,"divorced","secondary","no","no","cellular","jul",530,-1,"no"
36,"married","tertiary","yes","yes","cellular","jan",150,189,"no"
33,"single","primary","yes","no","unknown","may",180,-1,"no"
35,"married","primary","yes","no","cellular","nov",217,-1,"no"
35,"married","secondary","yes","no","unknown","jun",826,-1,"no"
51,"divorced","primary","yes","no","cellular","may",829,296,"yes"
48,"married","secondary","no","no","cellular","apr",271,79,"yes"
47,"married","tertiary","yes","no","cellular","may",323,364,"no"
50,"married","primary","no","no","unknown","may",60,-1,"no"
26,"married","secondary","yes","no","cellular","may",253,-1,"no"
38,"married","secondary","yes","yes","unknown","may",195,-1,"no"
46,"divorced","secondary","yes","no","unknown","may",229,-1,"no"
50,"single","unknown","no","no","unknown","jun",189,-1,"no"
45,"married","tertiary","no","no","cellular","apr",619,-1,"yes"
34,"married","tertiary","yes","no","cellular","aug",144,-1,"no"
37,"married","secondary","yes","yes","cellular","may",133,-1,"no"
43,"divorced","secondary","yes","yes","cellular","feb",618,274,"no"
46,"married","unknown","no","no","telephone","feb",14,-1,"no"
48,"married","tertiary","no","no","cellular","sep",103,91,"no"
30,"married","secondary","no","yes","cellular","jul",829,-1,"yes"
36,"single","primary","yes","no","unknown","may",141,-1,"no"
33,"married","tertiary","yes","yes","cellular","feb",21,-1,"no"
51,"divorced","secondary","yes","no","unknown","jun",290,-1,"no"
40,"divorced","secondary","no","no","cellular","aug",738,-1,"yes"
27,"single","secondary","no","no","cellular","feb",171,91,"yes"
41,"single","tertiary","yes","no","cellular","feb",16,-1,"no"
59,"single","tertiary","no","no","cellular","feb",537,-1,"no"
45,"married","secondary","no","no","cellular","jul",25,-1,"no"
43,"married","secondary","yes","no","cellular","may",227,-1,"no"
33,"single","tertiary","yes","yes","unknown","jun",178,-1,"no"
37,"divorced","secondary","yes","no","unknown","may",5,-1,"no"
58,"married","secondary","no","yes","cellular","jul",106,-1,"no"
43,"married","secondary","yes","no","cellular","may",73,370,"no"
40,"married","tertiary","no","no","unknown","jun",111,-1,"no"
57,"divorced","primary","no","no","telephone","jul",1037,-1,"no"
46,"married","secondary","yes","yes","cellular","aug",128,-1,"no"
48,"divorced","tertiary","yes","no","cellular","aug",488,-1,"no"
26,"single","secondary","yes","no","unknown","jun",31,-1,"no"
57,"married","unknown","yes","no","unknown","may",211,-1,"no"
58,"married","tertiary","yes","no","telephone","nov",263,-1,"no"
32,"married","tertiary","no","no","cellular","nov",75,-1,"no"
28,"single","secondary","yes","no","cellular","apr",89,-1,"no"
36,"married","secondary","yes","no","cellular","may",240,-1,"no"
36,"single","secondary","no","no","cellular","aug",67,-1,"no"
38,"married","primary","yes","yes","cellular","apr",239,332,"no"
32,"married","secondary","yes","no","cellular","aug",135,-1,"no"
30,"single","tertiary","yes","no","cellular","jul",33,-1,"no"
35,"single","primary","no","no","cellular","feb",115,-1,"no"
47,"married","unknown","no","no","cellular","jul",1103,-1,"no"
31,"single","secondary","yes","no","cellular","apr",172,-1,"no"
38,"single","primary","yes","yes","unknown","aug",17,-1,"no"
55,"divorced","tertiary","yes","yes","cellular","jul",121,-1,"no"
42,"divorced","secondary","yes","no","cellular","apr",804,262,"no"
57,"divorced","unknown","no","no","unknown","may",95,-1,"no"
60,"married","primary","no","no","cellular","aug",105,-1,"no"
35,"married","secondary","yes","yes","unknown","may",133,-1,"no"
50,"married","secondary","yes","yes","unknown","jun",87,-1,"no"
29,"married","primary","no","yes","cellular","jul",109,-1,"no"
35,"divorced","tertiary","yes","yes","cellular","nov",110,93,"no"
49,"married","secondary","no","no","cellular","jul",206,-1,"no"
45,"married","secondary","yes","no","unknown","may",78,-1,"no"
25,"single","primary","no","no","telephone","apr",120,-1,"no"
23,"single","secondary","yes","no","cellular","may",92,342,"no"
33,"married","tertiary","yes","no","cellular","may",97,180,"no"
30,"married","secondary","yes","yes","cellular","aug",97,-1,"no"
36,"married","tertiary","no","no","cellular","sep",91,37,"yes"
27,"married","secondary","yes","no","unknown","jun",1181,-1,"yes"
35,"single","tertiary","yes","no","cellular","may",105,-1,"no"
56,"divorced","tertiary","no","no","cellular","jul",86,-1,"no"
56,"married","unknown","no","no","cellular","aug",111,-1,"no"
50,"married","secondary","no","no","unknown","may",290,-1,"no"
43,"married","secondary","yes","no","cellular","jul",557,-1,"no"
40,"divorced","primary","no","yes","cellular","nov",330,-1,"no"
53,"married","secondary","yes","yes","unknown","may",197,-1,"no"
50,"married","tertiary","no","no","cellular","aug",19,-1,"no"
39,"married","unknown","yes","yes","unknown","may",83,-1,"no"
33,"married","tertiary","no","no","cellular","feb",113,-1,"no"
51,"married","secondary","no","yes","cellular","jul",378,-1,"no"
26,"divorced","secondary","yes","no","unknown","jun",357,-1,"no"
25,"single","secondary","no","no","cellular","jun",89,-1,"yes"
47,"married","secondary","yes","yes","cellular","aug",108,-1,"no"
32,"single","secondary","yes","no","cellular","apr",70,336,"no"
46,"married","primary","no","no","unknown","jun",9,-1,"no"
36,"single","secondary","yes","no","unknown","may",134,-1,"no"
27,"married","secondary","yes","no","unknown","may",332,-1,"no"
45,"married","primary","no","no","telephone","jul",24,-1,"no"
45,"married","tertiary","yes","no","cellular","may",177,357,"no"
52,"married","tertiary","no","no","cellular","aug",150,-1,"no"
75,"married","primary","no","no","cellular","jun",344,-1,"no"
39,"divorced","secondary","yes","no","unknown","may",150,-1,"no"
54,"married","secondary","no","yes","cellular","jul",85,-1,"no"
56,"married","tertiary","no","no","cellular","aug",236,-1,"no"
38,"married","secondary","yes","no","unknown","jun",404,-1,"no"
58,"married","secondary","no","yes","cellular","feb",135,92,"yes"
30,"single","secondary","yes","no","cellular","aug",116,-1,"no"
32,"single","secondary","no","no","cellular","jul",356,-1,"yes"
32,"married","secondary","no","no","cellular","jan",558,-1,"no"
25,"single","secondary","no","no","cellular","jul",136,-1,"no"
34,"married","tertiary","yes","yes","cellular","nov",81,-1,"no"
46,"married","secondary","no","no","cellular","aug",67,-1,"no"
30,"single","secondary","no","no","unknown","jun",276,-1,"no"
34,"single","secondary","no","no","cellular","aug",70,-1,"no"
50,"married","unknown","yes","no","cellular","may",92,347,"no"
44,"married","primary","no","no","cellular","aug",299,-1,"no"
40,"married","tertiary","no","no","cellular","aug",87,-1,"no"
29,"single","tertiary","no","no","cellular","feb",251,-1,"no"
25,"married","unknown","yes","no","cellular","jul",1037,-1,"yes"
25,"single","tertiary","yes","yes","cellular","apr",1034,-1,"yes"
35,"married","secondary","no","no","cellular","aug",197,-1,"no"
45,"single","secondary","yes","yes","unknown","jul",89,-1,"no"
63,"married","tertiary","no","no","cellular","oct",130,182,"no"
37,"single","secondary","yes","no","unknown","may",1187,-1,"yes"
28,"single","secondary","no","no","cellular","jan",452,-1,"no"
31,"married","primary","no","no","telephone","nov",21,-1,"no"
33,"single","tertiary","no","no","cellular","may",324,-1,"no"
40,"married","secondary","yes","no","cellular","nov",43,185,"no"
51,"married","secondary","no","no","cellular","aug",80,-1,"no"
48,"married","secondary","yes","yes","unknown","may",144,-1,"no"
36,"single","tertiary","yes","no","cellular","nov",14,-1,"no"
40,"married","secondary","yes","no","cellular","may",431,172,"no"
42,"married","primary","yes","no","cellular","jul",167,-1,"no"
44,"married","tertiary","no","no","cellular","aug",165,-1,"no"
43,"married","secondary","no","no","cellular","jan",41,-1,"no"
27,"single","secondary","yes","yes","cellular","feb",466,-1,"no"
44,"married","primary","no","no","cellular","aug",174,-1,"no"
56,"divorced","secondary","yes","yes","unknown","may",185,-1,"no"
31,"single","tertiary","no","no","cellular","aug",257,-1,"no"
52,"divorced","secondary","no","no","unknown","jun",103,-1,"no"
44,"married","secondary","yes","no","unknown","may",477,-1,"no"
50,"divorced","tertiary","yes","no","cellular","jul",604,-1,"no"
33,"single","secondary","yes","no","cellular","feb",178,273,"no"
30,"single","tertiary","no","no","unknown","may",476,-1,"no"
29,"single","secondary","no","no","telephone","jul",127,-1,"no"
43,"single","primary","yes","no","cellular","jul",783,-1,"no"
29,"single","tertiary","no","no","cellular","feb",98,-1,"no"
34,"single","tertiary","no","no","cellular","aug",738,-1,"yes"
32,"married","secondary","yes","no","unknown","jun",183,-1,"no"
40,"married","secondary","yes","no","cellular","apr",156,318,"no"
40,"married","secondary","yes","yes","cellular","feb",241,262,"no"
33,"married","secondary","no","yes","cellular","may",88,-1,"no"
47,"married","secondary","no","no","cellular","aug",59,-1,"no"
53,"married","secondary","no","no","cellular","nov",244,-1,"no"
33,"single","secondary","no","yes","cellular","nov",459,-1,"no"
31,"married","primary","yes","yes","unknown","may",59,-1,"no"
37,"married","tertiary","no","no","cellular","aug",340,-1,"no"
58,"married","secondary","no","no","cellular","aug",422,-1,"no"
32,"single","secondary","no","no","cellular","feb",233,-1,"no"
39,"married","secondary","yes","yes","cellular","jul",330,-1,"no"
26,"single","tertiary","no","no","cellular","apr",407,-1,"yes"
33,"single","secondary","no","yes","cellular","nov",255,-1,"no"
34,"divorced","tertiary","no","no","cellular","aug",227,-1,"no"
23,"single","tertiary","no","no","cellular","may",289,-1,"no"
39,"single","primary","no","no","telephone","jul",80,-1,"no"
35,"single","secondary","yes","no","unknown","may",338,-1,"no"
47,"single","secondary","no","yes","cellular","jul",525,-1,"no"
33,"single","tertiary","no","no","cellular","oct",611,183,"yes"
38,"married","secondary","yes","no","unknown","may",762,-1,"yes"
43,"married","secondary","no","yes","telephone","jul",238,-1,"no"
23,"single","secondary","yes","no","unknown","may",167,-1,"no"
34,"married","secondary","yes","no","cellular","nov",109,-1,"no"
51,"married","secondary","yes","yes","cellular","jul",125,-1,"no"
54,"married","secondary","yes","no","unknown","may",266,-1,"no"
37,"married","tertiary","no","no","cellular","sep",155,-1,"no"
24,"single","secondary","yes","no","unknown","jun",161,-1,"no"
32,"single","tertiary","no","no","cellular","aug",165,-1,"no"
57,"married","secondary","yes","no","unknown","may",10,-1,"no"
28,"single","tertiary","no","yes","cellular","jul",125,-1,"no"
43,"married","primary","yes","no","cellular","nov",70,-1,"no"
33,"single","secondary","no","no","cellular","aug",133,-1,"no"
42,"divorced","primary","yes","no","cellular","apr",99,251,"no"
28,"single","tertiary","yes","yes","cellular","jul",568,-1,"no"
39,"married","primary","yes","no","unknown","may",229,-1,"no"
31,"single","tertiary","no","no","cellular","nov",68,-1,"no"
60,"married","primary","no","no","telephone","jun",94,-1,"no"
36,"married","secondary","yes","no","cellular","jan",167,198,"no"
33,"married","tertiary","no","no","cellular","nov",136,287,"no"
38,"married","secondary","no","yes","unknown","jun",143,-1,"no"
37,"single","secondary","no","no","cellular","feb",187,83,"no"
38,"married","secondary","yes","yes","cellular","jul",500,-1,"no"
34,"single","primary","no","no","cellular","jan",10,2,"no"
34,"single","tertiary","no","no","telephone","nov",67,-1,"no"
31,"single","tertiary","no","no","cellular","mar",105,182,"no"
31,"married","secondary","yes","no","unknown","may",730,-1,"no"
49,"married","primary","yes","no","unknown","may",417,-1,"no"
39,"married","secondary","yes","no","cellular","jul",290,-1,"no"
34,"single","primary","no","no","cellular","may",324,360,"no"
26,"single","secondary","no","no","cellular","apr",148,-1,"yes"
56,"divorced","unknown","no","no","cellular","may",121,-1,"no"
28,"married","primary","yes","yes","unknown","jun",178,-1,"no"
42,"married","tertiary","yes","no","cellular","may",117,169,"no"
45,"single","primary","no","no","unknown","apr",122,-1,"yes"
52,"married","tertiary","no","no","telephone","jul",254,-1,"no"
22,"single","secondary","yes","no","unknown","may",154,-1,"no"
44,"married","secondary","no","yes","telephone","jul",13,-1,"no"
39,"single","primary","yes","yes","cellular","jul",166,-1,"no"
32,"married","secondary","no","no","unknown","may",197,-1,"no"
58,"married","tertiary","no","no","cellular","aug",121,-1,"no"
46,"married","secondary","yes","no","unknown","may",546,-1,"no"
28,"single","secondary","no","no","cellular","feb",260,-1,"no"
26,"single","tertiary","yes","no","cellular","jul",486,-1,"no"
34,"single","tertiary","yes","no","unknown","may",68,-1,"no"
29,"single","secondary","no","no","telephone","feb",70,-1,"no"
37,"single","secondary","yes","no","unknown","jun",1045,-1,"yes"
31,"single","secondary","yes","yes","cellular","nov",125,-1,"no"
40,"married","secondary","no","no","cellular","jul",117,-1,"no"
30,"single","unknown","yes","yes","cellular","may",599,306,"no"
29,"married","secondary","yes","no","unknown","may",565,-1,"no"
39,"single","tertiary","yes","yes","cellular","apr",13,319,"no"
59,"divorced","primary","no","yes","unknown","jul",195,-1,"no"
54,"married","secondary","yes","no","cellular","feb",379,-1,"no"
77,"married","secondary","no","no","telephone","jan",1616,95,"yes"
63,"married","unknown","no","no","cellular","sep",109,-1,"no"
32,"single","tertiary","no","no","cellular","may",417,-1,"no"
48,"married","secondary","no","no","unknown","jun",50,-1,"no"
42,"married","tertiary","no","no","cellular","apr",354,79,"yes"
36,"married","tertiary","no","no","cellular","jan",255,88,"yes"
40,"married","secondary","no","no","cellular","oct",87,200,"no"
32,"married","secondary","yes","no","unknown","may",223,-1,"no"
53,"single","secondary","yes","no","cellular","aug",317,180,"yes"
25,"married","secondary","yes","no","unknown","may",24,-1,"no"
28,"married","tertiary","yes","yes","cellular","feb",126,-1,"no"
49,"married","secondary","no","no","unknown","jun",19,-1,"no"
42,"married","primary","yes","no","cellular","apr",76,-1,"no"
30,"single","primary","no","no","cellular","feb",224,-1,"no"
60,"married","tertiary","no","no","cellular","may",94,112,"no"
25,"single","secondary","no","no","cellular","jun",837,-1,"yes"
38,"married","secondary","yes","no","unknown","may",159,-1,"no"
47,"married","unknown","no","no","unknown","jun",77,-1,"no"
32,"married","secondary","yes","no","cellular","apr",648,272,"yes"
40,"married","secondary","yes","no","cellular","feb",126,-1,"no"
59,"married","secondary","yes","no","telephone","may",437,361,"no"
51,"divorced","tertiary","no","no","cellular","aug",95,-1,"no"
58,"married","secondary","yes","no","cellular","may",393,-1,"no"
32,"single","secondary","yes","no","cellular","aug",156,-1,"no"
32,"single","secondary","yes","no","cellular","may",215,-1,"no"
40,"married","primary","yes","no","cellular","may",275,-1,"no"
36,"married","secondary","yes","no","unknown","may",122,-1,"no"
30,"single","secondary","no","no","cellular","feb",114,-1,"no"
58,"divorced","secondary","no","no","cellular","jul",478,-1,"yes"
69,"married","unknown","no","no","telephone","mar",225,90,"yes"
32,"married","secondary","no","no","cellular","jul",353,-1,"no"
54,"married","secondary","no","no","telephone","apr",1366,150,"no"
26,"single","secondary","yes","no","unknown","may",371,-1,"no"
56,"married","secondary","yes","no","unknown","may",139,-1,"no"
50,"single","secondary","no","no","cellular","oct",298,-1,"no"
37,"single","secondary","no","no","unknown","jun",40,-1,"no"
29,"single","secondary","no","no","cellular","nov",85,142,"no"
45,"married","primary","no","no","cellular","jul",110,-1,"no"
55,"single","secondary","no","no","telephone","nov",762,-1,"no"
38,"single","primary","yes","no","unknown","may",35,-1,"no"
59,"married","primary","no","yes","cellular","jul",335,-1,"no"
36,"married","tertiary","yes","no","unknown","may",141,-1,"no"
55,"married","secondary","no","no","cellular","feb",781,-1,"yes"
58,"married","tertiary","no","no","unknown","jun",363,-1,"no"
25,"single","secondary","yes","no","cellular","jul",61,-1,"no"
56,"divorced","secondary","no","no","cellular","aug",220,117,"no"
49,"married","secondary","yes","yes","cellular","aug",253,-1,"no"
34,"married","tertiary","yes","no","cellular","jul",363,-1,"no"
40,"married","tertiary","yes","yes","cellular","nov",170,-1,"no"
28,"single","tertiary","yes","no","cellular","jul",262,-1,"no"
46,"married","secondary","yes","no","cellular","apr",126,149,"no"
25,"single","tertiary","no","no","cellular","jul",300,-1,"no"
43,"married","primary","yes","no","cellular","jul",279,-1,"no"
34,"single","secondary","no","no","cellular","nov",184,-1,"no"
26,"single","secondary","no","yes","cellular","jul",240,-1,"no"
38,"married","unknown","no","no","unknown","jun",178,-1,"no"
24,"married","secondary","yes","no","unknown","may",166,-1,"no"
26,"married","secondary","yes","no","cellular","may",252,-1,"no"
24,"single","tertiary","yes","no","unknown","may",230,-1,"no"
33,"single","secondary","no","no","cellular","jul",782,-1,"yes"
55,"single","secondary","yes","no","unknown","may",38,-1,"no"
33,"single","secondary","yes","no","cellular","may",30,336,"no"
59,"married","primary","yes","no","telephone","jul",73,-1,"no"
31,"single","secondary","yes","no","cellular","may",290,370,"no"
26,"married","primary","yes","no","unknown","may",21,-1,"no"
59,"married","primary","no","no","cellular","aug",129,-1,"no"
59,"married","secondary","no","yes","cellular","jul",101,-1,"no"
56,"married","primary","no","no","cellular","jan",184,-1,"no"
41,"divorced","secondary","yes","no","cellular","may",14,75,"no"
50,"divorced","tertiary","no","yes","cellular","feb",748,-1,"no"
47,"married","secondary","yes","no","cellular","jul",113,-1,"no"
37,"married","secondary","yes","no","unknown","may",389,-1,"no"
32,"single","tertiary","yes","no","cellular","may",130,-1,"no"
46,"married","secondary","no","yes","cellular","jul",154,-1,"no"
27,"married","tertiary","yes","no","cellular","jul",148,-1,"no"
44,"married","secondary","no","no","cellular","jul",96,-1,"no"
53,"divorced","primary","no","no","unknown","jun",422,-1,"no"
68,"divorced","primary","no","no","cellular","apr",233,-1,"yes"
49,"single","secondary","yes","yes","unknown","jun",73,-1,"no"
43,"single","tertiary","yes","no","unknown","may",218,-1,"no"
35,"married","tertiary","yes","no","cellular","nov",547,-1,"no"
36,"married","secondary","no","yes","cellular","feb",521,193,"no"
29,"single","secondary","yes","no","cellular","may",109,352,"no"
36,"married","secondary","yes","no","telephone","may",16,-1,"no"
28,"single","secondary","yes","no","cellular","may",251,-1,"no"
45,"married","secondary","yes","no","unknown","may",215,-1,"no"
46,"divorced","tertiary","yes","yes","cellular","nov",169,-1,"no"
48,"divorced","secondary","no","no","unknown","jun",342,-1,"no"
53,"married","secondary","yes","no","cellular","may",133,-1,"no"
44,"divorced","tertiary","yes","no","telephone","jun",55,82,"no"
49,"single","tertiary","yes","no","cellular","jul",674,-1,"no"
34,"single","unknown","no","no","cellular","jun",253,-1,"yes"
57,"married","primary","yes","no","unknown","may",384,-1,"no"
47,"divorced","secondary","no","no","cellular","aug",64,-1,"no"
37,"married","secondary","no","yes","unknown","jun",176,-1,"no"
48,"married","secondary","no","no","cellular","aug",21,-1,"no"
45,"married","secondary","yes","no","unknown","may",118,-1,"no"
65,"married","tertiary","no","no","cellular","aug",280,185,"no"
42,"married","secondary","yes","no","cellular","may",74,-1,"no"
42,"married","tertiary","yes","no","cellular","may",579,295,"yes"
32,"single","secondary","no","no","cellular","may",312,-1,"no"
53,"married","secondary","yes","no","unknown","may",134,-1,"no"
26,"single","tertiary","no","no","cellular","feb",236,183,"no"
48,"married","primary","no","no","cellular","aug",348,-1,"no"
46,"married","tertiary","no","no","cellular","jan",56,-1,"no"
37,"married","tertiary","yes","no","unknown","may",645,-1,"no"
52,"single","unknown","no","no","cellular","feb",168,-1,"no"
46,"single","tertiary","yes","no","cellular","apr",175,-1,"no"
43,"married","tertiary","no","no","cellular","aug",120,-1,"no"
25,"single","secondary","no","no","telephone","oct",251,-1,"no"
59,"single","secondary","yes","no","unknown","may",1063,-1,"yes"
48,"married","primary","no","yes","cellular","nov",79,172,"no"
56,"married","secondary","yes","yes","cellular","apr",12,-1,"no"
53,"married","secondary","yes","no","unknown","may",153,-1,"no"
27,"single","tertiary","yes","no","cellular","may",10,-1,"no"
30,"single","secondary","yes","no","cellular","apr",997,-1,"yes"
25,"single","tertiary","no","no","cellular","feb",207,-1,"no"
30,"single","tertiary","no","no","cellular","jun",102,85,"no"
32,"married","secondary","yes","no","cellular","nov",131,194,"no"
39,"single","secondary","yes","yes","cellular","feb",292,-1,"no"
47,"married","tertiary","no","yes","cellular","jan",243,161,"no"
26,"single","secondary","no","no","cellular","feb",44,-1,"no"
33,"married","tertiary","no","no","cellular","aug",121,-1,"no"
36,"single","secondary","yes","no","telephone","may",134,-1,"no"
44,"married","secondary","yes","yes","unknown","jun",171,-1,"no"
49,"married","secondary","no","no","cellular","nov",586,-1,"no"
44,"married","tertiary","yes","no","cellular","jul",497,-1,"no"
58,"divorced","tertiary","no","no","cellular","apr",162,295,"no"
52,"married","unknown","no","no","telephone","jun",193,145,"no"
55,"married","secondary","yes","yes","cellular","nov",325,192,"no"
57,"married","tertiary","yes","no","unknown","may",391,-1,"no"
55,"divorced","tertiary","yes","no","cellular","jul",1331,-1,"no"
48,"single","secondary","yes","yes","cellular","feb",369,-1,"no"
39,"divorced","secondary","yes","no","cellular","may",8,-1,"no"
56,"married","secondary","no","no","cellular","aug",239,-1,"no"
40,"married","tertiary","no","no","cellular","jul",761,-1,"no"
47,"married","primary","yes","yes","unknown","jun",118,-1,"no"
35,"married","tertiary","no","no","cellular","apr",266,87,"yes"
34,"single","secondary","yes","no","cellular","jul",483,-1,"no"
30,"single","tertiary","no","no","cellular","aug",618,-1,"no"
43,"married","secondary","no","no","cellular","aug",79,-1,"no"
71,"married","tertiary","no","no","cellular","aug",116,-1,"no"
58,"married","tertiary","no","yes","cellular","jul",85,-1,"no"
52,"married","primary","yes","no","cellular","may",82,-1,"no"
37,"single","secondary","yes","no","unknown","jun",203,-1,"no"
42,"married","tertiary","yes","no","unknown","may",238,-1,"no"
41,"married","primary","yes","no","unknown","may",67,-1,"no"
27,"single","secondary","no","no","cellular","jun",66,-1,"no"
39,"married","tertiary","yes","no","cellular","apr",236,336,"no"
30,"single","tertiary","no","no","cellular","aug",19,-1,"no"
43,"divorced","tertiary","no","no","cellular","aug",79,-1,"no"
40,"single","secondary","no","yes","unknown","jun",14,-1,"no"
26,"single","tertiary","yes","no","cellular","apr",639,-1,"no"
52,"married","secondary","yes","no","unknown","jun",20,-1,"no"
32,"single","primary","yes","yes","cellular","may",274,-1,"no"
31,"married","secondary","yes","no","cellular","may",201,350,"no"
28,"married","tertiary","yes","no","cellular","apr",152,-1,"no"
34,"single","secondary","yes","yes","unknown","may",185,-1,"no"
44,"single","primary","yes","no","cellular","jul",184,-1,"no"
43,"married","tertiary","no","no","cellular","jul",942,-1,"yes"
41,"married","tertiary","no","no","cellular","apr",75,-1,"no"
36,"married","tertiary","no","no","unknown","jun",87,-1,"no"
68,"married","primary","no","no","cellular","mar",373,-1,"yes"
55,"single","tertiary","no","no","cellular","apr",156,-1,"no"
50,"married","unknown","yes","yes","unknown","jun",64,-1,"no"
48,"divorced","secondary","yes","no","unknown","may",364,-1,"no"
34,"married","tertiary","yes","no","cellular","jul",8,-1,"no"
42,"married","primary","yes","no","unknown","may",262,-1,"no"
62,"married","secondary","yes","yes","cellular","sep",261,183,"yes"
56,"married","secondary","yes","no","unknown","may",302,-1,"no"
31,"married","secondary","yes","no","unknown","may",143,-1,"no"
37,"single","secondary","no","no","cellular","jul",143,-1,"no"
26,"single","secondary","yes","no","cellular","may",34,374,"no"
34,"married","secondary","yes","no","cellular","may",551,-1,"no"
30,"divorced","secondary","yes","no","cellular","may",177,-1,"no"
46,"married","primary","yes","no","unknown","may",570,-1,"no"
27,"single","unknown","yes","yes","unknown","may",77,-1,"no"
26,"single","tertiary","no","yes","unknown","may",57,-1,"no"
41,"married","unknown","no","no","cellular","jul",647,-1,"no"
44,"married","unknown","yes","no","cellular","aug",44,100,"no"
51,"married","primary","no","no","cellular","aug",75,-1,"no"
33,"divorced","secondary","no","no","cellular","jul",374,-1,"no"
45,"married","secondary","no","no","cellular","aug",115,-1,"no"
27,"married","primary","no","no","unknown","may",531,-1,"no"
41,"single","secondary","no","no","cellular","jul",413,-1,"no"
29,"single","unknown","yes","yes","cellular","jul",1806,-1,"yes"
22,"single","secondary","no","no","cellular","jan",143,-1,"yes"
33,"married","secondary","yes","no","unknown","may",76,-1,"no"
30,"married","secondary","no","yes","unknown","jul",66,85,"no"
38,"married","tertiary","no","no","cellular","aug",482,-1,"yes"
45,"single","secondary","no","yes","cellular","jul",55,-1,"no"
54,"divorced","primary","yes","no","cellular","may",34,348,"no"
52,"married","tertiary","yes","yes","unknown","may",392,-1,"no"
52,"married","secondary","yes","yes","cellular","may",161,332,"no"
31,"single","secondary","yes","no","unknown","may",104,-1,"no"
33,"married","primary","no","no","cellular","aug",237,-1,"no"
56,"married","primary","no","yes","cellular","jul",227,-1,"no"
44,"divorced","secondary","no","yes","unknown","jun",501,-1,"no"
33,"single","secondary","yes","yes","cellular","may",308,-1,"no"
49,"married","primary","no","no","unknown","jun",40,-1,"no"
45,"married","secondary","yes","no","cellular","aug",192,-1,"no"
44,"single","secondary","yes","no","unknown","jun",179,-1,"no"
27,"single","tertiary","yes","no","unknown","may",160,-1,"no"
53,"married","tertiary","no","no","cellular","aug",96,-1,"no"
32,"married","secondary","no","no","cellular","aug",162,-1,"no"
34,"married","secondary","yes","no","cellular","may",200,364,"no"
36,"single","tertiary","no","no","cellular","aug",207,98,"yes"
46,"married","secondary","no","no","cellular","aug",225,-1,"no"
39,"single","secondary","yes","no","unknown","may",1410,-1,"yes"
55,"married","primary","no","no","unknown","jun",922,-1,"yes"
47,"married","secondary","no","no","cellular","aug",784,-1,"yes"
36,"married","secondary","yes","no","unknown","may",251,-1,"no"
57,"divorced","primary","yes","no","unknown","may",32,-1,"no"
38,"married","secondary","no","no","unknown","jun",313,-1,"no"
31,"married","primary","yes","no","cellular","may",9,362,"no"
47,"married","secondary","yes","no","cellular","apr",211,87,"no"
39,"single","secondary","yes","no","cellular","may",6,175,"no"
29,"married","tertiary","yes","yes","unknown","may",79,-1,"no"
38,"divorced","secondary","yes","yes","unknown","jul",120,-1,"no"
29,"divorced","secondary","yes","no","cellular","feb",42,228,"no"
44,"married","secondary","yes","no","cellular","nov",116,-1,"no"
45,"married","primary","yes","no","unknown","may",57,-1,"no"
33,"married","secondary","yes","no","telephone","jul",216,-1,"no"
45,"single","tertiary","yes","no","cellular","nov",139,-1,"no"
33,"single","secondary","yes","no","cellular","jan",323,259,"no"
36,"divorced","secondary","yes","no","cellular","jun",215,371,"yes"
33,"single","tertiary","no","no","cellular","aug",329,-1,"no"
37,"married","secondary","yes","no","cellular","jan",88,244,"no"
53,"married","primary","no","no","cellular","aug",80,-1,"no"
55,"married","primary","no","no","cellular","aug",625,-1,"yes"
36,"single","tertiary","yes","no","unknown","may",101,-1,"no"
49,"divorced","tertiary","no","no","cellular","aug",185,-1,"yes"
42,"divorced","secondary","no","no","cellular","aug",21,-1,"no"
32,"married","secondary","yes","no","cellular","apr",160,-1,"no"
42,"single","secondary","no","no","cellular","jan",96,-1,"no"
45,"married","tertiary","no","no","telephone","nov",46,-1,"no"
50,"married","primary","no","yes","cellular","jul",173,-1,"no"
42,"divorced","tertiary","no","no","cellular","sep",692,-1,"yes"
37,"single","secondary","yes","no","unknown","jun",87,-1,"no"
40,"married","tertiary","yes","yes","cellular","nov",114,-1,"no"
31,"married","secondary","yes","yes","cellular","jul",143,-1,"no"
37,"married","secondary","no","no","unknown","jun",305,-1,"no"
42,"married","primary","yes","no","unknown","may",249,-1,"no"
76,"married","unknown","no","no","cellular","oct",139,-1,"no"
30,"single","secondary","no","no","cellular","jul",188,-1,"no"
31,"single","unknown","no","no","cellular","feb",92,-1,"no"
30,"single","tertiary","no","no","cellular","aug",996,-1,"no"
57,"divorced","secondary","no","yes","cellular","jul",445,-1,"no"
42,"married","tertiary","yes","no","unknown","may",110,-1,"no"
26,"married","secondary","yes","no","unknown","may",224,-1,"no"
35,"married","secondary","no","no","unknown","jun",436,-1,"no"
36,"married","secondary","yes","no","unknown","jun",56,-1,"no"
35,"single","tertiary","no","no","unknown","jun",668,-1,"no"
36,"married","tertiary","no","no","cellular","jul",130,-1,"no"
42,"married","primary","yes","no","telephone","jul",175,-1,"no"
41,"single","secondary","yes","no","cellular","nov",254,-1,"no"
23,"single","secondary","yes","no","unknown","may",507,-1,"no"
53,"single","primary","yes","yes","unknown","may",72,-1,"no"
57,"married","primary","yes","no","cellular","apr",207,346,"no"
29,"single","tertiary","yes","no","unknown","may",329,-1,"no"
32,"single","secondary","no","no","cellular","nov",206,-1,"no"
50,"single","primary","yes","no","cellular","may",108,-1,"no"
34,"married","primary","no","yes","cellular","jul",241,-1,"no"
32,"married","tertiary","yes","no","cellular","jul",370,-1,"no"
25,"single","secondary","yes","no","cellular","jul",633,-1,"yes"
37,"single","secondary","yes","no","cellular","apr",249,-1,"no"
45,"divorced","secondary","no","no","cellular","nov",79,106,"no"
30,"married","secondary","no","no","cellular","aug",72,99,"no"
43,"married","tertiary","no","no","cellular","feb",147,-1,"yes"
30,"single","tertiary","no","no","cellular","oct",437,-1,"no"
50,"married","tertiary","no","yes","cellular","jul",149,-1,"no"
47,"married","tertiary","yes","no","unknown","may",162,-1,"no"
28,"single","secondary","no","no","cellular","jan",532,-1,"yes"
34,"married","primary","yes","no","cellular","jul",1389,-1,"no"
59,"married","secondary","no","no","telephone","jul",312,381,"no"
64,"divorced","secondary","no","no","cellular","oct",621,181,"yes"
46,"single","secondary","yes","no","cellular","apr",194,-1,"no"
39,"single","primary","yes","no","unknown","may",699,-1,"no"
48,"married","secondary","no","no","cellular","feb",130,-1,"no"
24,"single","secondary","no","no","unknown","may",180,-1,"no"
89,"divorced","primary","no","no","telephone","dec",207,189,"no"
39,"married","tertiary","no","no","unknown","jun",12,-1,"no"
52,"married","primary","yes","yes","cellular","aug",155,-1,"no"
60,"divorced","tertiary","yes","no","cellular","dec",415,190,"yes"
41,"married","secondary","yes","no","unknown","may",596,-1,"no"
47,"married","secondary","yes","no","cellular","may",234,-1,"no"
44,"married","primary","no","no","unknown","jun",250,-1,"no"
45,"married","tertiary","yes","no","cellular","may",85,-1,"no"
48,"divorced","primary","no","no","unknown","jun",248,-1,"no"
54,"married","primary","yes","yes","telephone","apr",158,-1,"no"
31,"single","tertiary","no","no","cellular","aug",321,-1,"no"
40,"married","tertiary","no","no","cellular","aug",220,364,"no"
31,"married","tertiary","yes","no","cellular","jul",215,-1,"no"
35,"married","tertiary","yes","no","cellular","apr",860,-1,"yes"
42,"married","secondary","no","no","cellular","may",489,174,"no"
79,"married","secondary","no","no","telephone","mar",303,-1,"yes"
47,"married","primary","yes","no","cellular","jul",145,-1,"no"
35,"married","tertiary","yes","no","cellular","nov",70,111,"no"
41,"married","tertiary","no","yes","cellular","jul",695,-1,"no"
49,"married","secondary","no","no","unknown","jun",626,-1,"no"
36,"single","tertiary","no","no","cellular","apr",78,84,"no"
58,"married","primary","yes","no","unknown","jun",16,-1,"no"
30,"single","tertiary","no","no","cellular","feb",179,93,"yes"
33,"married","secondary","yes","yes","cellular","nov",46,122,"no"
43,"married","primary","yes","yes","telephone","may",10,-1,"no"
64,"divorced","secondary","no","no","cellular","mar",409,-1,"yes"
43,"married","secondary","no","no","cellular","may",187,71,"yes"
55,"divorced","tertiary","no","no","cellular","feb",305,94,"yes"
48,"married","secondary","yes","no","cellular","jun",404,92,"no"
26,"single","secondary","yes","no","unknown","may",177,-1,"no"
37,"single","secondary","yes","no","cellular","apr",20,335,"no"
48,"single","secondary","no","no","unknown","may",148,-1,"no"
45,"single","secondary","yes","no","cellular","may",101,301,"no"
54,"single","secondary","yes","no","cellular","feb",93,-1,"no"
26,"single","secondary","yes","yes","cellular","jan",206,239,"no"
45,"married","secondary","no","no","cellular","may",552,90,"yes"
27,"single","secondary","no","no","unknown","jul",269,-1,"no"
43,"married","unknown","no","no","unknown","may",437,-1,"no"
30,"single","tertiary","yes","no","cellular","aug",13,-1,"no"
33,"married","tertiary","no","yes","cellular","jul",57,-1,"no"
58,"married","secondary","yes","no","cellular","apr",115,343,"no"
59,"married","secondary","yes","no","unknown","may",748,-1,"yes"
30,"single","tertiary","no","no","cellular","apr",212,202,"yes"
34,"married","primary","yes","no","unknown","mar",30,-1,"no"
35,"divorced","tertiary","yes","no","unknown","may",26,-1,"no"
31,"married","secondary","yes","no","unknown","may",285,-1,"no"
25,"single","secondary","no","no","cellular","may",226,-1,"yes"
38,"single","secondary","no","yes","unknown","jun",587,-1,"no"
28,"single","secondary","yes","yes","unknown","may",125,-1,"no"
60,"divorced","primary","no","no","telephone","jul",295,-1,"no"
35,"single","secondary","no","no","unknown","jun",46,-1,"no"
52,"married","primary","no","no","unknown","jun",118,-1,"no"
50,"married","tertiary","no","no","cellular","jul",243,-1,"no"
47,"married","secondary","yes","no","cellular","jul",105,-1,"no"
35,"married","primary","yes","no","unknown","may",65,-1,"no"
35,"single","tertiary","no","yes","unknown","may",192,-1,"no"
33,"single","tertiary","yes","yes","unknown","jul",343,-1,"no"
39,"single","primary","no","yes","unknown","jun",35,-1,"no"
35,"married","tertiary","no","no","cellular","oct",108,-1,"no"
34,"divorced","secondary","no","yes","telephone","oct",24,-1,"no"
55,"married","primary","yes","no","unknown","may",291,-1,"no"
56,"divorced","secondary","yes","no","telephone","feb",81,-1,"no"
45,"married","unknown","yes","no","cellular","feb",776,-1,"no"
44,"married","primary","yes","no","cellular","may",23,-1,"no"
35,"married","tertiary","yes","no","cellular","jul",555,-1,"no"
29,"married","secondary","no","yes","cellular","jul",151,-1,"no"
54,"married","tertiary","no","yes","cellular","jul",443,-1,"no"
35,"married","secondary","yes","no","cellular","may",101,-1,"no"
68,"married","secondary","no","no","telephone","dec",2062,257,"yes"
33,"single","tertiary","yes","no","cellular","feb",8,254,"no"
67,"divorced","secondary","no","no","cellular","feb",186,97,"yes"
34,"divorced","secondary","no","no","cellular","jul",641,-1,"yes"
57,"married","tertiary","yes","no","cellular","nov",79,-1,"no"
57,"married","secondary","no","no","cellular","feb",200,-1,"no"
31,"single","secondary","no","no","cellular","aug",35,-1,"no"
42,"divorced","secondary","no","no","unknown","jun",18,-1,"no"
31,"divorced","secondary","yes","no","unknown","may",289,-1,"no"
32,"single","tertiary","no","no","cellular","aug",231,-1,"no"
37,"married","tertiary","yes","no","cellular","aug",190,84,"no"
36,"divorced","tertiary","no","no","cellular","jul",127,-1,"no"
38,"divorced","primary","no","no","unknown","jun",242,-1,"no"
39,"single","secondary","yes","no","cellular","may",104,170,"no"
51,"married","secondary","yes","no","unknown","jun",215,-1,"no"
46,"married","primary","yes","yes","cellular","jan",133,-1,"no"
60,"divorced","secondary","yes","yes","unknown","may",157,-1,"no"
49,"married","tertiary","yes","yes","cellular","sep",249,91,"yes"
58,"divorced","tertiary","no","no","cellular","apr",354,87,"yes"
43,"divorced","secondary","yes","no","unknown","may",259,-1,"no"
29,"married","primary","yes","no","telephone","jul",256,-1,"no"
35,"married","tertiary","yes","no","cellular","may",36,365,"no"
39,"married","tertiary","no","no","unknown","jun",197,-1,"no"
30,"married","primary","yes","yes","unknown","jul",538,-1,"no"
49,"married","primary","yes","no","cellular","jul",51,-1,"no"
22,"single","secondary","no","no","cellular","oct",368,-1,"yes"
48,"married","secondary","yes","no","cellular","mar",291,238,"no"
21,"single","secondary","no","no","cellular","may",382,89,"yes"
32,"married","secondary","yes","yes","cellular","apr",850,-1,"yes"
31,"single","secondary","yes","no","cellular","nov",225,95,"no"
41,"married","secondary","no","no","cellular","aug",122,-1,"no"
32,"single","secondary","yes","no","cellular","nov",1015,-1,"no"
37,"married","secondary","yes","yes","cellular","jun",254,96,"no"
50,"single","secondary","no","yes","unknown","jun",146,-1,"no"
30,"single","secondary","no","no","cellular","jan",111,196,"no"
26,"single","tertiary","yes","no","cellular","mar",93,98,"no"
25,"married","secondary","yes","no","cellular","jul",754,-1,"yes"
47,"divorced","tertiary","no","yes","cellular","nov",148,-1,"no"
39,"married","primary","yes","no","unknown","may",53,-1,"no"
51,"married","secondary","yes","no","cellular","apr",139,-1,"no"
33,"single","secondary","no","no","unknown","jun",719,-1,"no"
59,"married","primary","yes","no","telephone","jul",81,-1,"no"
46,"married","secondary","yes","no","cellular","jul",411,-1,"no"
35,"married","secondary","no","no","cellular","aug",242,-1,"no"
35,"married","secondary","no","yes","cellular","jul",874,-1,"no"
47,"single","secondary","no","no","cellular","jul",212,-1,"no"
56,"married","primary","yes","no","unknown","may",130,-1,"no"
39,"divorced","primary","yes","no","unknown","jun",172,-1,"no"
35,"married","tertiary","no","no","cellular","jan",261,-1,"yes"
35,"married","secondary","yes","no","unknown","may",211,-1,"no"
28,"single","secondary","no","yes","cellular","jul",681,-1,"yes"
29,"married","tertiary","yes","yes","cellular","jul",192,-1,"no"
41,"married","secondary","no","no","cellular","mar",101,-1,"no"
34,"married","tertiary","no","no","cellular","nov",98,-1,"no"
47,"married","tertiary","no","no","unknown","jun",100,-1,"no"
39,"married","tertiary","yes","no","cellular","may",877,300,"yes"
59,"married","primary","no","no","telephone","nov",207,153,"no"
55,"divorced","secondary","yes","no","cellular","apr",157,332,"no"
62,"married","secondary","no","no","cellular","apr",389,-1,"yes"
33,"single","tertiary","yes","no","cellular","may",536,-1,"yes"
55,"divorced","tertiary","no","no","cellular","jun",591,-1,"yes"
32,"married","primary","yes","no","cellular","feb",177,-1,"no"
33,"single","secondary","yes","no","cellular","aug",93,-1,"no"
72,"married","primary","no","no","telephone","mar",255,91,"yes"
43,"married","unknown","yes","no","telephone","jan",170,240,"no"
53,"married","primary","yes","no","cellular","aug",375,-1,"no"
30,"married","primary","yes","no","unknown","may",32,-1,"no"
51,"divorced","secondary","no","no","unknown","may",137,-1,"no"
45,"married","secondary","no","yes","cellular","aug",86,-1,"no"
37,"married","secondary","yes","no","cellular","may",340,175,"no"
37,"married","secondary","no","no","telephone","jul",209,-1,"no"
56,"divorced","secondary","no","no","cellular","aug",67,-1,"no"
30,"single","tertiary","no","no","cellular","aug",471,-1,"yes"
41,"married","tertiary","yes","no","unknown","jun",14,-1,"no"
31,"single","secondary","no","no","cellular","jul",80,-1,"no"
32,"single","secondary","yes","no","unknown","may",59,-1,"no"
35,"single","secondary","yes","no","unknown","jun",113,-1,"no"
58,"married","secondary","yes","no","cellular","apr",104,332,"no"
34,"married","secondary","yes","no","unknown","may",79,-1,"no"
36,"married","tertiary","no","no","cellular","aug",157,97,"yes"
42,"single","tertiary","no","no","unknown","jun",241,-1,"no"
30,"single","secondary","no","yes","unknown","jun",207,-1,"no"
48,"divorced","secondary","yes","no","cellular","may",83,368,"no"
53,"married","secondary","no","no","cellular","aug",18,-1,"no"
41,"single","secondary","no","yes","cellular","jul",426,-1,"no"
39,"married","tertiary","no","no","cellular","aug",902,-1,"yes"
33,"single","tertiary","no","no","telephone","feb",363,-1,"no"
41,"single","secondary","yes","no","unknown","may",119,-1,"no"
49,"divorced","tertiary","yes","no","unknown","jun",126,-1,"no"
41,"divorced","tertiary","yes","no","unknown","may",160,-1,"no"
53,"married","secondary","no","no","telephone","feb",13,-1,"no"
58,"married","secondary","no","no","cellular","feb",216,91,"yes"
20,"married","unknown","no","no","cellular","aug",385,93,"yes"
35,"married","secondary","yes","no","unknown","may",190,-1,"no"
55,"divorced","tertiary","yes","no","cellular","jun",103,95,"yes"
32,"single","tertiary","yes","no","cellular","nov",261,-1,"no"
45,"married","tertiary","yes","no","cellular","jul",192,-1,"no"
69,"married","tertiary","no","no","cellular","apr",333,-1,"no"
30,"single","tertiary","yes","no","cellular","may",251,-1,"no"
27,"married","secondary","yes","no","cellular","may",166,-1,"no"
36,"married","secondary","yes","no","cellular","apr",245,-1,"no"
36,"married","tertiary","yes","no","cellular","sep",75,239,"no"
46,"divorced","primary","no","no","unknown","jun",52,-1,"no"
37,"married","tertiary","yes","no","cellular","nov",219,-1,"no"
35,"single","tertiary","no","no","cellular","apr",164,-1,"yes"
39,"married","primary","yes","no","unknown","may",383,-1,"no"
43,"married","tertiary","no","no","cellular","may",98,77,"no"
46,"married","unknown","yes","no","telephone","may",833,-1,"yes"
58,"married","secondary","no","yes","cellular","aug",57,-1,"no"
51,"married","secondary","yes","no","cellular","jul",63,-1,"no"
51,"married","secondary","yes","yes","cellular","may",805,-1,"no"
39,"married","secondary","no","no","cellular","may",86,-1,"no"
35,"married","tertiary","yes","no","unknown","may",61,-1,"no"
29,"single","primary","no","no","telephone","feb",40,-1,"no"
56,"divorced","secondary","no","no","cellular","aug",47,-1,"no"
45,"married","primary","no","no","unknown","may",230,-1,"no"
39,"single","tertiary","no","no","cellular","aug",113,-1,"no"
47,"divorced","primary","no","no","cellular","jul",240,-1,"no"
28,"married","primary","yes","no","telephone","may",921,-1,"no"
40,"married","tertiary","yes","no","cellular","jul",383,-1,"no"
46,"married","tertiary","yes","yes","cellular","feb",339,-1,"no"
36,"single","tertiary","yes","no","cellular","apr",281,-1,"no"
35,"married","tertiary","no","no","unknown","jun",124,-1,"no"
26,"single","secondary","no","no","cellular","feb",104,-1,"yes"
50,"married","tertiary","no","no","cellular","aug",85,-1,"no"
47,"married","secondary","no","no","cellular","aug",436,403,"yes"
34,"married","primary","yes","no","cellular","may",217,287,"no"
37,"divorced","tertiary","yes","no","cellular","apr",436,140,"no"
42,"married","secondary","no","no","cellular","jul",194,-1,"no"
30,"married","secondary","yes","no","cellular","may",124,298,"no"
41,"married","secondary","yes","no","cellular","may",303,351,"no"
27,"single","tertiary","no","no","cellular","apr",336,-1,"no"
50,"married","secondary","yes","no","cellular","aug",1834,-1,"no"
33,"married","unknown","yes","no","cellular","nov",195,-1,"no"
40,"married","secondary","no","no","unknown","jun",368,-1,"no"
48,"married","tertiary","no","no","cellular","jan",417,-1,"yes"
42,"married","secondary","yes","no","unknown","may",69,-1,"no"
51,"married","tertiary","no","no","cellular","jul",77,-1,"no"
34,"married","secondary","yes","no","cellular","jul",190,-1,"no"
32,"married","secondary","yes","no","unknown","may",203,-1,"no"
38,"single","tertiary","yes","no","cellular","aug",373,-1,"no"
34,"divorced","tertiary","no","no","cellular","nov",382,-1,"no"
26,"married","secondary","no","no","unknown","jul",149,-1,"no"
41,"single","secondary","no","no","cellular","aug",292,-1,"no"
36,"divorced","secondary","yes","no","cellular","may",722,344,"yes"
41,"married","secondary","yes","no","unknown","may",127,-1,"no"
35,"married","tertiary","yes","no","unknown","may",55,-1,"no"
27,"single","secondary","yes","no","cellular","may",552,-1,"no"
34,"divorced","secondary","yes","no","cellular","may",150,-1,"no"
41,"married","secondary","yes","no","cellular","jul",63,-1,"no"
38,"single","secondary","yes","no","cellular","may",150,-1,"no"
58,"single","secondary","yes","yes","cellular","may",985,-1,"yes"
58,"single","secondary","yes","no","cellular","feb",55,8,"no"
29,"married","secondary","yes","no","cellular","may",536,334,"yes"
43,"married","primary","no","no","unknown","jun",168,-1,"no"
51,"married","primary","no","yes","cellular","aug",202,-1,"no"
30,"single","tertiary","yes","no","cellular","feb",157,-1,"no"
53,"married","secondary","no","no","cellular","aug",41,-1,"no"
29,"divorced","tertiary","no","no","cellular","jul",54,-1,"no"
41,"married","primary","yes","yes","cellular","apr",150,-1,"no"
59,"divorced","primary","no","no","cellular","jul",298,-1,"no"
50,"divorced","tertiary","no","no","cellular","nov",349,-1,"no"
76,"married","tertiary","no","no","cellular","oct",344,183,"yes"
56,"married","unknown","no","no","cellular","feb",305,192,"yes"
37,"single","secondary","no","no","unknown","jun",93,-1,"no"
20,"single","unknown","no","no","cellular","sep",327,-1,"yes"
32,"married","secondary","yes","no","cellular","jul",84,-1,"no"
34,"single","tertiary","yes","no","cellular","feb",250,-1,"no"
45,"married","primary","yes","no","cellular","oct",108,-1,"no"
34,"married","tertiary","yes","no","cellular","jul",324,-1,"no"
37,"married","secondary","yes","no","unknown","jun",135,-1,"no"
23,"married","secondary","yes","no","unknown","jun",104,-1,"no"
62,"married","secondary","yes","no","cellular","mar",168,-1,"yes"
33,"single","tertiary","no","no","cellular","jul",351,-1,"yes"
43,"divorced","tertiary","no","no","unknown","may",279,-1,"no"
52,"married","unknown","no","no","cellular","aug",88,-1,"no"
29,"married","tertiary","no","no","cellular","apr",179,-1,"yes"
36,"married","tertiary","no","no","cellular","aug",252,-1,"no"
50,"divorced","secondary","yes","no","cellular","may",109,92,"no"
46,"married","secondary","no","no","cellular","aug",645,-1,"yes"
48,"married","primary","yes","no","cellular","aug",536,-1,"no"
37,"married","secondary","no","no","cellular","aug",132,-1,"no"
39,"single","secondary","yes","no","cellular","apr",510,-1,"yes"
52,"married","primary","yes","no","cellular","nov",73,-1,"no"
54,"divorced","tertiary","no","no","cellular","aug",90,-1,"no"
32,"married","secondary","yes","no","unknown","jun",85,-1,"no"
30,"single","secondary","yes","no","unknown","may",66,-1,"no"
38,"married","tertiary","no","no","cellular","jul",230,-1,"no"
32,"single","secondary","yes","no","unknown","may",413,-1,"no"
44,"married","primary","yes","no","cellular","jul",83,-1,"no"
32,"married","tertiary","no","no","cellular","apr",211,196,"no"
46,"single","secondary","yes","no","cellular","jan",137,97,"no"
36,"single","tertiary","yes","no","cellular","may",8,-1,"no"
31,"single","secondary","no","no","unknown","may",350,-1,"no"
32,"married","secondary","yes","no","unknown","jun",815,-1,"yes"
52,"married","secondary","no","no","cellular","jul",135,-1,"no"
45,"divorced","tertiary","yes","yes","cellular","nov",206,162,"no"
44,"single","secondary","yes","no","cellular","may",324,268,"no"
40,"divorced","primary","yes","yes","cellular","apr",139,346,"no"
25,"married","secondary","yes","no","cellular","jul",225,-1,"no"
36,"married","tertiary","yes","no","cellular","nov",72,29,"no"
32,"married","secondary","no","no","cellular","nov",269,-1,"no"
43,"married","secondary","yes","no","unknown","may",163,-1,"no"
34,"married","secondary","yes","yes","cellular","jul",181,-1,"no"
32,"single","secondary","no","no","cellular","aug",161,-1,"no"
52,"married","primary","no","no","cellular","jul",81,-1,"no"
31,"married","unknown","yes","no","cellular","feb",425,189,"no"
36,"single","tertiary","no","no","cellular","jul",185,181,"no"
54,"married","unknown","yes","no","unknown","may",227,-1,"no"
74,"married","secondary","no","no","telephone","feb",127,-1,"yes"
35,"single","tertiary","no","no","cellular","aug",109,-1,"no"
35,"single","secondary","no","yes","cellular","nov",278,-1,"no"
58,"married","secondary","yes","no","unknown","may",300,-1,"no"
32,"single","unknown","no","no","cellular","feb",35,-1,"no"
22,"single","secondary","yes","no","unknown","jun",53,-1,"no"
36,"married","secondary","yes","no","cellular","may",215,280,"no"
41,"married","primary","yes","yes","unknown","may",209,-1,"no"
27,"married","secondary","yes","no","cellular","may",97,370,"no"
48,"divorced","tertiary","yes","no","unknown","may",249,-1,"no"
32,"single","tertiary","yes","no","cellular","mar",101,-1,"yes"
55,"married","secondary","no","yes","unknown","jun",423,-1,"no"
34,"single","secondary","no","no","cellular","jan",89,-1,"no"
34,"single","tertiary","yes","no","telephone","may",47,-1,"no"
28,"single","primary","yes","no","unknown","may",150,-1,"no"
35,"married","tertiary","yes","no","unknown","jun",312,-1,"no"
48,"married","secondary","yes","yes","cellular","nov",62,-1,"no"
34,"married","secondary","yes","no","cellular","jun",301,-1,"yes"
45,"married","secondary","yes","yes","unknown","jun",152,-1,"no"
41,"divorced","secondary","yes","no","cellular","aug",142,88,"no"
35,"married","tertiary","yes","no","cellular","apr",565,13,"yes"
46,"married","secondary","yes","no","cellular","jan",444,196,"no"
32,"married","secondary","yes","no","cellular","nov",224,-1,"no"
48,"married","tertiary","yes","yes","cellular","nov",77,-1,"no"
78,"married","unknown","yes","no","cellular","oct",211,185,"yes"
33,"married","primary","yes","no","cellular","jul",260,-1,"no"
81,"divorced","primary","no","no","telephone","oct",172,-1,"no"
58,"married","unknown","no","no","cellular","nov",52,-1,"no"
38,"married","secondary","yes","no","cellular","apr",125,-1,"no"
58,"single","tertiary","no","yes","cellular","jul",82,-1,"no"
49,"divorced","secondary","yes","no","cellular","may",90,-1,"no"
30,"married","secondary","yes","no","telephone","nov",119,167,"no"
30,"single","secondary","no","no","cellular","jul",132,-1,"no"
28,"single","secondary","yes","no","cellular","aug",221,-1,"yes"
42,"married","tertiary","no","yes","cellular","jul",106,-1,"no"
30,"single","tertiary","no","no","cellular","aug",578,-1,"no"
36,"single","secondary","yes","no","cellular","apr",700,-1,"yes"
32,"single","tertiary","no","no","cellular","may",208,98,"yes"
33,"married","secondary","yes","no","unknown","may",726,-1,"no"
45,"single","primary","yes","no","telephone","feb",156,-1,"no"
38,"married","secondary","yes","no","unknown","may",408,-1,"no"
27,"married","secondary","yes","no","cellular","jul",198,-1,"no"
44,"married","tertiary","yes","no","unknown","may",457,-1,"no"
39,"married","secondary","yes","no","cellular","jan",144,248,"no"
59,"married","secondary","yes","no","unknown","may",806,-1,"no"
35,"single","secondary","yes","no","cellular","jan",219,246,"no"
33,"married","secondary","yes","no","unknown","jun",121,-1,"no"
27,"single","tertiary","no","yes","cellular","jan",283,-1,"no"
46,"married","secondary","yes","yes","cellular","feb",219,244,"no"
51,"divorced","tertiary","yes","no","cellular","aug",109,-1,"no"
54,"married","tertiary","no","no","cellular","oct",269,541,"yes"
30,"single","secondary","yes","no","cellular","apr",265,-1,"no"
48,"married","primary","yes","no","unknown","may",21,-1,"no"
45,"divorced","primary","yes","no","unknown","may",336,-1,"no"
30,"married","secondary","yes","no","cellular","apr",834,-1,"no"
53,"married","secondary","no","no","cellular","aug",82,-1,"no"
40,"married","secondary","no","no","cellular","nov",348,127,"no"
44,"divorced","tertiary","no","no","cellular","aug",92,-1,"no"
37,"married","secondary","no","no","unknown","jun",257,-1,"no"
27,"married","secondary","no","no","telephone","oct",131,-1,"yes"
32,"single","secondary","yes","no","cellular","apr",8,-1,"no"
37,"married","secondary","no","no","cellular","aug",241,-1,"no"
27,"single","secondary","no","no","cellular","aug",75,-1,"no"
31,"married","primary","yes","no","cellular","may",235,-1,"no"
44,"divorced","secondary","yes","no","cellular","may",155,-1,"no"
51,"single","unknown","yes","no","unknown","may",33,-1,"no"
33,"single","secondary","yes","no","cellular","apr",303,-1,"no"
32,"married","secondary","yes","no","cellular","jan",164,-1,"no"
57,"married","tertiary","yes","yes","unknown","may",107,-1,"no"
36,"married","secondary","no","no","cellular","jun",516,292,"yes"
38,"married","secondary","no","yes","unknown","jun",14,-1,"no"
45,"married","tertiary","no","no","cellular","jun",761,-1,"no"
33,"married","tertiary","yes","no","cellular","nov",280,89,"no"
38,"married","secondary","yes","no","unknown","jun",111,-1,"no"
21,"single","secondary","no","no","cellular","mar",266,-1,"yes"
37,"single","secondary","yes","no","cellular","apr",81,-1,"no"
56,"married","secondary","yes","no","cellular","apr",156,305,"yes"
26,"single","secondary","yes","no","cellular","apr",242,-1,"no"
34,"married","secondary","yes","no","cellular","apr",186,327,"no"
31,"single","secondary","yes","no","cellular","nov",279,-1,"no"
36,"married","tertiary","no","no","cellular","nov",78,-1,"no"
43,"married","tertiary","no","no","unknown","jun",104,-1,"no"
40,"divorced","secondary","yes","no","unknown","may",91,-1,"no"
42,"divorced","secondary","yes","yes","unknown","may",147,-1,"no"
53,"single","secondary","no","no","cellular","aug",134,-1,"no"
57,"married","secondary","no","no","cellular","aug",198,-1,"no"
26,"single","secondary","no","yes","cellular","feb",246,-1,"no"
26,"single","tertiary","no","no","unknown","may",159,-1,"no"
41,"married","primary","yes","no","unknown","may",160,-1,"no"
51,"married","secondary","no","yes","unknown","jun",179,-1,"no"
60,"married","primary","no","no","telephone","jul",40,-1,"no"
46,"married","tertiary","no","no","cellular","jul",389,-1,"no"
31,"married","tertiary","no","no","cellular","aug",377,-1,"no"
33,"married","tertiary","yes","no","cellular","nov",262,-1,"no"
40,"married","primary","no","no","unknown","jun",292,-1,"no"
36,"married","unknown","no","yes","cellular","jul",185,-1,"no"
49,"married","unknown","yes","no","cellular","may",143,347,"no"
41,"married","tertiary","yes","yes","unknown","may",86,-1,"no"
52,"married","secondary","no","yes","cellular","jul",197,-1,"no"
35,"single","secondary","no","yes","cellular","jul",84,-1,"no"
30,"married","secondary","no","no","cellular","jan",142,-1,"no"
45,"married","secondary","yes","no","cellular","may",408,-1,"no"
36,"married","tertiary","no","no","cellular","aug",97,-1,"no"
29,"single","tertiary","no","no","cellular","apr",366,199,"no"
49,"married","secondary","yes","no","cellular","aug",168,-1,"no"
66,"married","secondary","no","no","cellular","aug",212,-1,"yes"
42,"married","secondary","yes","no","cellular","jul",17,-1,"no"
56,"married","unknown","no","no","cellular","aug",130,-1,"no"
44,"married","secondary","no","yes","cellular","jan",138,183,"no"
31,"single","tertiary","no","no","cellular","aug",170,-1,"no"
31,"single","tertiary","no","no","cellular","feb",228,-1,"no"
36,"married","secondary","yes","no","cellular","jul",393,-1,"no"
50,"married","secondary","no","no","unknown","jun",165,-1,"no"
49,"married","primary","yes","no","unknown","jun",223,-1,"no"
40,"married","secondary","no","no","cellular","jun",220,219,"no"
50,"married","primary","no","no","unknown","jun",17,-1,"no"
54,"divorced","secondary","yes","no","cellular","may",895,365,"no"
44,"single","secondary","yes","no","cellular","may",56,361,"no"
53,"divorced","tertiary","no","yes","cellular","jun",438,-1,"yes"
57,"divorced","secondary","yes","no","cellular","nov",219,-1,"no"
37,"married","secondary","no","no","telephone","oct",376,-1,"yes"
45,"married","secondary","yes","no","cellular","jul",287,181,"yes"
35,"married","secondary","yes","yes","unknown","may",30,-1,"no"
58,"married","secondary","yes","yes","cellular","apr",329,346,"no"
33,"single","tertiary","yes","no","cellular","feb",311,-1,"no"
51,"married","secondary","yes","no","cellular","may",136,359,"no"
34,"married","secondary","yes","no","cellular","aug",352,828,"yes"
32,"married","secondary","yes","no","unknown","may",102,-1,"no"
49,"married","secondary","yes","yes","unknown","may",265,-1,"no"
39,"married","primary","no","no","unknown","jun",394,-1,"no"
45,"married","secondary","no","no","unknown","jun",113,-1,"no"
46,"married","tertiary","yes","no","unknown","may",197,-1,"no"
24,"single","tertiary","no","no","cellular","jun",239,95,"yes"
29,"single","secondary","yes","no","unknown","may",108,-1,"no"
50,"married","secondary","no","no","cellular","jul",16,-1,"no"
30,"married","secondary","yes","no","unknown","may",216,-1,"no"
35,"married","secondary","yes","no","cellular","nov",171,183,"no"
32,"single","tertiary","no","no","cellular","jan",365,-1,"no"
41,"single","tertiary","no","no","telephone","jul",63,-1,"no"
32,"married","tertiary","yes","no","unknown","may",189,-1,"no"
45,"married","unknown","no","no","cellular","aug",408,-1,"no"
59,"married","secondary","no","no","telephone","may",125,370,"no"
43,"single","tertiary","no","no","cellular","aug",229,-1,"no"
53,"married","secondary","no","no","cellular","aug",123,-1,"no"
30,"married","secondary","yes","no","unknown","may",807,-1,"no"
42,"married","secondary","yes","no","telephone","feb",23,-1,"no"
36,"married","tertiary","no","no","cellular","jan",76,-1,"no"
44,"married","primary","no","no","unknown","may",107,-1,"no"
34,"married","tertiary","yes","no","cellular","jun",485,227,"yes"
53,"divorced","secondary","no","no","cellular","nov",561,-1,"yes"
39,"married","tertiary","no","no","cellular","aug",425,-1,"no"
32,"married","tertiary","no","no","cellular","nov",221,-1,"no"
57,"married","secondary","no","no","cellular","aug",107,-1,"no"
32,"married","primary","yes","no","cellular","jul",95,-1,"no"
39,"single","tertiary","yes","no","cellular","may",14,-1,"no"
28,"married","secondary","no","no","cellular","jul",588,-1,"yes"
33,"married","secondary","no","no","cellular","jan",127,-1,"no"
25,"single","secondary","yes","no","unknown","may",312,-1,"no"
38,"divorced","secondary","yes","no","cellular","oct",576,183,"yes"
33,"single","tertiary","no","no","cellular","aug",81,-1,"no"
42,"divorced","secondary","yes","yes","cellular","jul",272,-1,"no"
60,"married","secondary","no","no","cellular","aug",276,-1,"no"
31,"married","secondary","no","no","unknown","may",121,-1,"no"
33,"married","secondary","yes","no","cellular","may",143,-1,"no"
42,"divorced","secondary","no","no","cellular","jul",61,-1,"no"
35,"single","tertiary","yes","no","unknown","may",83,-1,"no"
39,"married","primary","yes","no","unknown","may",680,-1,"no"
53,"married","primary","yes","no","unknown","may",0,-1,"no"
24,"single","secondary","yes","no","cellular","may",424,-1,"no"
37,"single","tertiary","no","no","telephone","feb",63,-1,"no"
59,"married","tertiary","yes","yes","cellular","may",106,280,"no"
32,"married","tertiary","yes","yes","cellular","aug",144,-1,"no"
45,"divorced","tertiary","yes","no","cellular","nov",101,-1,"no"
51,"divorced","primary","no","no","unknown","jun",167,-1,"no"
57,"married","secondary","no","yes","telephone","jul",31,-1,"no"
66,"married","tertiary","no","no","cellular","aug",550,-1,"yes"
34,"married","secondary","yes","no","cellular","nov",798,182,"no"
25,"single","secondary","yes","no","cellular","may",323,-1,"no"
38,"married","tertiary","yes","no","cellular","apr",526,260,"yes"
32,"single","secondary","no","no","cellular","may",123,-1,"no"
37,"married","secondary","yes","no","cellular","jul",112,324,"no"
52,"single","unknown","yes","no","unknown","may",170,-1,"no"
53,"married","secondary","yes","no","cellular","nov",286,-1,"no"
76,"divorced","primary","no","no","cellular","oct",107,-1,"yes"
21,"single","unknown","no","no","cellular","jun",270,-1,"yes"
40,"married","secondary","yes","yes","unknown","may",29,-1,"no"
41,"single","primary","yes","no","unknown","jun",950,-1,"no"
36,"married","tertiary","no","no","cellular","apr",76,-1,"no"
57,"married","secondary","no","no","unknown","jun",93,-1,"no"
37,"divorced","secondary","yes","no","cellular","nov",555,-1,"yes"
56,"married","secondary","yes","no","cellular","aug",335,-1,"no"
48,"married","secondary","yes","yes","unknown","may",154,-1,"no"
30,"single","secondary","yes","no","cellular","jul",65,-1,"no"
36,"married","secondary","yes","no","cellular","may",189,-1,"no"
37,"married","primary","yes","no","unknown","may",281,-1,"no"
46,"married","tertiary","no","no","cellular","nov",118,-1,"no"
28,"single","secondary","no","yes","unknown","jun",3183,-1,"yes"
47,"married","primary","no","no","unknown","jun",374,-1,"no"
57,"married","secondary","no","no","cellular","jan",132,-1,"no"
44,"married","secondary","yes","no","unknown","may",243,-1,"no"
54,"married","primary","yes","no","unknown","may",589,-1,"no"
35,"married","tertiary","no","no","cellular","apr",131,185,"no"
51,"married","secondary","no","yes","cellular","aug",143,-1,"no"
25,"single","tertiary","no","yes","cellular","jul",201,-1,"no"
53,"divorced","secondary","yes","yes","unknown","jul",25,417,"yes"
33,"married","tertiary","yes","yes","cellular","jan",706,-1,"no"
60,"married","primary","no","no","unknown","jun",177,-1,"no"
32,"single","secondary","yes","no","cellular","aug",14,-1,"no"
46,"married","tertiary","no","no","cellular","aug",182,-1,"no"
56,"married","secondary","no","yes","cellular","jul",183,221,"yes"
44,"divorced","secondary","yes","no","cellular","feb",607,-1,"no"
40,"married","secondary","no","no","cellular","jun",78,-1,"no"
37,"married","secondary","yes","yes","cellular","aug",209,-1,"no"
31,"single","tertiary","yes","no","cellular","jul",164,-1,"no"
40,"single","primary","yes","no","telephone","may",7,-1,"no"
39,"married","secondary","yes","no","cellular","may",312,-1,"no"
52,"married","unknown","yes","yes","cellular","jul",83,-1,"no"
36,"married","secondary","yes","no","cellular","nov",476,124,"no"
32,"single","secondary","no","no","telephone","feb",176,288,"no"
27,"single","tertiary","yes","yes","cellular","jan",195,-1,"no"
50,"married","secondary","no","yes","cellular","aug",70,-1,"no"
57,"married","secondary","no","no","cellular","jul",364,-1,"no"
52,"divorced","primary","yes","yes","unknown","jun",63,-1,"no"
58,"divorced","secondary","no","no","cellular","jul",271,-1,"no"
28,"single","tertiary","yes","no","cellular","mar",631,-1,"yes"
35,"single","tertiary","no","no","cellular","feb",141,176,"no"
53,"divorced","secondary","yes","yes","cellular","nov",64,-1,"no"
50,"married","tertiary","yes","yes","cellular","aug",40,-1,"no"
47,"divorced","primary","no","no","cellular","jul",69,-1,"no"
46,"married","secondary","yes","no","cellular","feb",67,-1,"no"
59,"married","secondary","yes","no","unknown","may",143,-1,"no"
53,"married","tertiary","no","no","cellular","aug",100,-1,"no"
33,"married","tertiary","yes","no","cellular","may",137,-1,"no"
44,"married","tertiary","yes","no","cellular","feb",80,80,"no"
27,"single","secondary","no","no","cellular","aug",106,110,"no"
47,"married","secondary","yes","yes","cellular","may",151,-1,"no"
27,"single","tertiary","yes","yes","unknown","may",68,-1,"no"
30,"single","secondary","no","no","cellular","aug",90,-1,"no"
30,"single","secondary","yes","no","cellular","may",91,370,"no"
58,"married","secondary","yes","no","telephone","feb",702,264,"no"
37,"single","secondary","no","no","unknown","jun",187,-1,"no"
47,"married","tertiary","yes","no","cellular","may",217,-1,"no"
43,"single","primary","yes","no","cellular","may",902,-1,"yes"
43,"divorced","tertiary","yes","no","cellular","aug",89,401,"no"
40,"married","primary","yes","no","unknown","may",260,-1,"no"
36,"single","secondary","no","no","cellular","feb",443,-1,"no"
49,"married","secondary","no","no","cellular","aug",220,-1,"no"
47,"single","secondary","yes","no","unknown","may",62,-1,"no"
28,"single","tertiary","no","no","telephone","jan",399,2,"no"
52,"married","secondary","no","yes","cellular","jun",301,134,"yes"
35,"divorced","secondary","no","no","cellular","feb",195,97,"yes"
47,"married","unknown","no","no","cellular","jul",172,-1,"no"
31,"married","tertiary","no","no","cellular","aug",200,-1,"no"
31,"single","tertiary","yes","no","unknown","jun",122,-1,"no"
30,"single","tertiary","no","yes","cellular","jul",100,-1,"no"
29,"single","secondary","yes","no","cellular","jul",203,-1,"no"
48,"married","unknown","no","no","cellular","aug",104,-1,"no"
57,"married","tertiary","yes","yes","cellular","apr",267,294,"no"
59,"divorced","tertiary","yes","no","cellular","jul",52,-1,"no"
46,"divorced","primary","yes","yes","cellular","jul",379,-1,"no"
50,"divorced","primary","no","no","cellular","jul",51,-1,"no"
53,"married","secondary","no","yes","cellular","aug",360,-1,"no"
38,"married","tertiary","yes","no","unknown","may",124,-1,"no"
32,"single","secondary","no","yes","cellular","jul",110,-1,"no"
25,"married","tertiary","no","no","cellular","apr",352,-1,"no"
58,"married","unknown","no","yes","cellular","jul",78,-1,"no"
48,"married","secondary","yes","no","unknown","may",126,-1,"no"
31,"divorced","secondary","yes","no","unknown","may",208,-1,"no"
37,"single","secondary","no","no","cellular","jul",392,-1,"no"
36,"married","secondary","no","no","cellular","jan",187,185,"no"
35,"married","tertiary","yes","no","cellular","nov",187,-1,"no"
47,"married","secondary","yes","yes","cellular","apr",250,-1,"no"
42,"married","primary","yes","no","telephone","may",17,-1,"no"
42,"divorced","secondary","no","no","unknown","jun",249,-1,"no"
48,"single","tertiary","yes","no","cellular","jul",462,-1,"no"
41,"married","primary","no","no","unknown","jun",305,-1,"no"
61,"married","tertiary","no","no","cellular","oct",136,-1,"yes"
56,"married","tertiary","no","no","cellular","jul",81,-1,"no"
32,"single","secondary","yes","no","cellular","may",158,354,"no"
57,"single","primary","no","yes","cellular","nov",362,-1,"no"
34,"married","tertiary","yes","yes","cellular","sep",74,-1,"no"
52,"married","primary","no","no","cellular","aug",20,-1,"no"
46,"divorced","secondary","no","no","unknown","jun",79,-1,"no"
58,"divorced","secondary","yes","no","unknown","may",154,-1,"no"
42,"married","secondary","yes","no","unknown","jun",36,-1,"no"
41,"married","secondary","yes","no","cellular","jul",148,-1,"no"
30,"married","secondary","no","no","cellular","nov",186,-1,"no"
60,"married","tertiary","yes","no","cellular","may",187,-1,"no"
31,"married","primary","yes","no","cellular","may",465,360,"no"
34,"married","secondary","yes","no","cellular","apr",575,-1,"no"
45,"married","unknown","yes","no","cellular","jul",80,-1,"no"
31,"single","tertiary","yes","yes","cellular","may",117,352,"no"
27,"single","secondary","no","no","unknown","aug",8,-1,"no"
36,"married","secondary","no","yes","cellular","jul",716,-1,"yes"
35,"married","tertiary","no","no","cellular","aug",484,-1,"no"
32,"single","tertiary","no","no","cellular","aug",377,-1,"no"
48,"married","primary","no","no","cellular","aug",103,-1,"no"
33,"single","tertiary","no","no","cellular","aug",244,-1,"no"
50,"married","primary","yes","no","unknown","jun",134,-1,"no"
26,"single","tertiary","yes","no","cellular","may",301,-1,"no"
41,"married","tertiary","no","no","cellular","aug",74,-1,"no"
42,"single","primary","no","no","cellular","jul",86,-1,"no"
30,"divorced","tertiary","no","no","cellular","aug",382,-1,"no"
50,"married","primary","yes","no","unknown","may",129,-1,"no"
36,"married","tertiary","no","no","cellular","aug",99,-1,"no"
31,"single","unknown","yes","no","cellular","feb",254,260,"no"
34,"married","tertiary","yes","no","cellular","apr",243,153,"no"
45,"single","tertiary","no","no","cellular","jul",852,182,"yes"
45,"married","secondary","no","yes","cellular","nov",652,126,"yes"
37,"single","secondary","no","no","unknown","jun",11,-1,"no"
44,"married","secondary","yes","no","telephone","may",37,303,"no"
57,"married","secondary","yes","no","unknown","jun",198,-1,"no"
56,"married","secondary","no","no","cellular","aug",210,-1,"no"
42,"married","secondary","yes","no","unknown","may",201,-1,"no"
54,"divorced","tertiary","no","yes","cellular","jul",259,-1,"no"
54,"divorced","unknown","yes","no","cellular","apr",263,-1,"no"
55,"married","secondary","yes","no","cellular","jan",134,-1,"no"
26,"single","tertiary","no","no","cellular","jan",104,-1,"no"
51,"single","tertiary","yes","no","cellular","nov",157,110,"no"
34,"single","secondary","yes","no","cellular","may",197,-1,"no"
47,"married","primary","no","no","cellular","aug",71,-1,"no"
41,"married","secondary","no","no","unknown","jun",78,-1,"no"
45,"married","tertiary","yes","yes","cellular","feb",190,264,"no"
30,"married","secondary","yes","yes","cellular","jul",250,-1,"no"
34,"single","tertiary","no","no","unknown","may",77,-1,"no"
35,"married","secondary","no","no","cellular","aug",106,-1,"no"
37,"divorced","tertiary","yes","no","cellular","may",668,-1,"yes"
33,"single","secondary","yes","no","cellular","may",30,-1,"no"
60,"married","secondary","no","no","cellular","sep",520,-1,"yes"
38,"married","secondary","yes","no","cellular","jul",240,-1,"no"
36,"married","secondary","yes","no","telephone","may",42,-1,"no"
50,"married","primary","yes","yes","telephone","feb",56,196,"no"
46,"married","primary","yes","no","telephone","nov",100,-1,"no"
32,"married","secondary","yes","no","unknown","may",132,-1,"no"
41,"married","tertiary","yes","no","unknown","jun",154,-1,"no"
47,"married","secondary","no","yes","unknown","jul",504,-1,"no"
58,"married","tertiary","no","no","cellular","feb",1109,262,"yes"
61,"divorced","tertiary","no","no","cellular","aug",290,-1,"yes"
39,"married","tertiary","yes","no","unknown","may",27,-1,"no"
46,"married","primary","no","yes","cellular","jul",145,-1,"no"
33,"divorced","tertiary","yes","no","telephone","feb",12,256,"no"
55,"married","secondary","yes","no","unknown","may",901,-1,"no"
32,"married","primary","yes","no","unknown","may",21,-1,"no"
44,"married","secondary","yes","yes","cellular","jul",18,-1,"no"
44,"married","secondary","yes","yes","cellular","may",528,-1,"no"
42,"divorced","primary","no","no","cellular","jul",422,-1,"no"
32,"married","tertiary","no","no","cellular","aug",219,84,"no"
56,"married","secondary","yes","yes","cellular","aug",82,-1,"no"
39,"married","secondary","yes","no","cellular","aug",63,-1,"no"
35,"married","primary","no","yes","telephone","nov",26,-1,"no"
36,"married","primary","no","no","cellular","aug",238,-1,"no"
41,"married","tertiary","yes","yes","cellular","may",310,-1,"no"
33,"single","secondary","no","no","cellular","nov",125,-1,"no"
30,"single","secondary","yes","no","cellular","nov",528,-1,"yes"
38,"married","tertiary","yes","no","cellular","aug",131,-1,"no"
41,"married","secondary","yes","no","unknown","may",1147,-1,"no"
22,"single","secondary","no","no","cellular","oct",258,-1,"yes"
30,"married","secondary","yes","no","cellular","jul",661,-1,"no"
50,"divorced","primary","no","no","cellular","jul",118,-1,"no"
51,"married","tertiary","yes","yes","unknown","jun",394,-1,"no"
25,"single","secondary","no","no","cellular","apr",327,-1,"yes"
31,"married","secondary","yes","no","unknown","may",546,-1,"no"
45,"single","secondary","yes","no","unknown","may",131,-1,"no"
30,"single","tertiary","yes","no","unknown","may",255,-1,"no"
38,"married","tertiary","yes","no","unknown","may",317,-1,"no"
50,"married","secondary","yes","no","unknown","may",334,-1,"no"
27,"single","secondary","no","no","cellular","jul",799,-1,"no"
30,"single","secondary","yes","no","cellular","may",353,-1,"no"
51,"married","primary","no","no","cellular","aug",453,-1,"no"
37,"married","primary","yes","yes","cellular","may",340,-1,"no"
31,"single","secondary","no","no","cellular","aug",100,-1,"no"
30,"married","secondary","yes","no","unknown","may",541,-1,"no"
36,"married","secondary","no","no","cellular","aug",80,-1,"no"
55,"married","tertiary","no","yes","unknown","jun",12,-1,"no"
51,"divorced","tertiary","no","no","cellular","nov",200,165,"no"
28,"single","tertiary","no","yes","cellular","jul",470,-1,"no"
26,"married","tertiary","yes","no","cellular","feb",133,-1,"no"
50,"married","primary","no","no","unknown","jun",199,-1,"no"
47,"married","tertiary","yes","no","unknown","may",316,-1,"no"
53,"married","secondary","yes","no","unknown","may",535,-1,"no"
56,"married","secondary","no","yes","unknown","jun",181,-1,"no"
26,"single","secondary","yes","no","cellular","jul",63,-1,"no"
45,"married","secondary","yes","no","cellular","nov",92,188,"no"
47,"married","secondary","no","yes","unknown","jun",61,-1,"no"
42,"married","primary","yes","no","telephone","jul",190,-1,"no"
43,"married","tertiary","yes","no","unknown","may",256,-1,"no"
32,"single","secondary","yes","no","cellular","apr",317,363,"yes"
47,"married","tertiary","no","yes","cellular","feb",313,-1,"no"
31,"married","primary","yes","no","cellular","may",317,352,"no"
50,"married","tertiary","no","no","cellular","jul",106,-1,"no"
43,"married","tertiary","yes","no","cellular","apr",129,337,"no"
35,"single","secondary","yes","no","unknown","may",193,-1,"no"
44,"married","tertiary","yes","no","unknown","may",346,-1,"no"
68,"married","secondary","no","no","cellular","jun",586,-1,"yes"
36,"married","tertiary","no","no","cellular","aug",159,-1,"no"
40,"single","secondary","yes","no","unknown","may",71,-1,"no"
32,"married","secondary","yes","yes","cellular","jan",203,87,"yes"
35,"married","secondary","yes","no","cellular","jul",105,-1,"no"
28,"single","tertiary","no","no","cellular","may",135,-1,"no"
34,"married","secondary","yes","no","cellular","may",124,-1,"no"
22,"single","secondary","yes","yes","cellular","may",336,-1,"no"
42,"married","secondary","no","no","cellular","jul",305,-1,"no"
30,"single","tertiary","yes","no","cellular","jul",368,-1,"no"
45,"married","secondary","yes","no","cellular","aug",141,-1,"no"
38,"married","tertiary","no","no","cellular","jul",532,-1,"yes"
33,"married","tertiary","yes","no","cellular","may",84,167,"no"
58,"single","secondary","no","no","telephone","mar",220,-1,"no"
32,"married","secondary","no","no","cellular","feb",210,-1,"no"
32,"married","secondary","yes","no","cellular","apr",317,-1,"yes"
33,"married","tertiary","yes","no","cellular","nov",122,-1,"no"
40,"divorced","tertiary","yes","no","unknown","oct",112,-1,"yes"
48,"married","tertiary","no","no","cellular","aug",106,-1,"no"
37,"divorced","tertiary","yes","no","cellular","may",74,351,"no"
38,"married","tertiary","no","no","cellular","may",272,182,"yes"
60,"married","unknown","no","no","cellular","aug",106,-1,"no"
45,"married","tertiary","yes","no","cellular","may",469,342,"no"
59,"married","secondary","yes","no","unknown","may",832,-1,"no"
41,"married","secondary","yes","yes","telephone","jul",165,-1,"no"
29,"married","tertiary","no","no","cellular","apr",437,264,"no"
36,"married","tertiary","yes","no","cellular","may",155,-1,"no"
45,"married","unknown","yes","yes","cellular","jul",145,-1,"no"
50,"married","tertiary","no","no","cellular","may",177,387,"no"
30,"married","secondary","yes","yes","cellular","may",143,364,"no"
54,"married","primary","yes","no","cellular","nov",186,-1,"no"
57,"married","tertiary","no","no","telephone","nov",95,-1,"no"
46,"married","primary","yes","no","cellular","apr",249,237,"no"
28,"single","unknown","no","no","cellular","sep",184,-1,"no"
37,"divorced","tertiary","yes","no","unknown","may",1622,-1,"yes"
31,"married","secondary","yes","yes","unknown","may",134,-1,"no"
60,"divorced","unknown","yes","no","unknown","may",144,-1,"no"
38,"single","secondary","yes","no","cellular","jan",52,-1,"no"
27,"single","secondary","yes","no","cellular","may",176,-1,"no"
34,"divorced","secondary","yes","no","cellular","nov",56,163,"no"
41,"married","secondary","no","no","cellular","nov",1268,-1,"no"
34,"married","secondary","yes","no","unknown","may",165,-1,"no"
25,"single","secondary","no","yes","unknown","jul",316,-1,"no"
31,"single","tertiary","no","no","cellular","aug",11,-1,"no"
56,"married","primary","no","yes","cellular","nov",84,-1,"no"
36,"single","tertiary","yes","no","cellular","jul",111,-1,"no"
47,"married","secondary","yes","yes","unknown","nov",81,-1,"no"
27,"married","secondary","yes","no","cellular","jul",55,-1,"no"
57,"married","secondary","yes","yes","cellular","aug",93,-1,"no"
49,"married","unknown","no","no","cellular","apr",119,-1,"no"
40,"married","unknown","yes","no","unknown","may",311,-1,"no"
55,"divorced","primary","yes","no","unknown","may",343,-1,"no"
44,"married","tertiary","yes","no","cellular","aug",159,-1,"no"
48,"married","secondary","yes","no","telephone","may",139,-1,"no"
36,"divorced","secondary","yes","no","cellular","may",365,-1,"yes"
48,"married","primary","no","no","cellular","aug",136,-1,"no"
37,"married","secondary","yes","no","cellular","nov",62,190,"no"
30,"married","tertiary","yes","yes","unknown","jun",238,-1,"no"
46,"married","secondary","no","no","telephone","jul",16,-1,"no"
35,"divorced","secondary","no","no","cellular","jul",186,-1,"no"
20,"single","unknown","no","no","cellular","mar",196,182,"no"
51,"single","secondary","yes","no","cellular","may",496,343,"no"
31,"married","secondary","yes","no","cellular","apr",279,-1,"no"
59,"married","tertiary","no","no","cellular","jul",167,-1,"no"
43,"married","primary","yes","no","cellular","jul",578,-1,"no"
34,"single","secondary","no","no","cellular","feb",684,-1,"no"
38,"single","tertiary","yes","no","unknown","may",85,-1,"no"
53,"married","tertiary","yes","no","cellular","may",429,193,"no"
36,"single","secondary","no","no","cellular","may",87,308,"no"
40,"married","primary","yes","no","unknown","may",283,-1,"no"
51,"single","tertiary","yes","no","unknown","may",18,-1,"no"
60,"married","unknown","no","yes","cellular","aug",104,-1,"no"
60,"married","tertiary","yes","yes","cellular","jun",128,192,"no"
46,"divorced","tertiary","yes","no","unknown","jun",10,-1,"no"
31,"single","tertiary","yes","no","cellular","may",124,-1,"no"
44,"married","secondary","no","no","cellular","sep",205,-1,"no"
36,"married","tertiary","yes","no","cellular","aug",160,-1,"no"
51,"divorced","tertiary","yes","no","cellular","may",102,355,"no"
59,"divorced","secondary","no","no","unknown","jun",13,-1,"no"
19,"single","primary","no","no","cellular","may",72,-1,"no"
40,"married","primary","no","yes","telephone","jul",201,-1,"no"
29,"married","secondary","yes","yes","cellular","may",382,-1,"yes"
42,"married","secondary","yes","no","unknown","may",285,-1,"no"
41,"married","secondary","yes","no","cellular","apr",949,254,"yes"
35,"single","secondary","yes","no","cellular","feb",515,-1,"yes"
58,"married","unknown","no","no","unknown","jun",37,-1,"no"
30,"single","tertiary","no","no","cellular","feb",48,-1,"no"
41,"married","primary","yes","no","cellular","jan",419,-1,"no"
57,"married","secondary","no","no","cellular","aug",101,-1,"no"
28,"single","secondary","no","no","cellular","feb",155,-1,"no"
47,"married","primary","no","no","cellular","aug",231,-1,"no"
42,"single","tertiary","yes","no","unknown","may",161,-1,"no"
34,"single","secondary","yes","no","unknown","jun",102,-1,"no"
40,"married","tertiary","yes","no","unknown","nov",85,-1,"yes"
32,"married","secondary","no","no","cellular","feb",350,-1,"no"
43,"married","secondary","yes","no","unknown","may",168,-1,"no"
20,"single","unknown","no","no","cellular","jul",253,-1,"yes"
51,"married","tertiary","yes","no","cellular","may",138,-1,"no"
47,"married","secondary","no","no","cellular","aug",73,-1,"no"
47,"single","tertiary","no","no","unknown","jun",58,-1,"no"
48,"married","primary","yes","no","cellular","jun",262,-1,"no"
32,"married","tertiary","yes","no","cellular","feb",133,77,"no"
36,"divorced","tertiary","no","yes","cellular","aug",118,-1,"no"
45,"married","secondary","no","no","cellular","feb",326,-1,"no"
37,"single","primary","yes","no","unknown","jun",309,-1,"no"
62,"married","secondary","no","no","telephone","mar",139,-1,"no"
38,"divorced","tertiary","yes","no","unknown","may",89,-1,"no"
45,"married","tertiary","yes","yes","cellular","may",234,-1,"no"
52,"divorced","primary","no","no","cellular","feb",307,-1,"no"
32,"married","secondary","yes","no","cellular","jan",206,-1,"no"
43,"married","secondary","yes","no","cellular","nov",102,-1,"no"
49,"divorced","tertiary","no","no","cellular","apr",285,132,"no"
55,"married","primary","no","no","cellular","aug",196,-1,"no"
35,"married","tertiary","no","no","unknown","jun",400,-1,"no"
53,"divorced","secondary","no","yes","unknown","jun",192,-1,"no"
39,"married","secondary","yes","no","unknown","may",209,-1,"no"
36,"married","secondary","yes","no","cellular","feb",220,-1,"no"
41,"married","secondary","yes","yes","cellular","nov",425,176,"no"
46,"single","secondary","yes","no","unknown","may",33,-1,"no"
46,"married","primary","no","no","telephone","may",32,301,"no"
56,"married","secondary","yes","no","unknown","may",66,-1,"no"
28,"single","tertiary","no","no","cellular","feb",271,-1,"no"
42,"divorced","secondary","no","no","cellular","nov",137,-1,"no"
60,"married","secondary","no","no","cellular","jul",981,-1,"yes"
33,"divorced","tertiary","yes","no","cellular","jul",1491,-1,"yes"
55,"married","tertiary","no","no","cellular","jul",814,-1,"yes"
53,"married","tertiary","no","no","cellular","feb",208,-1,"yes"
38,"married","secondary","no","no","cellular","mar",103,-1,"no"
24,"single","tertiary","yes","no","unknown","jun",15,-1,"no"
33,"single","secondary","yes","no","unknown","may",189,-1,"no"
34,"married","tertiary","no","no","cellular","feb",426,-1,"yes"
43,"divorced","secondary","yes","no","cellular","may",274,358,"no"
46,"single","tertiary","yes","no","telephone","may",91,175,"no"
43,"single","secondary","no","no","cellular","feb",58,264,"no"
23,"single","secondary","yes","no","cellular","may",170,-1,"no"
30,"married","secondary","yes","no","cellular","apr",1034,-1,"no"
28,"married","secondary","yes","no","unknown","may",667,-1,"no"
35,"married","secondary","no","no","unknown","jun",445,-1,"no"
56,"married","unknown","no","no","telephone","jul",26,-1,"no"
51,"married","primary","no","no","cellular","aug",65,-1,"no"
54,"married","primary","no","yes","cellular","jul",1027,-1,"no"
51,"married","unknown","yes","no","cellular","may",176,341,"no"
42,"divorced","secondary","yes","yes","unknown","may",141,-1,"no"
55,"married","secondary","no","no","unknown","jun",192,-1,"no"
53,"married","primary","yes","no","cellular","nov",677,-1,"yes"
26,"married","tertiary","yes","yes","unknown","may",1266,-1,"no"
33,"single","secondary","yes","no","unknown","jun",63,-1,"no"
40,"married","tertiary","no","no","cellular","aug",131,98,"yes"
37,"married","tertiary","yes","no","cellular","nov",101,-1,"no"
44,"married","secondary","no","no","cellular","nov",280,-1,"no"
37,"divorced","secondary","yes","no","cellular","may",68,359,"no"
38,"divorced","secondary","yes","no","unknown","jun",373,-1,"no"
31,"single","tertiary","yes","no","unknown","jun",25,-1,"no"
35,"married","tertiary","yes","no","cellular","may",235,352,"no"
36,"married","secondary","yes","no","telephone","may",1143,-1,"no"
31,"married","tertiary","no","no","cellular","nov",161,-1,"no"
29,"single","tertiary","yes","no","cellular","jul",396,-1,"yes"
44,"divorced","secondary","yes","yes","unknown","jun",81,-1,"no"
42,"married","secondary","yes","no","cellular","aug",149,78,"yes"
48,"married","tertiary","no","no","cellular","aug",232,-1,"yes"
51,"married","primary","yes","no","cellular","nov",714,186,"no"
51,"married","primary","yes","no","cellular","jul",2015,-1,"yes"
60,"divorced","primary","no","yes","cellular","jul",165,-1,"no"
32,"single","tertiary","no","no","cellular","aug",148,-1,"no"
26,"single","secondary","yes","no","unknown","jun",237,-1,"no"
32,"married","tertiary","no","no","cellular","jan",458,-1,"no"
58,"married","secondary","yes","no","cellular","jul",144,-1,"no"
67,"married","unknown","no","no","cellular","sep",372,-1,"no"
42,"married","tertiary","no","yes","cellular","aug",91,-1,"no"
48,"married","primary","yes","no","unknown","may",100,-1,"no"
33,"married","tertiary","yes","no","telephone","oct",51,-1,"no"
44,"single","tertiary","no","no","cellular","mar",207,199,"yes"
27,"married","secondary","no","no","cellular","jul",77,-1,"no"
43,"divorced","secondary","yes","no","cellular","may",149,-1,"no"
35,"married","tertiary","yes","no","unknown","jun",104,-1,"no"
44,"married","secondary","no","yes","cellular","feb",351,-1,"no"
58,"married","secondary","no","no","cellular","aug",503,-1,"no"
39,"married","tertiary","no","no","cellular","dec",929,189,"yes"
35,"married","secondary","yes","no","cellular","apr",203,-1,"no"
53,"married","tertiary","no","no","cellular","aug",129,-1,"no"
50,"married","secondary","no","no","cellular","aug",103,-1,"no"
47,"married","primary","no","no","cellular","aug",19,-1,"no"
52,"single","tertiary","yes","no","cellular","may",402,-1,"no"
34,"married","secondary","yes","no","cellular","may",1806,287,"yes"
36,"single","primary","yes","no","unknown","may",134,-1,"no"
37,"married","tertiary","no","no","cellular","apr",114,-1,"no"
48,"married","primary","no","no","unknown","jun",29,-1,"no"
40,"single","secondary","no","no","cellular","feb",671,-1,"no"
51,"married","secondary","yes","no","unknown","jun",450,-1,"no"
43,"divorced","secondary","yes","no","telephone","may",16,-1,"no"
30,"married","secondary","no","no","cellular","may",93,-1,"no"
42,"divorced","secondary","no","no","cellular","apr",127,-1,"yes"
38,"single","secondary","yes","no","cellular","aug",1687,-1,"no"
53,"married","unknown","yes","no","unknown","may",209,-1,"no"
36,"single","tertiary","yes","no","unknown","jun",1068,-1,"yes"
63,"married","secondary","no","no","cellular","oct",389,195,"yes"
31,"married","secondary","no","no","cellular","jul",185,-1,"no"
48,"married","secondary","yes","no","unknown","may",70,-1,"no"
27,"single","tertiary","yes","no","unknown","jan",127,-1,"no"
35,"married","secondary","yes","yes","cellular","may",1313,312,"yes"
39,"single","tertiary","yes","no","cellular","aug",248,131,"no"
59,"married","tertiary","no","yes","cellular","jul",55,-1,"no"
30,"married","secondary","yes","no","cellular","apr",62,332,"no"
34,"married","tertiary","no","no","cellular","aug",130,-1,"yes"
32,"married","secondary","no","yes","cellular","aug",82,-1,"no"
28,"single","secondary","yes","yes","unknown","jul",260,-1,"no"
65,"married","unknown","no","no","telephone","aug",256,-1,"yes"
41,"single","primary","no","no","cellular","may",239,368,"no"
35,"single","tertiary","yes","no","cellular","may",100,169,"no"
46,"married","secondary","yes","yes","cellular","oct",251,430,"no"
33,"single","tertiary","yes","no","cellular","aug",215,-1,"no"
58,"married","primary","yes","no","unknown","may",91,-1,"no"
39,"married","secondary","yes","no","cellular","jul",214,-1,"no"
29,"single","tertiary","no","no","cellular","feb",132,103,"yes"
33,"single","tertiary","yes","no","cellular","jul",66,-1,"no"
28,"single","secondary","no","no","cellular","feb",16,-1,"no"
30,"married","secondary","yes","no","cellular","may",197,-1,"no"
32,"single","tertiary","no","no","cellular","aug",49,-1,"no"
34,"single","secondary","yes","no","unknown","may",407,-1,"no"
72,"married","secondary","no","no","cellular","sep",135,-1,"no"
55,"married","secondary","no","no","cellular","nov",149,170,"no"
36,"married","tertiary","yes","yes","cellular","nov",358,-1,"no"
61,"married","secondary","no","no","cellular","jun",224,-1,"no"
31,"single","secondary","yes","no","cellular","apr",178,-1,"no"
31,"single","tertiary","no","yes","cellular","jul",85,-1,"no"
42,"married","secondary","yes","yes","unknown","may",269,-1,"no"
54,"married","tertiary","no","no","unknown","jun",120,-1,"no"
49,"married","primary","yes","no","unknown","may",155,-1,"no"
44,"single","tertiary","yes","no","unknown","jun",65,-1,"no"
40,"single","secondary","no","no","telephone","jul",78,-1,"no"
52,"single","tertiary","no","no","cellular","may",466,354,"no"
40,"married","tertiary","no","no","cellular","aug",261,-1,"no"
45,"divorced","tertiary","yes","no","cellular","jul",144,-1,"no"
30,"single","secondary","no","no","cellular","feb",337,95,"yes"
26,"married","secondary","no","no","cellular","jan",216,-1,"no"
31,"married","tertiary","yes","no","cellular","nov",316,99,"yes"
41,"married","secondary","yes","no","unknown","may",91,-1,"no"
27,"single","secondary","yes","no","unknown","may",116,-1,"no"
54,"married","secondary","yes","no","cellular","may",104,-1,"no"
36,"married","secondary","yes","no","unknown","may",110,-1,"no"
32,"single","tertiary","no","no","cellular","nov",299,-1,"no"
45,"married","secondary","yes","no","unknown","jun",172,-1,"no"
52,"married","secondary","no","yes","cellular","nov",93,115,"no"
54,"married","primary","no","no","unknown","may",255,-1,"no"
23,"single","secondary","yes","no","unknown","may",44,-1,"no"
39,"single","tertiary","yes","no","cellular","jul",310,-1,"no"
60,"divorced","tertiary","no","yes","telephone","jul",207,-1,"no"
43,"married","tertiary","yes","no","unknown","jun",662,-1,"yes"
34,"married","unknown","yes","no","cellular","apr",233,-1,"no"
54,"married","primary","no","no","cellular","may",225,-1,"no"
58,"married","secondary","no","no","unknown","jun",188,-1,"no"
48,"married","tertiary","yes","no","cellular","feb",168,203,"no"
32,"married","secondary","no","no","cellular","apr",234,-1,"no"
25,"single","secondary","no","no","telephone","aug",170,-1,"yes"
30,"married","secondary","yes","yes","unknown","jun",62,-1,"no"
32,"married","tertiary","yes","no","cellular","jun",883,674,"no"
26,"single","unknown","no","no","cellular","may",399,-1,"no"
53,"married","secondary","no","yes","telephone","nov",88,113,"no"
51,"married","secondary","yes","no","cellular","aug",1226,-1,"yes"
43,"married","secondary","yes","yes","unknown","may",128,-1,"no"
40,"married","tertiary","yes","no","cellular","nov",639,27,"yes"
60,"married","secondary","no","no","cellular","aug",83,-1,"no"
58,"married","unknown","no","no","cellular","aug",50,-1,"no"
47,"married","secondary","no","no","unknown","jun",385,-1,"no"
41,"single","secondary","no","no","cellular","aug",149,-1,"no"
39,"married","secondary","yes","yes","cellular","may",183,-1,"no"
48,"divorced","tertiary","no","no","cellular","aug",290,-1,"no"
52,"married","secondary","no","no","cellular","jul",168,-1,"no"
50,"married","primary","no","no","unknown","may",114,-1,"no"
41,"divorced","tertiary","no","yes","cellular","nov",158,-1,"no"
33,"single","secondary","yes","no","cellular","apr",372,-1,"no"
47,"divorced","secondary","yes","yes","cellular","may",178,-1,"no"
41,"single","secondary","yes","no","unknown","sep",22,107,"no"
28,"single","secondary","yes","no","cellular","may",190,-1,"no"
28,"single","secondary","yes","no","unknown","jun",712,-1,"yes"
31,"married","secondary","yes","no","unknown","may",134,-1,"no"
34,"married","tertiary","yes","no","cellular","jul",380,-1,"no"
39,"married","primary","yes","no","cellular","jul",377,-1,"no"
50,"married","primary","yes","no","unknown","may",152,-1,"no"
42,"married","secondary","yes","no","cellular","jul",528,-1,"no"
35,"married","tertiary","yes","yes","cellular","nov",83,-1,"no"
30,"single","tertiary","yes","no","unknown","may",469,-1,"no"
29,"single","secondary","no","no","cellular","jul",175,95,"no"
37,"divorced","secondary","yes","no","cellular","jan",638,266,"no"
34,"married","tertiary","no","no","cellular","aug",52,-1,"no"
30,"married","primary","yes","no","cellular","jul",259,-1,"no"
33,"married","secondary","yes","no","cellular","jul",81,-1,"no"
59,"married","primary","yes","yes","unknown","may",717,-1,"no"
30,"single","primary","no","no","cellular","nov",119,-1,"no"
34,"married","secondary","no","no","cellular","feb",696,-1,"no"
39,"married","tertiary","no","yes","unknown","may",189,-1,"no"
36,"married","secondary","no","no","unknown","may",271,-1,"no"
50,"married","primary","no","no","cellular","aug",149,-1,"no"
82,"divorced","primary","no","no","cellular","jan",86,93,"no"
57,"married","tertiary","no","no","cellular","aug",314,-1,"no"
44,"married","secondary","no","no","unknown","may",85,-1,"no"
32,"divorced","secondary","yes","no","cellular","apr",48,-1,"no"
39,"married","tertiary","yes","no","cellular","may",1145,170,"no"
42,"married","secondary","no","no","unknown","jun",948,-1,"no"
58,"divorced","secondary","yes","yes","unknown","may",180,-1,"no"
39,"divorced","secondary","yes","no","unknown","jun",90,-1,"no"
31,"single","secondary","yes","no","cellular","may",193,-1,"no"
49,"divorced","secondary","no","no","cellular","jul",435,-1,"no"
31,"single","tertiary","no","no","cellular","aug",156,-1,"no"
28,"single","unknown","no","no","cellular","jan",554,-1,"no"
50,"married","secondary","no","no","telephone","jun",143,-1,"no"
75,"married","tertiary","no","no","cellular","apr",240,-1,"yes"
49,"single","unknown","no","no","cellular","jan",91,-1,"no"
44,"married","secondary","yes","no","cellular","aug",112,-1,"no"
48,"married","primary","yes","no","telephone","may",22,-1,"no"
23,"married","secondary","yes","no","unknown","may",409,-1,"no"
37,"married","secondary","no","no","cellular","aug",68,-1,"no"
27,"married","tertiary","yes","no","cellular","apr",163,271,"no"
46,"married","tertiary","no","no","cellular","aug",172,-1,"no"
27,"single","secondary","yes","no","unknown","may",101,-1,"no"
56,"married","primary","no","yes","telephone","jul",1877,-1,"yes"
43,"single","unknown","yes","no","unknown","may",328,-1,"no"
47,"divorced","secondary","yes","yes","unknown","may",335,-1,"no"
36,"married","primary","yes","no","cellular","may",31,-1,"no"
39,"married","tertiary","no","no","cellular","jun",385,165,"no"
29,"single","tertiary","no","no","cellular","feb",162,184,"no"
31,"married","secondary","yes","yes","cellular","nov",533,-1,"no"
39,"married","tertiary","no","no","cellular","aug",422,-1,"no"
46,"married","secondary","no","no","cellular","jul",156,-1,"no"
48,"married","primary","yes","yes","cellular","may",307,177,"yes"
31,"single","secondary","yes","no","cellular","may",309,-1,"yes"
32,"married","tertiary","yes","no","unknown","jun",1060,-1,"yes"
44,"married","tertiary","no","no","cellular","aug",125,-1,"no"
46,"married","secondary","no","no","telephone","jan",100,-1,"no"
50,"married","secondary","yes","no","cellular","may",7,342,"no"
38,"divorced","secondary","yes","no","cellular","may",722,-1,"no"
34,"single","secondary","yes","no","cellular","apr",92,321,"no"
33,"married","primary","no","no","cellular","may",47,-1,"no"
57,"married","secondary","yes","yes","telephone","may",12,-1,"no"
31,"married","tertiary","yes","no","cellular","feb",155,-1,"no"
40,"married","primary","yes","no","cellular","may",23,332,"no"
52,"divorced","secondary","yes","no","unknown","may",63,-1,"no"
38,"married","secondary","yes","no","cellular","apr",217,-1,"no"
29,"married","secondary","yes","no","cellular","jul",74,-1,"no"
31,"single","secondary","yes","no","cellular","apr",416,-1,"no"
37,"divorced","secondary","no","yes","cellular","nov",380,167,"no"
28,"single","secondary","no","no","cellular","jan",220,-1,"no"
41,"married","secondary","no","yes","cellular","may",86,-1,"no"
54,"married","primary","no","no","cellular","nov",102,-1,"no"
38,"married","secondary","yes","no","unknown","may",359,-1,"no"
41,"divorced","tertiary","yes","no","cellular","feb",69,252,"no"
26,"single","tertiary","no","no","telephone","jan",145,164,"no"
42,"married","secondary","yes","no","cellular","jul",272,-1,"no"
24,"single","secondary","yes","no","unknown","may",105,-1,"no"
59,"married","primary","no","no","cellular","dec",467,186,"yes"
35,"married","primary","yes","no","unknown","may",247,-1,"no"
27,"married","secondary","yes","yes","unknown","may",239,-1,"no"
41,"married","tertiary","no","no","cellular","aug",193,-1,"yes"
46,"married","secondary","yes","no","unknown","jul",6,-1,"no"
29,"single","secondary","no","no","unknown","may",190,-1,"no"
43,"single","secondary","no","no","cellular","may",68,363,"no"
46,"married","primary","no","no","cellular","jul",92,-1,"no"
55,"single","tertiary","yes","no","unknown","may",118,-1,"no"
42,"married","secondary","no","no","cellular","jul",113,93,"no"
30,"single","tertiary","no","no","cellular","oct",155,184,"no"
33,"single","tertiary","no","no","cellular","oct",246,-1,"no"
30,"single","secondary","no","no","cellular","dec",329,-1,"yes"
34,"married","primary","yes","no","unknown","jun",80,-1,"no"
48,"married","secondary","yes","no","cellular","sep",378,386,"yes"
36,"married","tertiary","yes","no","cellular","nov",7,-1,"no"
33,"single","tertiary","no","no","cellular","mar",238,-1,"yes"
36,"married","secondary","yes","no","unknown","may",1001,-1,"yes"
31,"married","primary","yes","yes","unknown","may",488,-1,"no"
40,"married","secondary","yes","no","cellular","nov",353,172,"no"
44,"divorced","secondary","no","no","cellular","apr",411,-1,"no"
36,"single","unknown","no","no","unknown","jun",359,-1,"no"
43,"single","primary","yes","no","unknown","may",322,-1,"no"
32,"single","primary","yes","no","cellular","feb",72,273,"no"
39,"married","tertiary","no","no","cellular","jun",140,-1,"yes"
33,"single","secondary","no","no","cellular","apr",301,-1,"yes"
55,"divorced","secondary","no","yes","cellular","jul",1417,-1,"yes"
37,"married","tertiary","yes","no","unknown","may",226,-1,"no"
49,"married","secondary","no","no","unknown","jun",156,-1,"no"
25,"single","primary","yes","no","cellular","apr",59,322,"no"
31,"single","secondary","no","no","telephone","jan",49,-1,"no"
59,"married","secondary","no","no","cellular","jan",285,-1,"no"
33,"single","tertiary","no","no","cellular","aug",122,-1,"no"
40,"divorced","secondary","yes","no","unknown","may",163,-1,"no"
30,"married","secondary","yes","no","unknown","may",160,-1,"no"
48,"married","secondary","no","no","cellular","jul",66,-1,"no"
47,"married","secondary","no","yes","cellular","dec",193,220,"no"
44,"single","secondary","no","no","cellular","jan",255,-1,"no"
28,"single","secondary","yes","yes","telephone","feb",39,-1,"no"
49,"married","secondary","yes","no","cellular","may",156,178,"no"
38,"single","secondary","yes","no","cellular","feb",159,187,"no"
30,"single","secondary","yes","no","unknown","may",1204,-1,"no"
43,"married","tertiary","no","no","unknown","jun",285,-1,"no"
43,"married","tertiary","no","no","cellular","aug",142,-1,"no"
31,"single","tertiary","yes","yes","cellular","nov",846,100,"no"
39,"divorced","secondary","no","no","cellular","oct",242,48,"yes"
33,"single","secondary","yes","no","unknown","may",160,-1,"no"
40,"married","secondary","no","no","telephone","jul",22,-1,"no"
36,"married","secondary","yes","yes","unknown","jun",56,-1,"no"
41,"married","tertiary","yes","no","cellular","jul",81,-1,"no"
29,"single","tertiary","no","yes","cellular","jan",624,-1,"no"
53,"married","tertiary","no","no","cellular","jun",91,185,"no"
30,"married","primary","yes","no","cellular","nov",432,184,"no"
82,"married","secondary","no","no","telephone","feb",330,-1,"yes"
35,"married","tertiary","yes","no","cellular","feb",357,-1,"no"
50,"divorced","tertiary","yes","yes","cellular","jul",172,-1,"no"
45,"single","tertiary","no","no","cellular","aug",29,-1,"no"
33,"married","primary","yes","no","unknown","may",147,-1,"no"
32,"single","tertiary","yes","no","cellular","aug",82,-1,"no"
41,"single","secondary","yes","no","unknown","jun",332,-1,"no"
44,"married","tertiary","yes","no","unknown","jul",300,-1,"no"
51,"married","secondary","yes","no","cellular","jan",436,270,"no"
27,"single","secondary","no","no","cellular","may",159,87,"yes"
38,"married","primary","no","no","cellular","apr",574,-1,"yes"
46,"married","secondary","yes","no","cellular","aug",370,-1,"no"
39,"single","secondary","yes","no","unknown","jun",157,-1,"no"
31,"single","tertiary","no","no","cellular","aug",121,-1,"no"
40,"married","primary","yes","yes","unknown","jun",240,-1,"no"
37,"married","secondary","yes","yes","cellular","jul",56,-1,"no"
40,"married","primary","yes","no","cellular","feb",161,-1,"no"
42,"married","unknown","yes","no","cellular","apr",291,332,"no"
42,"married","tertiary","no","yes","cellular","nov",340,-1,"no"
32,"single","primary","yes","no","unknown","may",112,-1,"no"
51,"married","secondary","no","no","unknown","jun",587,-1,"yes"
44,"married","primary","no","yes","cellular","jul",1211,-1,"yes"
43,"married","secondary","yes","yes","cellular","may",114,301,"no"
23,"married","secondary","yes","yes","telephone","may",19,358,"no"
27,"single","secondary","yes","no","unknown","may",205,-1,"no"
29,"married","secondary","yes","no","cellular","may",44,355,"no"
48,"divorced","tertiary","yes","no","cellular","may",208,96,"yes"
58,"divorced","primary","no","no","unknown","jun",59,-1,"no"
64,"married","secondary","no","no","cellular","mar",84,88,"no"
44,"married","tertiary","no","no","cellular","apr",96,-1,"no"
36,"married","tertiary","yes","no","cellular","apr",555,-1,"yes"
33,"married","tertiary","no","no","cellular","nov",118,-1,"no"
28,"married","unknown","yes","no","unknown","may",180,-1,"no"
47,"married","tertiary","yes","no","unknown","may",282,-1,"no"
49,"married","secondary","yes","yes","unknown","may",178,-1,"no"
41,"married","secondary","yes","no","cellular","apr",75,-1,"no"
50,"married","tertiary","no","no","cellular","nov",625,-1,"no"
33,"married","tertiary","no","no","cellular","aug",102,-1,"no"
40,"married","primary","yes","no","unknown","may",288,-1,"no"
42,"married","secondary","no","no","telephone","oct",172,-1,"no"
32,"single","unknown","no","no","cellular","aug",192,91,"no"
31,"single","tertiary","no","no","cellular","aug",361,-1,"no"
30,"single","secondary","yes","no","cellular","may",85,-1,"no"
35,"married","tertiary","yes","no","cellular","nov",295,124,"no"
42,"married","tertiary","no","no","unknown","jun",203,-1,"no"
40,"married","secondary","yes","no","cellular","may",181,-1,"no"
30,"married","tertiary","yes","yes","cellular","nov",75,-1,"no"
58,"divorced","secondary","yes","yes","cellular","jul",98,-1,"no"
28,"married","primary","yes","no","cellular","may",161,337,"no"
37,"single","secondary","yes","yes","cellular","nov",341,-1,"no"
33,"married","secondary","no","no","cellular","aug",88,259,"no"
33,"married","secondary","yes","no","cellular","apr",342,332,"no"
56,"married","secondary","no","no","unknown","jun",9,-1,"no"
39,"married","secondary","no","no","cellular","sep",55,46,"no"
57,"divorced","primary","no","no","cellular","nov",142,-1,"no"
42,"married","primary","yes","no","unknown","may",53,-1,"no"
54,"married","secondary","yes","no","unknown","may",44,-1,"no"
41,"single","secondary","yes","yes","unknown","may",192,-1,"no"
38,"married","primary","no","no","cellular","aug",101,-1,"no"
60,"divorced","primary","yes","yes","unknown","may",80,-1,"no"
37,"married","secondary","yes","no","cellular","may",169,-1,"no"
28,"married","secondary","yes","no","unknown","may",571,-1,"no"
46,"married","tertiary","no","no","cellular","aug",79,-1,"no"
32,"single","unknown","yes","no","cellular","jan",452,253,"no"
35,"married","primary","yes","no","unknown","jun",60,-1,"no"
61,"married","secondary","no","no","cellular","aug",81,-1,"no"
31,"single","tertiary","no","no","cellular","aug",144,-1,"no"
59,"married","primary","no","no","cellular","jul",114,-1,"no"
44,"married","tertiary","no","no","cellular","aug",1015,-1,"no"
59,"married","secondary","no","no","cellular","jan",127,-1,"no"
35,"single","tertiary","yes","yes","cellular","nov",52,-1,"no"
27,"married","secondary","yes","no","cellular","apr",1665,-1,"yes"
36,"married","tertiary","no","no","unknown","jun",112,-1,"no"
59,"married","primary","no","yes","unknown","jun",158,-1,"no"
43,"married","primary","yes","no","cellular","apr",138,263,"no"
38,"single","tertiary","no","no","unknown","jun",1051,-1,"yes"
34,"single","secondary","yes","yes","cellular","nov",88,-1,"no"
43,"married","secondary","no","no","cellular","may",13,89,"no"
28,"single","primary","yes","no","cellular","may",68,363,"no"
28,"married","tertiary","no","no","cellular","oct",333,616,"no"
33,"married","secondary","yes","no","cellular","jul",270,-1,"no"
29,"single","tertiary","no","no","cellular","may",393,-1,"yes"
33,"married","primary","yes","no","cellular","apr",178,-1,"no"
55,"married","tertiary","yes","no","cellular","nov",66,-1,"no"
56,"married","secondary","yes","no","unknown","may",333,-1,"no"
75,"married","primary","no","no","cellular","feb",364,-1,"yes"
54,"divorced","primary","no","no","cellular","jul",98,-1,"no"
48,"married","tertiary","no","no","cellular","aug",203,-1,"no"
26,"married","secondary","no","no","cellular","jul",94,-1,"no"
36,"married","tertiary","no","no","cellular","sep",281,97,"yes"
46,"single","tertiary","no","no","cellular","may",114,60,"no"
33,"single","secondary","no","no","unknown","may",149,-1,"no"
36,"married","tertiary","no","yes","cellular","jul",261,-1,"no"
33,"married","secondary","yes","no","cellular","may",112,-1,"no"
38,"single","secondary","yes","no","unknown","jun",215,-1,"no"
42,"divorced","tertiary","yes","no","cellular","jul",509,-1,"no"
42,"married","primary","no","no","telephone","may",24,-1,"no"
72,"married","secondary","no","yes","cellular","mar",229,339,"yes"
39,"married","secondary","no","no","cellular","nov",749,-1,"yes"
35,"single","tertiary","no","yes","cellular","jul",247,-1,"no"
29,"married","secondary","no","yes","cellular","jul",249,-1,"no"
37,"married","secondary","yes","yes","cellular","may",151,171,"no"
31,"married","tertiary","no","no","cellular","aug",198,-1,"no"
48,"married","primary","yes","no","unknown","jun",53,-1,"no"
37,"married","primary","yes","no","unknown","may",460,-1,"no"
40,"married","secondary","no","no","unknown","may",56,-1,"no"
35,"divorced","secondary","yes","no","unknown","may",574,-1,"no"
41,"married","secondary","yes","no","cellular","jul",239,-1,"no"
48,"married","secondary","yes","no","cellular","may",78,-1,"no"
35,"single","tertiary","yes","no","cellular","nov",133,90,"no"
63,"married","tertiary","no","no","telephone","nov",57,-1,"no"
32,"divorced","secondary","yes","no","cellular","nov",50,-1,"no"
37,"married","tertiary","no","no","cellular","aug",846,-1,"yes"
39,"married","secondary","no","no","cellular","apr",70,-1,"no"
42,"married","primary","no","yes","cellular","jul",113,-1,"no"
36,"single","secondary","yes","no","unknown","may",98,-1,"no"
44,"single","tertiary","yes","no","cellular","jul",435,-1,"no"
60,"divorced","secondary","no","no","cellular","oct",416,-1,"yes"
32,"married","tertiary","no","no","telephone","aug",133,-1,"no"
37,"divorced","secondary","yes","yes","cellular","feb",131,-1,"no"
30,"married","secondary","no","no","cellular","apr",840,-1,"yes"
34,"divorced","tertiary","no","no","cellular","mar",189,480,"no"
58,"married","tertiary","no","no","cellular","aug",201,-1,"no"
55,"married","secondary","no","no","cellular","aug",281,-1,"no"
39,"single","tertiary","yes","no","unknown","jun",216,-1,"no"
49,"married","tertiary","yes","yes","unknown","may",46,-1,"no"
32,"divorced","primary","yes","no","cellular","jul",129,-1,"no"
56,"married","secondary","yes","no","unknown","may",129,-1,"no"
55,"divorced","secondary","no","no","cellular","aug",430,-1,"no"
41,"married","secondary","no","yes","cellular","jul",354,-1,"no"
35,"single","secondary","yes","no","unknown","may",290,-1,"no"
50,"married","secondary","yes","no","cellular","may",301,-1,"no"
33,"single","tertiary","yes","no","cellular","oct",104,111,"no"
47,"married","primary","no","yes","cellular","jul",564,-1,"no"
52,"married","primary","no","no","cellular","aug",96,-1,"no"
58,"married","tertiary","yes","no","unknown","may",65,-1,"no"
29,"single","tertiary","no","no","cellular","apr",548,-1,"yes"
28,"single","secondary","yes","no","unknown","may",407,-1,"no"
53,"married","secondary","yes","yes","cellular","may",410,-1,"no"
46,"married","unknown","no","no","unknown","jun",67,-1,"no"
37,"married","primary","yes","no","cellular","may",24,362,"no"
55,"married","unknown","yes","no","telephone","jul",90,-1,"no"
48,"single","secondary","yes","no","cellular","apr",188,-1,"no"
37,"married","tertiary","no","no","cellular","aug",133,-1,"no"
51,"married","unknown","yes","no","unknown","may",52,-1,"no"
50,"married","primary","yes","no","cellular","may",116,363,"no"
35,"married","secondary","yes","no","cellular","apr",14,-1,"no"
31,"married","secondary","no","no","cellular","aug",141,-1,"no"
36,"married","secondary","yes","no","cellular","apr",9,322,"no"
74,"married","tertiary","no","no","cellular","jan",172,161,"no"
37,"married","secondary","yes","no","unknown","may",129,-1,"no"
33,"single","tertiary","no","no","cellular","aug",978,-1,"yes"
34,"married","tertiary","yes","no","cellular","feb",136,-1,"yes"
27,"married","secondary","yes","no","cellular","may",113,337,"no"
30,"married","primary","yes","yes","cellular","may",323,-1,"no"
29,"single","secondary","yes","no","unknown","may",75,-1,"no"
39,"married","secondary","yes","yes","cellular","may",181,-1,"no"
39,"married","secondary","yes","no","cellular","may",126,-1,"no"
29,"married","secondary","no","no","cellular","may",322,-1,"no"
33,"single","secondary","no","no","cellular","jun",110,-1,"no"
42,"married","primary","yes","no","cellular","apr",384,-1,"yes"
33,"married","tertiary","yes","no","cellular","mar",305,326,"yes"
32,"married","secondary","yes","yes","cellular","may",219,-1,"no"
53,"divorced","secondary","yes","yes","cellular","aug",1452,98,"yes"
34,"married","secondary","no","no","cellular","nov",319,100,"no"
40,"married","tertiary","no","yes","telephone","jul",697,-1,"no"
46,"married","primary","no","no","cellular","nov",162,-1,"no"
48,"married","secondary","yes","yes","cellular","feb",212,-1,"no"
60,"married","secondary","no","yes","unknown","jun",151,-1,"no"
44,"married","secondary","no","yes","unknown","jun",197,-1,"no"
52,"married","secondary","no","no","cellular","oct",99,185,"no"
40,"married","secondary","no","no","unknown","jul",9,-1,"no"
31,"married","secondary","no","no","cellular","nov",7,-1,"no"
44,"divorced","secondary","no","no","unknown","jun",108,-1,"no"
40,"married","tertiary","yes","yes","cellular","jul",249,-1,"no"
57,"married","tertiary","no","no","cellular","aug",83,-1,"no"
56,"married","unknown","no","no","cellular","jun",58,-1,"no"
33,"married","secondary","no","no","cellular","apr",166,-1,"no"
30,"married","secondary","yes","no","unknown","may",236,-1,"no"
31,"married","secondary","no","yes","cellular","nov",111,129,"no"
38,"single","secondary","no","no","cellular","aug",391,-1,"no"
35,"married","secondary","yes","no","cellular","may",484,364,"no"
28,"married","tertiary","no","no","cellular","feb",239,-1,"no"
40,"married","secondary","no","no","unknown","may",37,-1,"no"
57,"divorced","primary","no","no","cellular","may",227,-1,"no"
46,"married","primary","yes","yes","cellular","may",118,357,"no"
36,"married","primary","no","no","unknown","jun",174,-1,"no"
53,"divorced","unknown","yes","no","cellular","may",298,-1,"no"
36,"married","primary","no","yes","unknown","jun",78,-1,"no"
57,"married","secondary","no","no","telephone","nov",46,-1,"no"
47,"single","tertiary","no","no","cellular","jan",240,-1,"no"
46,"married","secondary","yes","no","unknown","may",93,-1,"no"
37,"married","primary","no","no","unknown","jun",439,-1,"no"
46,"married","primary","no","no","cellular","aug",265,-1,"no"
25,"single","secondary","no","yes","cellular","jul",316,-1,"no"
34,"married","primary","yes","no","telephone","may",26,-1,"no"
34,"married","secondary","yes","yes","unknown","may",494,-1,"no"
42,"divorced","secondary","no","no","cellular","jan",48,-1,"no"
37,"single","secondary","no","no","cellular","jan",163,-1,"no"
44,"divorced","primary","yes","no","cellular","may",176,-1,"no"
45,"married","tertiary","yes","no","telephone","may",309,-1,"no"
35,"single","secondary","no","yes","cellular","jul",936,-1,"no"
56,"married","tertiary","no","no","cellular","may",185,83,"no"
59,"married","secondary","yes","no","unknown","may",98,-1,"no"
74,"married","tertiary","no","no","telephone","oct",200,-1,"no"
47,"single","tertiary","yes","no","cellular","jun",614,94,"yes"
36,"single","tertiary","no","no","unknown","oct",5,772,"no"
47,"married","tertiary","no","no","cellular","jul",96,340,"no"
37,"divorced","secondary","yes","no","cellular","aug",105,-1,"no"
56,"single","secondary","no","yes","cellular","jul",819,-1,"yes"
45,"married","tertiary","no","no","cellular","nov",212,-1,"no"
28,"single","secondary","yes","no","unknown","may",168,-1,"no"
68,"married","unknown","no","no","telephone","jun",149,-1,"no"
48,"married","secondary","yes","no","cellular","jul",338,-1,"no"
37,"married","secondary","no","no","unknown","jun",44,-1,"no"
32,"single","tertiary","yes","no","cellular","may",449,338,"no"
51,"married","secondary","yes","no","cellular","apr",164,-1,"no"
34,"married","unknown","yes","no","cellular","jul",504,-1,"no"
36,"single","tertiary","no","no","cellular","jul",156,179,"no"
33,"divorced","primary","no","yes","cellular","feb",308,213,"no"
37,"married","primary","no","no","unknown","may",112,-1,"no"
46,"married","secondary","yes","no","cellular","nov",281,-1,"no"
35,"single","primary","yes","no","unknown","may",148,-1,"no"
51,"divorced","tertiary","no","no","cellular","aug",60,-1,"no"
27,"single","secondary","yes","no","unknown","may",174,-1,"no"
36,"married","primary","no","no","cellular","feb",167,-1,"no"
51,"married","tertiary","yes","no","cellular","may",109,-1,"no"
50,"divorced","secondary","no","no","cellular","aug",282,-1,"no"
58,"divorced","primary","no","no","telephone","jul",53,-1,"no"
38,"married","secondary","yes","yes","cellular","may",236,287,"no"
28,"single","tertiary","yes","no","telephone","may",421,-1,"no"
52,"married","secondary","yes","no","unknown","jun",58,-1,"no"
42,"single","primary","no","no","cellular","jun",92,-1,"no"
31,"single","tertiary","no","no","cellular","nov",377,-1,"no"
39,"married","primary","no","yes","unknown","jun",320,-1,"no"
50,"divorced","primary","no","no","cellular","aug",75,-1,"no"
39,"divorced","secondary","yes","no","unknown","may",430,-1,"no"
57,"divorced","secondary","no","no","unknown","may",173,-1,"no"
61,"married","primary","yes","yes","unknown","jun",323,-1,"no"
34,"single","secondary","no","yes","cellular","jul",695,-1,"yes"
45,"single","primary","no","yes","cellular","jul",395,-1,"no"
33,"married","tertiary","no","no","cellular","aug",257,102,"no"
34,"divorced","secondary","yes","no","cellular","aug",245,183,"yes"
31,"single","secondary","no","no","cellular","aug",129,-1,"no"
52,"married","secondary","no","yes","cellular","jan",165,-1,"no"
42,"married","secondary","yes","no","cellular","apr",400,-1,"no"
52,"married","primary","no","no","cellular","aug",172,-1,"no"
38,"married","primary","no","no","unknown","jun",219,-1,"no"
48,"married","primary","yes","no","telephone","may",34,-1,"no"
48,"married","tertiary","no","no","cellular","aug",157,-1,"no"
39,"married","secondary","yes","no","cellular","nov",125,-1,"no"
38,"divorced","tertiary","yes","no","cellular","may",157,179,"no"
43,"divorced","secondary","no","yes","cellular","jul",145,-1,"no"
35,"divorced","tertiary","yes","no","cellular","nov",109,193,"no"
56,"married","secondary","yes","no","unknown","jun",220,-1,"no"
41,"married","secondary","yes","no","cellular","aug",69,-1,"no"
44,"married","primary","yes","no","unknown","jun",22,-1,"no"
59,"married","secondary","yes","no","cellular","nov",84,-1,"no"
57,"divorced","unknown","yes","no","cellular","apr",225,319,"no"
31,"married","secondary","yes","no","cellular","jul",89,-1,"no"
40,"single","tertiary","yes","no","cellular","nov",353,-1,"no"
44,"divorced","secondary","no","no","cellular","aug",56,-1,"no"
51,"single","tertiary","no","no","cellular","jan",643,-1,"no"
59,"married","secondary","yes","no","unknown","may",131,-1,"no"
52,"married","tertiary","no","no","cellular","jul",107,-1,"no"
40,"single","secondary","yes","no","cellular","may",242,169,"no"
26,"single","secondary","yes","no","cellular","jul",142,-1,"no"
26,"single","secondary","no","yes","cellular","jul",141,-1,"no"
49,"married","secondary","yes","no","telephone","jul",162,-1,"no"
38,"married","secondary","no","no","unknown","jun",162,-1,"no"
45,"married","primary","yes","no","cellular","may",63,-1,"no"
43,"married","primary","yes","no","cellular","may",293,370,"no"
33,"single","tertiary","no","no","telephone","aug",66,-1,"no"
36,"single","secondary","no","yes","unknown","jun",559,-1,"no"
21,"single","secondary","no","no","telephone","jun",329,95,"no"
59,"married","primary","yes","yes","cellular","nov",319,182,"no"
38,"married","primary","yes","no","unknown","jun",263,-1,"no"
56,"married","secondary","no","no","cellular","jul",239,-1,"no"
50,"divorced","tertiary","no","no","cellular","jun",510,-1,"yes"
28,"single","tertiary","yes","no","cellular","feb",65,-1,"yes"
46,"married","primary","yes","no","cellular","nov",157,-1,"no"
45,"married","tertiary","no","no","cellular","aug",239,-1,"no"
34,"single","secondary","no","yes","cellular","aug",61,-1,"no"
41,"married","secondary","no","no","cellular","jul",169,-1,"no"
45,"married","secondary","yes","yes","unknown","oct",187,-1,"yes"
80,"married","primary","no","no","telephone","may",128,-1,"no"
50,"married","tertiary","no","no","cellular","oct",170,183,"yes"
34,"single","tertiary","yes","no","unknown","may",133,-1,"no"
62,"married","secondary","no","no","cellular","may",243,186,"yes"
40,"single","primary","yes","yes","cellular","jul",106,-1,"no"
31,"married","primary","yes","no","cellular","may",239,-1,"no"
35,"married","secondary","yes","no","unknown","may",145,-1,"no"
34,"divorced","secondary","yes","no","cellular","may",67,-1,"no"
35,"divorced","secondary","yes","no","cellular","nov",47,-1,"no"
58,"married","primary","yes","no","cellular","aug",98,-1,"no"
39,"married","tertiary","no","no","cellular","aug",97,-1,"no"
28,"married","secondary","no","no","cellular","jul",130,-1,"no"
39,"single","secondary","yes","no","cellular","may",93,349,"no"
37,"single","tertiary","no","no","cellular","oct",120,-1,"no"
47,"married","secondary","no","yes","cellular","nov",136,-1,"no"
46,"married","secondary","yes","no","cellular","jul",122,-1,"no"
29,"single","tertiary","no","no","unknown","may",103,-1,"no"
42,"married","unknown","yes","no","unknown","may",105,-1,"no"
33,"married","tertiary","yes","no","unknown","may",232,-1,"no"
48,"married","secondary","no","no","cellular","aug",62,-1,"no"
55,"married","primary","no","no","unknown","jun",207,-1,"no"
41,"married","secondary","yes","yes","unknown","jun",83,-1,"no"
34,"married","secondary","yes","no","cellular","apr",95,-1,"no"
36,"single","secondary","yes","no","cellular","may",303,-1,"yes"
55,"married","tertiary","no","no","cellular","jan",441,-1,"yes"
38,"married","primary","yes","no","cellular","nov",960,-1,"no"
35,"single","secondary","yes","no","cellular","feb",155,254,"no"
48,"divorced","tertiary","yes","no","cellular","may",72,363,"no"
51,"married","tertiary","no","no","cellular","feb",122,92,"yes"
52,"married","primary","yes","no","cellular","feb",306,253,"no"
30,"single","tertiary","no","no","unknown","jul",71,-1,"no"
30,"single","secondary","yes","no","cellular","jan",113,-1,"no"
60,"married","primary","yes","no","unknown","may",631,-1,"no"
36,"married","secondary","yes","no","cellular","may",544,-1,"no"
27,"single","secondary","yes","yes","unknown","may",81,-1,"no"
36,"married","secondary","yes","no","unknown","may",309,-1,"no"
55,"married","primary","no","no","cellular","aug",295,-1,"no"
33,"married","secondary","no","yes","cellular","jul",285,-1,"no"
37,"married","secondary","yes","no","cellular","may",222,300,"no"
33,"married","secondary","yes","yes","cellular","may",21,-1,"no"
35,"single","tertiary","no","no","cellular","aug",30,-1,"no"
37,"married","primary","yes","no","cellular","nov",14,185,"no"
38,"married","secondary","yes","yes","unknown","may",105,-1,"no"
54,"married","primary","yes","yes","cellular","may",114,-1,"no"
51,"married","secondary","no","no","cellular","nov",193,-1,"no"
35,"single","tertiary","no","no","cellular","jul",160,-1,"no"
58,"married","tertiary","yes","no","telephone","jul",990,-1,"yes"
49,"married","tertiary","no","no","cellular","jan",61,2,"no"
50,"married","primary","yes","no","unknown","jun",349,-1,"no"
51,"single","tertiary","yes","no","cellular","jan",158,-1,"no"
28,"single","secondary","yes","yes","cellular","aug",129,-1,"no"
51,"married","primary","no","no","cellular","aug",265,-1,"no"
34,"single","tertiary","no","no","cellular","may",63,336,"no"
53,"married","primary","yes","no","cellular","dec",352,-1,"yes"
30,"divorced","secondary","yes","no","cellular","jul",658,-1,"yes"
42,"married","secondary","no","no","unknown","jun",315,-1,"no"
33,"single","tertiary","yes","no","cellular","nov",190,-1,"no"
33,"single","secondary","no","no","cellular","jan",159,-1,"no"
50,"married","tertiary","no","no","cellular","nov",1184,160,"no"
38,"single","secondary","no","no","unknown","jun",43,-1,"no"
27,"single","secondary","no","no","cellular","apr",97,-1,"no"
28,"single","secondary","yes","no","unknown","may",377,-1,"no"
39,"divorced","secondary","yes","no","unknown","may",245,-1,"no"
29,"single","secondary","yes","yes","cellular","apr",379,-1,"yes"
28,"single","secondary","no","no","cellular","nov",137,96,"no"
45,"married","primary","no","no","cellular","aug",109,-1,"no"
37,"single","tertiary","yes","no","unknown","may",25,-1,"no"
26,"single","tertiary","yes","no","cellular","jan",221,-1,"no"
39,"married","secondary","no","no","cellular","aug",1141,-1,"yes"
40,"married","tertiary","yes","no","cellular","may",85,-1,"no"
39,"married","tertiary","no","no","telephone","apr",127,-1,"no"
25,"single","secondary","yes","no","unknown","jun",95,-1,"no"
40,"single","secondary","no","no","cellular","may",837,-1,"yes"
37,"married","tertiary","yes","no","cellular","may",218,211,"no"
41,"married","primary","yes","no","cellular","jul",18,-1,"no"
61,"divorced","primary","yes","no","unknown","may",82,-1,"no"
43,"married","secondary","yes","yes","cellular","may",7,-1,"no"
52,"married","tertiary","no","no","unknown","jun",166,-1,"no"
38,"married","secondary","yes","no","unknown","jun",250,-1,"no"
23,"single","secondary","yes","no","cellular","may",434,-1,"no"
52,"married","secondary","no","no","unknown","jun",496,-1,"no"
58,"married","secondary","yes","no","unknown","may",265,-1,"no"
20,"single","secondary","no","yes","cellular","jun",133,-1,"no"
43,"divorced","tertiary","no","no","telephone","aug",146,-1,"no"
48,"married","primary","no","no","cellular","aug",20,-1,"no"
35,"single","tertiary","yes","no","cellular","aug",73,-1,"no"
60,"married","secondary","yes","no","unknown","may",196,-1,"no"
34,"married","secondary","no","no","cellular","aug",329,-1,"no"
49,"married","secondary","yes","no","cellular","jul",93,-1,"no"
32,"married","tertiary","yes","no","cellular","nov",489,-1,"no"
31,"single","tertiary","yes","no","cellular","jun",140,-1,"no"
42,"married","secondary","yes","no","unknown","may",238,-1,"no"
30,"married","secondary","yes","no","unknown","may",141,-1,"no"
30,"single","tertiary","no","no","cellular","jul",73,-1,"no"
36,"single","tertiary","no","yes","cellular","aug",64,-1,"no"
26,"single","secondary","yes","no","cellular","may",44,-1,"no"
31,"single","tertiary","no","no","cellular","jun",150,-1,"no"
59,"married","primary","no","no","cellular","aug",432,-1,"no"
37,"single","secondary","yes","no","cellular","apr",640,-1,"no"
34,"single","secondary","no","no","telephone","may",259,-1,"no"
51,"married","primary","yes","yes","unknown","may",208,-1,"no"
19,"single","secondary","no","no","cellular","jun",124,105,"no"
48,"married","secondary","yes","no","unknown","may",629,-1,"yes"
44,"married","tertiary","no","no","cellular","mar",188,-1,"yes"
28,"single","unknown","no","no","cellular","jul",705,-1,"yes"
53,"married","secondary","no","no","cellular","aug",222,-1,"no"
55,"married","tertiary","no","no","cellular","jul",114,-1,"no"
36,"divorced","tertiary","no","no","cellular","feb",383,-1,"no"
42,"married","tertiary","no","no","cellular","jun",186,-1,"yes"
48,"married","secondary","yes","no","unknown","may",215,-1,"no"
57,"married","secondary","no","no","cellular","jul",84,-1,"no"
28,"single","secondary","yes","no","unknown","may",374,-1,"no"
51,"married","tertiary","no","yes","unknown","jun",269,-1,"no"
57,"married","secondary","no","no","cellular","nov",127,-1,"no"
48,"married","secondary","yes","no","cellular","jan",414,192,"no"
53,"single","primary","yes","no","unknown","may",179,-1,"no"
30,"married","secondary","yes","yes","unknown","may",130,-1,"no"
36,"single","secondary","yes","no","cellular","apr",176,322,"no"
48,"married","secondary","yes","no","unknown","jun",103,-1,"no"
38,"married","primary","no","no","cellular","may",516,-1,"yes"
39,"married","secondary","no","no","unknown","jun",83,-1,"no"
36,"married","secondary","no","no","unknown","jun",332,-1,"no"
46,"married","secondary","no","no","cellular","jul",957,182,"yes"
43,"married","tertiary","no","no","cellular","aug",270,-1,"no"
51,"married","primary","yes","no","unknown","may",276,-1,"no"
60,"divorced","secondary","no","no","cellular","feb",73,-1,"no"
50,"married","secondary","yes","no","cellular","nov",188,-1,"no"
28,"single","secondary","no","no","cellular","dec",350,182,"yes"
56,"divorced","tertiary","no","no","unknown","jun",75,-1,"no"
26,"single","tertiary","yes","no","unknown","may",1560,-1,"yes"
49,"married","tertiary","no","no","cellular","aug",72,-1,"no"
34,"married","tertiary","no","no","cellular","aug",478,-1,"no"
34,"married","secondary","no","no","cellular","jun",339,-1,"yes"
51,"married","primary","no","no","cellular","aug",36,-1,"no"
34,"married","tertiary","no","no","cellular","apr",176,-1,"no"
32,"married","secondary","yes","no","cellular","may",20,-1,"no"
39,"married","secondary","yes","no","unknown","may",155,-1,"no"
32,"married","primary","yes","yes","unknown","may",120,-1,"no"
34,"single","tertiary","no","no","cellular","feb",263,-1,"yes"
41,"single","tertiary","no","no","unknown","jun",1540,-1,"yes"
35,"married","secondary","yes","no","unknown","jun",103,-1,"no"
33,"married","secondary","no","no","cellular","jul",481,-1,"yes"
46,"married","secondary","no","yes","cellular","aug",618,-1,"yes"
27,"single","tertiary","yes","no","unknown","may",388,-1,"no"
31,"single","secondary","no","no","unknown","jul",96,-1,"no"
54,"married","secondary","yes","no","telephone","nov",72,-1,"no"
29,"single","secondary","yes","no","cellular","feb",453,273,"no"
35,"married","secondary","no","no","unknown","jun",110,-1,"no"
37,"married","tertiary","no","yes","cellular","jul",80,-1,"no"
25,"married","secondary","no","yes","cellular","jul",311,-1,"no"
31,"single","tertiary","yes","no","cellular","jul",122,-1,"no"
46,"married","secondary","yes","no","unknown","jun",277,-1,"no"
47,"divorced","secondary","no","no","cellular","aug",120,-1,"no"
29,"married","secondary","yes","no","cellular","feb",197,250,"no"
38,"married","secondary","yes","no","cellular","apr",196,346,"no"
33,"single","tertiary","yes","no","cellular","nov",91,-1,"no"
74,"divorced","primary","no","no","telephone","sep",251,535,"no"
36,"married","secondary","yes","no","cellular","nov",89,-1,"no"
31,"single","secondary","yes","no","cellular","may",73,-1,"no"
41,"married","secondary","yes","yes","unknown","jun",197,-1,"no"
40,"married","secondary","yes","no","telephone","feb",89,274,"no"
36,"married","tertiary","no","no","cellular","aug",246,-1,"no"
31,"married","secondary","yes","no","unknown","jun",119,-1,"no"
45,"married","tertiary","no","no","cellular","sep",84,-1,"yes"
32,"single","secondary","yes","no","cellular","apr",645,345,"no"
61,"married","primary","no","no","cellular","sep",90,-1,"no"
39,"married","primary","yes","yes","cellular","jul",215,-1,"no"
27,"single","secondary","no","no","telephone","oct",301,93,"yes"
30,"single","secondary","yes","no","cellular","jul",768,-1,"no"
54,"married","secondary","no","no","cellular","jan",161,98,"yes"
25,"single","secondary","yes","no","unknown","may",264,-1,"no"
27,"single","secondary","yes","yes","cellular","may",554,356,"yes"
47,"married","secondary","yes","yes","cellular","apr",274,238,"no"
56,"married","primary","no","yes","cellular","jul",261,-1,"no"
49,"divorced","primary","no","no","cellular","jan",626,-1,"no"
42,"married","primary","yes","no","unknown","may",84,-1,"no"
34,"single","tertiary","no","no","cellular","aug",210,-1,"no"
41,"married","primary","yes","no","cellular","may",69,335,"no"
35,"married","secondary","yes","no","cellular","may",34,-1,"no"
41,"married","primary","no","no","cellular","feb",244,-1,"no"
54,"divorced","tertiary","yes","yes","cellular","feb",85,231,"no"
34,"married","secondary","yes","no","cellular","may",16,-1,"no"
35,"single","secondary","yes","no","unknown","may",211,-1,"no"
35,"married","tertiary","yes","yes","cellular","sep",112,62,"no"
39,"married","secondary","yes","no","cellular","apr",146,281,"no"
35,"single","secondary","no","no","telephone","nov",1441,-1,"no"
60,"married","tertiary","no","no","cellular","aug",214,-1,"no"
47,"divorced","tertiary","no","yes","cellular","jul",82,-1,"no"
40,"married","tertiary","yes","no","cellular","may",145,360,"no"
43,"married","secondary","yes","no","cellular","nov",202,-1,"no"
40,"married","secondary","no","no","cellular","sep",169,103,"no"
40,"married","tertiary","no","yes","cellular","jul",65,-1,"no"
53,"divorced","secondary","no","no","unknown","jun",14,-1,"no"
30,"married","secondary","yes","yes","unknown","may",148,-1,"no"
25,"single","tertiary","yes","no","unknown","may",53,-1,"no"
61,"married","primary","yes","no","cellular","apr",253,-1,"no"
44,"married","tertiary","yes","no","cellular","nov",192,189,"no"
32,"married","secondary","no","no","cellular","aug",181,-1,"no"
32,"single","tertiary","no","no","cellular","feb",616,-1,"no"
33,"single","tertiary","yes","no","unknown","may",1495,-1,"no"
34,"married","secondary","yes","no","unknown","may",149,-1,"no"
38,"married","primary","yes","yes","unknown","jun",18,-1,"no"
58,"married","secondary","yes","no","unknown","may",111,-1,"no"
48,"married","secondary","yes","yes","cellular","jul",300,-1,"no"
33,"single","tertiary","yes","no","cellular","may",40,-1,"no"
42,"married","primary","yes","no","cellular","may",14,178,"no"
39,"married","secondary","yes","no","cellular","aug",171,-1,"no"
40,"married","secondary","yes","no","unknown","may",754,-1,"no"
44,"married","secondary","yes","no","cellular","nov",40,-1,"no"
54,"divorced","secondary","no","yes","cellular","jul",710,-1,"yes"
60,"divorced","tertiary","yes","no","unknown","may",498,-1,"no"
48,"married","secondary","yes","yes","cellular","may",521,-1,"no"
26,"single","tertiary","no","no","cellular","apr",394,-1,"yes"
32,"single","tertiary","no","no","cellular","apr",250,-1,"yes"
30,"married","secondary","yes","yes","cellular","nov",433,-1,"no"
25,"single","unknown","no","no","cellular","aug",43,83,"no"
59,"divorced","unknown","no","no","unknown","may",347,-1,"no"
46,"married","secondary","yes","no","cellular","may",264,-1,"no"
49,"married","secondary","yes","no","unknown","jun",84,-1,"no"
35,"married","tertiary","yes","no","cellular","feb",193,-1,"no"
41,"married","secondary","yes","yes","cellular","may",400,-1,"yes"
53,"married","secondary","yes","no","unknown","may",593,-1,"no"
57,"divorced","unknown","no","no","unknown","jun",235,-1,"no"
25,"single","secondary","yes","no","cellular","may",156,-1,"no"
19,"single","unknown","no","no","cellular","apr",184,-1,"yes"
47,"divorced","secondary","yes","no","cellular","nov",262,-1,"no"
34,"married","tertiary","no","yes","cellular","jun",269,92,"no"
46,"divorced","tertiary","yes","no","unknown","may",94,-1,"no"
55,"married","unknown","yes","yes","telephone","jan",100,100,"no"
34,"single","tertiary","yes","no","cellular","jul",630,-1,"no"
36,"married","secondary","yes","no","cellular","apr",34,-1,"no"
35,"divorced","secondary","yes","yes","cellular","may",954,-1,"yes"
30,"married","secondary","yes","no","cellular","nov",1065,183,"no"
45,"divorced","tertiary","no","yes","cellular","aug",95,-1,"no"
48,"divorced","secondary","no","no","unknown","jun",428,-1,"no"
34,"married","primary","yes","no","cellular","may",338,288,"no"
52,"divorced","tertiary","no","no","unknown","jun",354,-1,"no"
39,"single","tertiary","no","no","cellular","feb",588,-1,"yes"
49,"divorced","tertiary","yes","yes","cellular","feb",36,-1,"no"
56,"married","primary","no","no","unknown","jun",39,-1,"no"
60,"married","primary","no","no","unknown","jun",104,-1,"no"
44,"married","tertiary","no","no","cellular","jun",150,-1,"no"
48,"married","secondary","no","no","cellular","feb",429,-1,"no"
26,"married","secondary","yes","no","cellular","jul",126,-1,"no"
57,"single","secondary","no","no","unknown","jun",127,-1,"no"
26,"single","secondary","yes","no","unknown","may",654,-1,"yes"
50,"married","secondary","yes","no","unknown","may",267,-1,"no"
47,"married","primary","yes","no","cellular","apr",325,-1,"no"
37,"married","tertiary","yes","no","cellular","may",92,172,"no"
61,"married","unknown","no","no","cellular","nov",1011,94,"no"
57,"married","tertiary","yes","no","unknown","may",251,-1,"no"
43,"married","primary","no","no","cellular","nov",227,-1,"no"
36,"married","secondary","yes","no","cellular","apr",1554,343,"no"
47,"married","secondary","yes","no","cellular","jul",394,-1,"no"
35,"married","secondary","yes","no","cellular","jul",330,-1,"no"
44,"married","secondary","no","no","cellular","jun",78,-1,"no"
49,"married","secondary","no","yes","telephone","jul",77,-1,"no"
42,"married","primary","yes","no","cellular","feb",164,262,"no"
35,"married","secondary","yes","yes","cellular","may",44,-1,"no"
38,"married","secondary","yes","yes","cellular","nov",418,-1,"no"
39,"married","tertiary","no","no","unknown","jun",554,-1,"yes"
30,"married","tertiary","no","no","cellular","aug",75,-1,"no"
45,"single","tertiary","no","no","unknown","jun",133,-1,"no"
33,"single","tertiary","no","no","cellular","aug",264,-1,"no"
34,"married","tertiary","no","yes","telephone","jul",171,-1,"no"
30,"married","tertiary","no","no","cellular","apr",163,-1,"no"
56,"married","tertiary","no","no","unknown","jun",145,-1,"no"
31,"married","primary","yes","no","cellular","nov",198,-1,"no"
35,"married","tertiary","no","no","cellular","feb",27,-1,"no"
40,"married","secondary","no","no","cellular","aug",182,-1,"no"
28,"single","secondary","no","yes","cellular","jul",158,-1,"no"
28,"married","secondary","yes","no","cellular","jul",121,-1,"no"
66,"married","tertiary","no","no","cellular","oct",106,269,"yes"
35,"married","tertiary","yes","no","cellular","nov",229,96,"yes"
34,"married","tertiary","yes","no","unknown","may",88,-1,"no"
35,"married","primary","yes","no","unknown","may",427,-1,"no"
49,"married","primary","no","no","cellular","jan",60,-1,"no"
34,"divorced","secondary","yes","no","cellular","may",192,-1,"no"
32,"single","secondary","no","no","cellular","jul",88,-1,"no"
35,"divorced","secondary","yes","yes","unknown","may",454,-1,"no"
40,"married","secondary","no","no","unknown","may",93,-1,"no"
41,"single","primary","no","no","cellular","jun",577,-1,"yes"
39,"married","secondary","yes","yes","cellular","may",93,168,"no"
33,"married","secondary","no","yes","unknown","jul",267,-1,"no"
52,"married","primary","no","yes","cellular","jul",55,-1,"no"
25,"single","secondary","no","yes","cellular","jul",49,-1,"no"
31,"divorced","secondary","yes","no","cellular","jul",588,-1,"no"
39,"married","secondary","yes","yes","unknown","may",184,-1,"no"
27,"single","secondary","no","no","cellular","jan",163,-1,"no"
31,"married","primary","no","no","cellular","mar",95,-1,"no"
56,"married","primary","yes","no","telephone","aug",132,-1,"no"
48,"married","primary","yes","no","telephone","may",267,-1,"no"
30,"single","secondary","no","no","cellular","apr",437,80,"yes"
41,"divorced","secondary","yes","no","cellular","aug",173,-1,"no"
58,"married","primary","yes","no","unknown","may",114,-1,"no"
35,"divorced","tertiary","yes","no","unknown","may",297,-1,"no"
38,"single","secondary","yes","yes","unknown","may",122,-1,"no"
41,"divorced","secondary","no","no","cellular","jul",45,-1,"no"
32,"married","primary","yes","no","cellular","jul",110,-1,"no"
39,"married","tertiary","yes","yes","cellular","aug",908,-1,"yes"
31,"married","secondary","yes","no","unknown","may",201,-1,"no"
56,"married","secondary","no","no","telephone","jul",119,-1,"no"
26,"single","primary","yes","no","cellular","may",58,-1,"no"
55,"married","secondary","no","no","cellular","nov",336,-1,"no"
32,"married","primary","yes","no","unknown","may",252,-1,"no"
70,"divorced","primary","no","no","telephone","jan",372,196,"yes"
31,"married","unknown","yes","no","unknown","may",311,-1,"no"
32,"single","secondary","yes","no","cellular","nov",581,-1,"no"
20,"single","secondary","no","no","cellular","sep",85,-1,"no"
82,"divorced","primary","no","no","cellular","oct",156,-1,"no"
31,"married","secondary","yes","no","cellular","apr",357,-1,"no"
43,"divorced","primary","no","no","cellular","aug",111,-1,"no"
41,"single","tertiary","yes","no","unknown","may",344,-1,"no"
26,"married","tertiary","yes","no","cellular","may",119,294,"no"
41,"divorced","tertiary","yes","no","unknown","may",170,-1,"no"
32,"single","secondary","yes","no","cellular","may",34,-1,"no"
42,"single","unknown","no","no","unknown","jun",10,-1,"no"
58,"married","secondary","no","no","cellular","jul",1869,-1,"no"
26,"married","tertiary","no","no","cellular","may",482,-1,"yes"
42,"married","tertiary","no","no","cellular","aug",325,-1,"no"
46,"married","tertiary","yes","no","cellular","nov",308,-1,"no"
44,"married","primary","no","no","cellular","apr",165,-1,"yes"
29,"married","primary","no","no","cellular","jul",185,-1,"no"
30,"single","secondary","no","no","cellular","aug",250,-1,"no"
39,"divorced","secondary","no","yes","cellular","jul",16,-1,"no"
33,"single","tertiary","yes","yes","unknown","may",149,-1,"no"
53,"married","tertiary","no","no","cellular","nov",22,106,"no"
37,"single","primary","no","no","unknown","jul",742,-1,"no"
30,"single","tertiary","yes","yes","cellular","may",582,-1,"no"
38,"single","tertiary","yes","no","unknown","may",87,-1,"no"
32,"single","secondary","no","no","cellular","sep",125,-1,"no"
31,"single","secondary","no","no","cellular","jul",103,-1,"no"
57,"married","primary","no","no","cellular","aug",83,-1,"no"
57,"married","secondary","yes","no","unknown","may",65,-1,"no"
37,"married","tertiary","yes","no","cellular","aug",549,-1,"no"
59,"single","unknown","no","no","cellular","jan",645,-1,"no"
43,"married","secondary","no","no","cellular","aug",177,-1,"no"
31,"single","tertiary","yes","no","cellular","may",745,174,"yes"
37,"single","tertiary","no","no","cellular","jan",233,-1,"no"
57,"married","secondary","yes","no","cellular","apr",220,367,"no"
66,"married","secondary","no","no","cellular","feb",169,-1,"no"
35,"married","unknown","no","no","unknown","jun",221,-1,"no"
35,"married","tertiary","no","no","cellular","jul",361,-1,"yes"
28,"married","tertiary","yes","no","telephone","jul",296,-1,"no"
31,"married","secondary","yes","yes","cellular","jul",171,-1,"no"
56,"married","secondary","no","yes","cellular","aug",157,-1,"no"
39,"married","secondary","yes","no","telephone","may",15,-1,"no"
58,"married","tertiary","no","no","cellular","jun",508,186,"no"
57,"married","tertiary","no","no","unknown","may",46,-1,"no"
41,"married","tertiary","no","no","unknown","jun",291,-1,"no"
34,"single","tertiary","no","no","cellular","feb",71,-1,"no"
44,"married","secondary","no","no","cellular","nov",326,-1,"no"
32,"single","secondary","no","no","cellular","jul",182,-1,"no"
47,"single","tertiary","no","yes","cellular","jul",802,-1,"yes"
47,"married","primary","no","yes","telephone","jul",243,-1,"no"
39,"single","secondary","yes","no","cellular","apr",462,648,"yes"
34,"married","secondary","no","no","cellular","aug",534,-1,"no"
26,"single","tertiary","yes","no","cellular","may",55,368,"no"
35,"married","secondary","yes","no","telephone","nov",125,-1,"no"
28,"divorced","unknown","yes","no","unknown","may",126,-1,"no"
54,"married","secondary","no","yes","cellular","jul",273,-1,"no"
40,"married","secondary","no","no","unknown","jun",82,-1,"no"
48,"married","unknown","yes","no","cellular","feb",212,249,"no"
46,"married","secondary","no","yes","unknown","jun",49,-1,"no"
59,"married","primary","yes","no","telephone","apr",471,270,"no"
26,"single","secondary","no","no","cellular","oct",194,92,"yes"
40,"married","secondary","yes","yes","cellular","feb",121,-1,"no"
45,"divorced","secondary","no","no","unknown","jun",181,-1,"no"
41,"single","tertiary","yes","yes","unknown","may",135,-1,"no"
51,"married","secondary","yes","yes","cellular","feb",318,-1,"no"
38,"single","secondary","yes","no","cellular","jul",159,-1,"no"
53,"married","tertiary","no","no","cellular","aug",329,-1,"no"
36,"single","primary","no","no","unknown","jun",9,-1,"no"
34,"single","secondary","yes","no","unknown","may",76,-1,"no"
34,"married","unknown","yes","no","unknown","may",123,-1,"no"
38,"divorced","tertiary","no","no","cellular","jul",316,182,"no"
45,"married","secondary","no","no","cellular","jun",166,-1,"yes"
61,"married","secondary","yes","no","telephone","aug",173,492,"no"
59,"married","unknown","no","no","cellular","jul",69,-1,"no"
38,"divorced","tertiary","no","no","unknown","jun",952,-1,"yes"
40,"married","tertiary","no","no","cellular","jul",165,-1,"no"
40,"married","secondary","yes","no","unknown","jun",126,-1,"no"
67,"married","primary","no","no","cellular","nov",455,84,"yes"
54,"married","secondary","no","no","telephone","jul",481,-1,"no"
48,"married","secondary","no","yes","cellular","oct",195,104,"no"
59,"married","primary","no","no","cellular","aug",78,-1,"no"
63,"married","secondary","no","no","cellular","nov",168,-1,"no"
38,"married","primary","no","no","cellular","jul",165,-1,"no"
67,"married","unknown","no","no","telephone","aug",578,-1,"no"
33,"single","secondary","yes","no","unknown","may",199,-1,"no"
46,"divorced","tertiary","yes","no","unknown","may",1269,-1,"yes"
49,"married","tertiary","no","no","unknown","jun",38,-1,"no"
29,"single","tertiary","no","no","cellular","feb",125,-1,"yes"
30,"single","secondary","yes","no","unknown","may",91,-1,"no"
34,"married","unknown","no","no","cellular","aug",54,-1,"no"
44,"married","secondary","no","no","cellular","aug",127,-1,"no"
40,"married","primary","yes","no","cellular","may",880,-1,"yes"
36,"married","primary","yes","yes","unknown","may",403,-1,"no"
34,"married","secondary","yes","no","cellular","nov",283,-1,"no"
32,"single","secondary","yes","no","cellular","may",290,176,"no"
32,"divorced","secondary","yes","no","cellular","jul",93,-1,"no"
42,"married","secondary","yes","yes","cellular","may",211,345,"no"
32,"single","secondary","yes","no","cellular","nov",368,-1,"no"
46,"married","primary","no","no","cellular","aug",178,-1,"no"
45,"single","secondary","no","no","cellular","jun",116,-1,"no"
40,"married","secondary","yes","no","cellular","jul",153,-1,"no"
77,"married","tertiary","no","no","telephone","feb",483,-1,"yes"
34,"married","secondary","yes","no","cellular","may",358,176,"no"
31,"single","tertiary","no","no","cellular","jun",88,-1,"no"
54,"married","secondary","yes","no","telephone","feb",221,-1,"no"
35,"married","secondary","yes","no","unknown","may",19,-1,"no"
55,"married","tertiary","yes","yes","unknown","may",101,-1,"no"
39,"single","secondary","yes","no","unknown","may",322,-1,"no"
37,"single","tertiary","no","no","cellular","aug",199,-1,"no"
39,"married","tertiary","no","no","cellular","aug",53,-1,"no"
40,"married","secondary","no","no","telephone","nov",48,-1,"no"
49,"married","primary","yes","no","cellular","nov",115,-1,"no"
38,"single","secondary","yes","no","unknown","jun",266,-1,"no"
31,"single","secondary","yes","yes","cellular","apr",219,-1,"no"
31,"single","tertiary","yes","no","cellular","nov",1532,-1,"yes"
39,"married","secondary","yes","no","cellular","jan",79,-1,"no"
29,"single","secondary","yes","no","cellular","apr",1036,-1,"yes"
53,"married","secondary","yes","no","unknown","may",162,-1,"no"
81,"married","tertiary","no","no","cellular","jul",170,-1,"no"
45,"married","tertiary","yes","no","cellular","nov",134,-1,"no"
39,"married","primary","no","yes","cellular","jul",262,-1,"no"
30,"single","secondary","no","no","cellular","jul",566,-1,"no"
44,"single","secondary","yes","no","cellular","may",244,-1,"no"
36,"married","secondary","yes","no","unknown","may",325,-1,"no"
32,"married","primary","yes","no","unknown","may",326,-1,"no"
30,"single","secondary","yes","no","unknown","may",65,-1,"no"
31,"married","tertiary","no","no","cellular","aug",84,-1,"no"
20,"single","secondary","no","no","cellular","sep",500,228,"no"
43,"married","secondary","no","no","cellular","aug",196,-1,"no"
31,"single","secondary","yes","no","cellular","nov",82,-1,"no"
53,"married","secondary","yes","no","cellular","may",176,-1,"no"
34,"single","unknown","yes","no","cellular","may",99,-1,"no"
56,"married","secondary","no","no","cellular","jun",71,-1,"no"
26,"single","unknown","no","no","cellular","jan",177,-1,"no"
29,"single","tertiary","yes","no","unknown","jun",250,-1,"no"
35,"single","tertiary","no","no","cellular","aug",249,-1,"no"
36,"single","tertiary","yes","no","unknown","may",446,-1,"no"
47,"married","secondary","yes","no","cellular","may",25,-1,"no"
42,"married","primary","yes","yes","cellular","may",209,-1,"no"
41,"married","primary","yes","no","cellular","may",50,-1,"no"
28,"married","secondary","yes","no","cellular","may",224,-1,"no"
47,"married","unknown","no","no","unknown","jun",466,-1,"no"
39,"divorced","secondary","yes","yes","cellular","aug",133,-1,"no"
47,"married","secondary","no","no","cellular","may",403,87,"yes"
29,"single","secondary","no","no","unknown","may",127,-1,"no"
53,"single","primary","yes","no","cellular","jan",133,226,"no"
26,"single","secondary","no","no","cellular","apr",125,-1,"no"
38,"married","primary","yes","yes","unknown","jun",122,-1,"no"
33,"married","secondary","no","no","cellular","aug",113,-1,"no"
33,"married","secondary","yes","yes","cellular","aug",16,-1,"no"
42,"married","secondary","no","no","unknown","jun",20,-1,"no"
30,"single","tertiary","no","no","cellular","jul",489,-1,"no"
29,"single","tertiary","yes","no","cellular","may",606,-1,"yes"
41,"married","tertiary","no","yes","cellular","jul",211,-1,"no"
56,"single","tertiary","no","no","unknown","mar",110,-1,"yes"
33,"divorced","secondary","yes","no","cellular","nov",89,91,"no"
40,"married","secondary","yes","no","unknown","may",125,-1,"no"
40,"married","secondary","no","no","cellular","jul",145,-1,"no"
59,"divorced","tertiary","no","no","unknown","may",178,-1,"no"
54,"married","secondary","yes","no","unknown","may",189,-1,"no"
47,"married","unknown","no","no","unknown","jun",188,-1,"no"
26,"single","secondary","yes","yes","unknown","jun",56,-1,"no"
29,"single","tertiary","yes","yes","cellular","feb",45,-1,"no"
34,"married","secondary","yes","yes","unknown","may",138,-1,"no"
32,"single","secondary","yes","no","unknown","jun",62,-1,"no"
31,"single","tertiary","yes","no","cellular","may",124,-1,"no"
36,"divorced","secondary","yes","no","cellular","nov",138,-1,"no"
60,"married","secondary","no","no","cellular","sep",177,182,"no"
46,"single","secondary","yes","no","cellular","may",445,303,"no"
25,"single","secondary","yes","yes","unknown","may",217,-1,"no"
33,"married","tertiary","yes","no","unknown","may",42,-1,"no"
40,"single","secondary","no","no","cellular","aug",399,-1,"no"
47,"married","secondary","yes","no","unknown","may",184,-1,"no"
56,"married","tertiary","no","no","cellular","aug",103,-1,"no"
36,"single","tertiary","yes","no","unknown","jun",141,-1,"no"
57,"married","tertiary","no","no","cellular","may",399,-1,"no"
30,"single","secondary","yes","yes","cellular","nov",145,-1,"no"
58,"single","secondary","yes","no","cellular","apr",563,-1,"no"
34,"married","secondary","yes","no","unknown","may",682,-1,"yes"
43,"married","secondary","no","no","unknown","jun",169,-1,"no"
31,"single","secondary","yes","no","unknown","may",226,-1,"no"
29,"married","secondary","yes","no","cellular","apr",367,323,"yes"
37,"married","secondary","yes","no","unknown","may",83,-1,"no"
36,"married","secondary","yes","no","unknown","may",251,-1,"no"
38,"divorced","tertiary","yes","no","cellular","aug",266,-1,"no"
32,"married","primary","yes","no","cellular","may",24,349,"no"
59,"married","secondary","no","no","cellular","jul",163,-1,"no"
27,"married","secondary","yes","no","unknown","may",65,-1,"no"
23,"married","secondary","yes","no","cellular","may",223,-1,"no"
41,"married","secondary","no","no","unknown","jun",196,-1,"no"
35,"married","tertiary","yes","no","cellular","nov",46,-1,"no"
60,"divorced","secondary","no","no","unknown","jun",360,-1,"no"
41,"married","secondary","yes","no","cellular","nov",401,-1,"no"
26,"single","secondary","no","no","cellular","jan",171,-1,"no"
52,"married","tertiary","yes","no","cellular","jul",213,-1,"no"
52,"married","secondary","yes","no","telephone","jul",265,-1,"no"
33,"married","secondary","yes","yes","unknown","may",360,-1,"no"
29,"single","secondary","yes","no","unknown","may",33,-1,"no"
43,"married","primary","no","no","unknown","jun",86,-1,"no"
33,"single","tertiary","yes","no","cellular","apr",122,98,"yes"
32,"single","tertiary","yes","yes","cellular","may",440,-1,"yes"
35,"single","secondary","no","yes","cellular","nov",1031,-1,"no"
31,"single","tertiary","no","no","cellular","aug",384,-1,"yes"
35,"divorced","secondary","yes","no","unknown","may",167,-1,"no"
43,"married","secondary","no","no","cellular","feb",154,-1,"no"
40,"single","tertiary","yes","no","cellular","jan",182,-1,"no"
54,"divorced","secondary","no","yes","cellular","nov",230,-1,"no"
33,"married","secondary","yes","yes","cellular","jan",93,-1,"no"
42,"married","primary","yes","no","cellular","may",186,-1,"no"
31,"single","secondary","no","no","cellular","aug",110,-1,"no"
48,"single","secondary","yes","no","cellular","may",236,-1,"no"
37,"married","tertiary","no","no","cellular","aug",87,-1,"no"
45,"married","tertiary","no","no","cellular","aug",835,-1,"no"
39,"divorced","tertiary","yes","no","cellular","may",133,-1,"no"
29,"single","tertiary","no","no","unknown","may",52,-1,"no"
37,"married","secondary","no","no","cellular","apr",334,-1,"yes"
37,"single","secondary","no","no","unknown","jun",203,-1,"no"
33,"single","secondary","yes","no","cellular","apr",329,322,"no"
59,"married","tertiary","no","yes","unknown","jun",250,-1,"no"
27,"married","tertiary","no","no","cellular","jan",240,301,"yes"
33,"single","tertiary","yes","yes","cellular","nov",140,182,"no"
49,"divorced","tertiary","yes","no","unknown","may",174,-1,"no"
60,"married","secondary","no","no","cellular","sep",408,-1,"yes"
56,"married","primary","yes","no","unknown","jun",59,-1,"no"
30,"married","secondary","yes","no","cellular","jan",353,228,"no"
56,"married","primary","yes","no","unknown","may",68,-1,"no"
56,"married","primary","no","no","unknown","jul",5,-1,"no"
34,"divorced","secondary","no","no","cellular","aug",166,-1,"no"
32,"married","secondary","yes","yes","cellular","apr",165,-1,"no"
53,"married","primary","yes","no","unknown","jun",232,-1,"no"
45,"married","primary","yes","no","unknown","may",156,-1,"no"
31,"single","secondary","no","no","telephone","apr",284,-1,"no"
51,"married","tertiary","no","no","cellular","aug",244,-1,"no"
37,"single","tertiary","no","no","cellular","jan",114,234,"no"
46,"married","secondary","no","no","cellular","aug",96,-1,"no"
49,"divorced","primary","yes","no","unknown","may",1080,-1,"no"
34,"married","tertiary","no","no","cellular","sep",156,279,"no"
54,"divorced","secondary","yes","no","unknown","jun",140,-1,"no"
30,"married","secondary","yes","no","unknown","may",390,-1,"no"
33,"married","secondary","no","no","cellular","aug",46,-1,"no"
37,"married","primary","no","no","cellular","jul",76,-1,"no"
24,"single","secondary","no","no","cellular","aug",99,79,"no"
56,"married","primary","no","yes","cellular","jul",188,-1,"no"
58,"single","primary","no","no","cellular","jul",106,-1,"no"
45,"married","secondary","yes","no","cellular","jul",808,-1,"yes"
25,"single","secondary","yes","no","cellular","may",264,351,"no"
36,"married","secondary","yes","no","unknown","may",94,-1,"no"
55,"married","secondary","no","no","cellular","apr",149,-1,"no"
38,"married","primary","yes","no","cellular","nov",277,-1,"no"
33,"married","secondary","yes","yes","unknown","may",320,-1,"no"
56,"single","tertiary","no","no","cellular","apr",157,-1,"no"
47,"married","secondary","no","no","cellular","apr",443,-1,"yes"
27,"single","unknown","no","no","cellular","aug",126,524,"no"
58,"married","secondary","yes","no","cellular","apr",341,-1,"yes"
31,"married","secondary","yes","no","cellular","jul",112,-1,"no"
45,"divorced","unknown","yes","no","telephone","jul",38,-1,"no"
41,"married","secondary","no","no","unknown","jun",157,-1,"no"
31,"single","secondary","no","no","cellular","feb",132,-1,"no"
31,"divorced","tertiary","yes","no","unknown","may",97,-1,"no"
53,"married","unknown","no","no","cellular","jan",139,-1,"no"
33,"married","primary","yes","no","cellular","may",136,-1,"no"
32,"divorced","secondary","yes","no","cellular","jul",90,-1,"no"
51,"married","secondary","no","yes","cellular","dec",221,-1,"yes"
31,"single","secondary","yes","no","cellular","apr",815,-1,"no"
26,"single","secondary","yes","no","unknown","may",196,-1,"no"
44,"married","primary","yes","no","unknown","jun",321,-1,"no"
38,"single","secondary","no","no","cellular","aug",128,-1,"no"
32,"single","secondary","no","yes","unknown","may",108,-1,"no"
34,"single","secondary","no","no","cellular","apr",647,-1,"no"
70,"divorced","secondary","no","no","cellular","oct",115,95,"no"
32,"married","secondary","yes","no","cellular","nov",271,-1,"no"
26,"married","secondary","yes","no","unknown","may",48,-1,"no"
49,"married","secondary","yes","yes","cellular","jan",90,204,"no"
54,"married","primary","no","no","cellular","nov",71,-1,"no"
28,"married","secondary","yes","no","unknown","may",1297,-1,"no"
47,"married","secondary","yes","no","unknown","may",322,-1,"no"
57,"married","secondary","yes","yes","cellular","nov",90,198,"no"
47,"married","secondary","yes","no","cellular","feb",495,258,"no"
47,"married","unknown","yes","no","unknown","may",154,-1,"no"
47,"married","tertiary","yes","no","unknown","may",97,-1,"no"
47,"married","secondary","yes","no","unknown","may",347,-1,"no"
31,"single","secondary","yes","no","cellular","apr",215,165,"no"
37,"married","primary","no","no","unknown","jun",173,-1,"no"
62,"married","secondary","no","no","telephone","aug",36,-1,"no"
39,"single","tertiary","no","no","cellular","jul",122,-1,"no"
48,"married","secondary","yes","no","cellular","may",45,-1,"no"
37,"married","secondary","yes","no","unknown","may",183,-1,"no"
34,"married","secondary","yes","no","unknown","jun",466,-1,"no"
45,"married","secondary","yes","no","telephone","aug",234,-1,"no"
39,"married","secondary","yes","yes","cellular","may",51,-1,"no"
26,"single","secondary","no","yes","cellular","jul",538,-1,"yes"
39,"married","secondary","no","no","cellular","aug",339,-1,"no"
27,"single","tertiary","no","no","cellular","jan",174,-1,"no"
33,"married","secondary","yes","no","unknown","may",129,-1,"no"
44,"married","primary","no","no","unknown","jun",61,-1,"no"
41,"married","secondary","yes","no","unknown","may",216,-1,"no"
53,"married","secondary","yes","no","unknown","may",80,-1,"no"
44,"married","unknown","yes","yes","unknown","may",63,-1,"no"
23,"single","secondary","yes","yes","cellular","may",302,-1,"no"
27,"single","secondary","no","no","cellular","jan",87,245,"no"
33,"married","secondary","yes","yes","cellular","jul",85,-1,"no"
57,"married","secondary","yes","no","unknown","may",746,-1,"no"
58,"married","tertiary","yes","no","unknown","may",44,-1,"no"
41,"married","secondary","no","no","cellular","jul",83,-1,"no"
42,"married","tertiary","no","no","cellular","aug",179,-1,"no"
47,"married","unknown","yes","no","unknown","may",135,-1,"no"
25,"married","secondary","yes","no","cellular","may",119,-1,"no"
26,"single","secondary","no","no","cellular","feb",141,5,"no"
37,"married","tertiary","no","no","cellular","sep",337,186,"yes"
42,"married","tertiary","no","no","cellular","aug",111,-1,"no"
28,"married","secondary","yes","no","cellular","jul",598,-1,"yes"
36,"single","secondary","yes","no","cellular","apr",342,-1,"no"
58,"divorced","tertiary","yes","no","unknown","oct",49,-1,"no"
50,"single","tertiary","no","yes","unknown","jan",28,-1,"no"
32,"married","tertiary","yes","no","cellular","nov",175,-1,"no"
44,"married","secondary","no","no","cellular","nov",289,-1,"yes"
33,"single","tertiary","no","no","cellular","aug",296,-1,"no"
57,"married","tertiary","yes","no","unknown","may",1007,-1,"no"
41,"married","secondary","yes","yes","unknown","may",181,-1,"no"
46,"married","secondary","yes","no","cellular","jul",228,-1,"no"
59,"married","primary","yes","no","cellular","jul",186,-1,"no"
45,"divorced","tertiary","yes","no","cellular","may",325,-1,"no"
44,"married","primary","yes","no","unknown","may",179,-1,"no"
42,"married","secondary","yes","no","unknown","jun",171,-1,"no"
25,"single","tertiary","yes","no","cellular","may",268,-1,"no"
49,"married","secondary","no","no","unknown","jun",112,-1,"no"
38,"married","primary","yes","no","unknown","may",140,-1,"no"
44,"married","secondary","yes","no","cellular","apr",586,-1,"yes"
53,"divorced","secondary","yes","no","unknown","may",230,-1,"no"
47,"married","secondary","yes","no","unknown","may",109,-1,"no"
35,"married","secondary","no","no","cellular","aug",457,-1,"no"
30,"single","tertiary","no","no","cellular","oct",127,149,"yes"
25,"single","secondary","no","no","cellular","may",137,-1,"no"
35,"married","secondary","yes","no","cellular","apr",12,-1,"no"
32,"married","primary","yes","yes","cellular","may",308,-1,"no"
50,"divorced","tertiary","yes","no","cellular","apr",329,-1,"no"
53,"married","tertiary","yes","yes","unknown","may",63,-1,"no"
30,"married","tertiary","no","no","cellular","feb",693,-1,"no"
42,"married","secondary","yes","yes","unknown","may",251,-1,"no"
32,"single","tertiary","no","no","cellular","jul",495,-1,"no"
32,"married","tertiary","yes","no","cellular","nov",110,-1,"no"
32,"single","secondary","no","yes","cellular","nov",395,-1,"no"
45,"married","tertiary","yes","no","cellular","aug",172,-1,"no"
18,"single","unknown","no","no","telephone","aug",104,-1,"no"
26,"single","tertiary","yes","no","cellular","jul",233,-1,"no"
39,"married","primary","yes","no","cellular","apr",155,-1,"no"
26,"single","secondary","no","yes","cellular","mar",84,-1,"no"
32,"married","secondary","yes","no","unknown","may",226,-1,"no"
58,"married","secondary","no","no","cellular","may",122,-1,"no"
46,"married","secondary","yes","no","cellular","aug",74,-1,"no"
50,"married","secondary","yes","yes","cellular","aug",363,-1,"no"
40,"married","tertiary","yes","no","cellular","aug",113,-1,"no"
26,"single","tertiary","yes","no","cellular","may",42,292,"no"
27,"single","tertiary","no","yes","cellular","jul",141,-1,"no"
29,"married","tertiary","yes","no","unknown","may",182,-1,"no"
49,"married","tertiary","no","no","unknown","jun",100,-1,"no"
28,"single","secondary","no","yes","cellular","jul",1090,-1,"no"
37,"divorced","primary","yes","no","unknown","may",166,-1,"no"
59,"married","secondary","yes","no","unknown","jun",253,-1,"no"
48,"divorced","secondary","yes","yes","cellular","mar",94,-1,"no"
41,"married","secondary","yes","no","unknown","may",181,-1,"no"
49,"married","primary","yes","no","unknown","may",493,-1,"no"
34,"married","secondary","yes","no","cellular","apr",139,318,"no"
39,"married","tertiary","yes","no","cellular","jul",590,-1,"no"
48,"married","primary","no","no","cellular","may",340,371,"no"
47,"married","secondary","yes","no","cellular","apr",148,-1,"no"
26,"divorced","tertiary","yes","yes","unknown","may",121,-1,"no"
34,"married","secondary","yes","no","cellular","nov",301,-1,"no"
53,"married","primary","yes","no","unknown","may",170,-1,"no"
33,"married","secondary","yes","no","cellular","apr",7,-1,"no"
42,"divorced","secondary","no","no","cellular","jul",92,-1,"no"
45,"married","secondary","no","yes","unknown","jun",258,-1,"no"
24,"single","secondary","no","no","cellular","jul",561,-1,"no"
33,"married","secondary","yes","yes","cellular","aug",477,-1,"yes"
43,"married","secondary","yes","no","cellular","may",270,-1,"no"
30,"single","tertiary","yes","no","cellular","oct",316,92,"no"
55,"married","primary","yes","no","unknown","may",285,-1,"no"
30,"single","unknown","yes","no","unknown","jun",52,-1,"no"
34,"married","secondary","yes","no","cellular","apr",193,329,"no"
31,"married","secondary","yes","no","unknown","may",123,-1,"no"
60,"married","tertiary","no","no","cellular","aug",362,-1,"no"
34,"married","primary","yes","no","cellular","apr",115,146,"no"
31,"single","secondary","no","no","cellular","apr",148,182,"no"
53,"married","primary","yes","no","unknown","jun",285,-1,"no"
52,"married","secondary","no","yes","cellular","jul",103,-1,"no"
49,"married","primary","yes","yes","telephone","jul",834,-1,"no"
56,"single","secondary","yes","yes","cellular","apr",754,-1,"no"
32,"single","secondary","yes","yes","unknown","may",308,-1,"no"
41,"married","primary","yes","yes","unknown","jun",659,-1,"yes"
28,"married","secondary","yes","no","cellular","feb",11,252,"no"
30,"single","tertiary","no","no","cellular","aug",292,-1,"no"
43,"married","primary","no","no","telephone","jul",274,-1,"no"
42,"divorced","secondary","no","no","cellular","apr",67,149,"no"
33,"divorced","secondary","yes","no","cellular","may",114,-1,"no"
34,"single","secondary","no","no","cellular","jul",78,-1,"no"
39,"single","tertiary","no","yes","cellular","may",128,371,"no"
36,"married","secondary","yes","no","cellular","jul",121,-1,"no"
34,"single","primary","yes","no","unknown","may",138,-1,"no"
46,"single","tertiary","yes","no","unknown","may",984,-1,"yes"
48,"single","secondary","no","no","telephone","nov",270,-1,"no"
49,"married","secondary","no","no","telephone","jul",1032,-1,"yes"
37,"married","tertiary","no","yes","unknown","jun",153,-1,"no"
34,"married","secondary","no","no","unknown","may",84,-1,"no"
55,"married","unknown","yes","no","cellular","aug",186,101,"yes"
44,"divorced","secondary","no","no","telephone","jul",190,-1,"no"
26,"single","secondary","no","no","cellular","oct",217,-1,"yes"
32,"married","tertiary","no","no","cellular","aug",134,-1,"no"
34,"married","secondary","no","no","cellular","oct",401,-1,"yes"
32,"married","secondary","yes","yes","unknown","jul",122,-1,"no"
46,"married","secondary","yes","no","cellular","aug",203,-1,"no"
33,"single","secondary","yes","no","cellular","may",186,-1,"no"
42,"married","secondary","no","no","cellular","jan",234,181,"no"
20,"single","unknown","no","no","cellular","jan",196,202,"yes"
43,"married","primary","yes","no","telephone","may",176,284,"no"
56,"married","primary","no","yes","telephone","feb",124,204,"no"
36,"married","secondary","yes","yes","cellular","feb",138,-1,"no"
47,"married","secondary","yes","yes","cellular","jul",153,-1,"no"
53,"married","unknown","yes","no","cellular","nov",130,188,"no"
40,"single","tertiary","yes","no","cellular","apr",222,153,"no"
26,"single","secondary","no","no","cellular","aug",92,118,"no"
47,"married","secondary","yes","no","cellular","sep",502,490,"no"
54,"married","primary","no","yes","cellular","jul",180,-1,"no"
46,"married","primary","no","no","cellular","feb",64,-1,"no"
45,"married","tertiary","no","no","cellular","aug",140,-1,"no"
28,"single","tertiary","yes","no","unknown","jun",205,-1,"no"
30,"single","tertiary","no","no","cellular","aug",75,105,"no"
43,"married","tertiary","no","no","unknown","jun",230,-1,"no"
39,"single","secondary","no","yes","cellular","feb",250,-1,"no"
26,"married","secondary","yes","yes","cellular","jul",459,-1,"no"
50,"married","secondary","yes","no","unknown","may",744,-1,"no"
47,"divorced","secondary","yes","yes","telephone","jan",270,-1,"no"
39,"married","primary","yes","yes","unknown","jun",451,-1,"no"
50,"married","secondary","no","no","cellular","jun",152,89,"no"
27,"single","secondary","no","no","cellular","oct",256,104,"no"
39,"divorced","secondary","yes","yes","cellular","apr",85,-1,"no"
40,"married","secondary","no","no","cellular","jul",78,-1,"no"
37,"married","secondary","yes","no","cellular","may",632,339,"no"
28,"married","secondary","no","no","cellular","jun",226,182,"yes"
27,"married","tertiary","no","no","cellular","sep",569,-1,"yes"
28,"single","secondary","yes","no","cellular","jul",1044,-1,"yes"
59,"married","tertiary","no","no","cellular","aug",103,-1,"no"
28,"single","tertiary","yes","no","cellular","feb",137,-1,"no"
59,"married","primary","no","no","cellular","may",581,63,"no"
36,"single","tertiary","yes","no","cellular","may",450,304,"no"
52,"married","secondary","no","no","cellular","aug",276,-1,"no"
59,"divorced","secondary","no","no","cellular","aug",91,-1,"no"
33,"married","tertiary","yes","yes","cellular","jul",262,-1,"no"
60,"married","secondary","yes","no","cellular","jul",41,-1,"no"
44,"single","secondary","yes","yes","unknown","may",103,-1,"no"
41,"married","tertiary","yes","no","telephone","nov",60,-1,"no"
53,"married","unknown","no","no","unknown","jun",39,-1,"no"
28,"married","secondary","yes","no","cellular","may",191,371,"no"
33,"single","secondary","yes","no","cellular","jan",241,266,"no"
54,"married","secondary","yes","no","unknown","may",240,-1,"no"
42,"single","secondary","yes","no","unknown","jun",237,-1,"no"
43,"divorced","tertiary","yes","yes","unknown","may",224,-1,"no"
46,"married","primary","yes","no","cellular","aug",73,-1,"no"
43,"divorced","secondary","yes","no","unknown","may",71,-1,"no"
42,"divorced","secondary","yes","no","cellular","aug",203,-1,"no"
27,"married","tertiary","no","no","cellular","oct",154,-1,"yes"
47,"married","secondary","no","no","cellular","jan",262,91,"yes"
31,"married","tertiary","yes","yes","cellular","aug",182,-1,"no"
52,"married","tertiary","yes","no","cellular","nov",121,123,"no"
44,"single","tertiary","yes","no","unknown","jun",153,-1,"no"
34,"single","tertiary","no","no","cellular","may",67,-1,"no"
45,"married","secondary","yes","yes","cellular","may",262,352,"no"
43,"married","tertiary","no","no","cellular","nov",215,93,"no"
39,"single","tertiary","yes","no","cellular","apr",287,-1,"no"
41,"married","primary","yes","yes","cellular","may",344,-1,"no"
57,"married","secondary","no","no","cellular","feb",142,-1,"no"
32,"married","secondary","yes","no","cellular","may",150,-1,"no"
31,"married","secondary","no","no","telephone","nov",52,-1,"no"
51,"married","tertiary","no","no","cellular","aug",91,-1,"no"
26,"single","secondary","no","no","cellular","oct",209,188,"yes"
51,"married","secondary","no","no","cellular","jul",615,-1,"yes"
36,"married","secondary","yes","yes","cellular","jul",167,-1,"no"
31,"single","secondary","yes","no","cellular","nov",627,-1,"no"
49,"married","tertiary","no","no","cellular","nov",324,172,"no"
38,"married","tertiary","yes","no","unknown","may",164,-1,"no"
20,"married","primary","yes","yes","unknown","may",238,-1,"no"
34,"married","secondary","yes","no","cellular","oct",252,-1,"yes"
33,"married","secondary","yes","no","cellular","nov",76,-1,"no"
32,"married","tertiary","yes","no","cellular","nov",268,-1,"no"
39,"divorced","secondary","no","no","unknown","jun",155,-1,"no"
41,"single","unknown","yes","no","unknown","may",117,-1,"no"
39,"married","secondary","yes","no","unknown","may",92,-1,"no"
40,"married","secondary","no","no","cellular","jul",104,-1,"no"
34,"married","tertiary","no","no","cellular","jul",122,72,"no"
34,"single","tertiary","yes","no","cellular","feb",43,263,"no"
26,"single","secondary","yes","no","unknown","may",103,-1,"no"
27,"single","secondary","yes","no","cellular","may",252,-1,"no"
39,"married","secondary","yes","no","telephone","apr",141,-1,"no"
47,"married","secondary","no","no","cellular","jul",210,-1,"no"
46,"divorced","secondary","yes","no","unknown","may",485,-1,"no"
47,"married","primary","yes","no","cellular","apr",774,164,"yes"
38,"single","tertiary","yes","no","cellular","apr",222,-1,"no"
24,"single","secondary","no","no","cellular","jul",338,-1,"no"
37,"married","primary","yes","no","cellular","apr",151,-1,"no"
30,"single","tertiary","yes","no","unknown","may",147,-1,"no"
34,"married","tertiary","no","no","cellular","aug",148,84,"yes"
52,"married","primary","no","no","cellular","feb",82,-1,"no"
32,"married","secondary","no","no","cellular","may",231,362,"no"
48,"married","secondary","yes","no","cellular","aug",127,-1,"no"
34,"single","tertiary","yes","no","cellular","feb",155,149,"no"
40,"married","secondary","yes","no","cellular","may",657,-1,"yes"
45,"single","secondary","yes","no","cellular","may",247,-1,"no"
35,"married","secondary","yes","no","unknown","may",1777,-1,"yes"
39,"single","primary","yes","no","cellular","apr",88,-1,"no"
40,"married","secondary","no","no","unknown","jun",150,-1,"no"
47,"married","primary","yes","yes","unknown","jun",218,-1,"no"
50,"married","secondary","no","no","cellular","aug",219,-1,"no"
33,"married","primary","yes","no","cellular","jan",207,247,"no"
32,"married","tertiary","no","no","cellular","aug",15,-1,"no"
58,"married","secondary","yes","no","unknown","may",165,-1,"no"
31,"single","secondary","yes","no","cellular","may",187,360,"no"
48,"divorced","primary","no","no","cellular","jan",196,-1,"no"
32,"single","tertiary","yes","no","cellular","nov",175,180,"no"
28,"married","primary","yes","no","cellular","may",90,-1,"no"
29,"married","secondary","yes","no","cellular","apr",101,-1,"no"
32,"married","secondary","yes","no","unknown","may",64,-1,"no"
56,"divorced","unknown","yes","no","cellular","may",1022,360,"no"
46,"married","secondary","no","no","cellular","jul",156,-1,"no"
50,"married","secondary","yes","no","cellular","jul",18,-1,"no"
23,"single","secondary","yes","yes","unknown","may",142,-1,"no"
49,"married","secondary","no","yes","cellular","jul",682,-1,"no"
57,"married","unknown","yes","yes","cellular","jul",236,-1,"no"
32,"married","secondary","yes","no","unknown","may",84,-1,"no"
32,"single","tertiary","yes","no","cellular","may",72,361,"no"
33,"married","tertiary","yes","no","unknown","may",256,-1,"no"
59,"divorced","secondary","no","no","cellular","may",1060,-1,"yes"
40,"married","tertiary","yes","no","cellular","feb",171,230,"no"
30,"single","tertiary","no","no","cellular","aug",69,-1,"no"
46,"married","primary","yes","no","unknown","may",235,-1,"no"
57,"married","unknown","no","no","cellular","aug",163,-1,"no"
29,"married","secondary","yes","no","cellular","may",58,-1,"no"
22,"single","secondary","no","yes","cellular","aug",65,-1,"no"
45,"married","secondary","yes","no","unknown","jun",160,-1,"no"
34,"married","secondary","yes","no","unknown","may",99,-1,"no"
30,"married","tertiary","no","no","cellular","aug",121,-1,"no"
49,"married","primary","no","yes","telephone","jul",110,-1,"no"
53,"divorced","primary","yes","no","cellular","feb",138,5,"no"
37,"single","tertiary","no","no","unknown","jun",155,-1,"no"
46,"married","secondary","yes","no","cellular","jan",153,2,"no"
44,"divorced","secondary","no","no","cellular","jul",6,-1,"no"
43,"married","secondary","yes","yes","cellular","feb",539,204,"no"
25,"single","tertiary","yes","yes","unknown","may",102,-1,"no"
44,"single","tertiary","no","no","unknown","jul",158,-1,"no"
40,"single","tertiary","yes","no","cellular","jul",157,-1,"no"
36,"married","tertiary","yes","no","cellular","jul",165,-1,"no"
56,"married","secondary","no","no","unknown","may",73,-1,"no"
44,"divorced","secondary","yes","yes","cellular","feb",127,257,"yes"
48,"married","primary","no","no","cellular","aug",61,-1,"no"
28,"single","tertiary","yes","no","cellular","may",209,-1,"no"
47,"married","tertiary","no","no","cellular","feb",518,212,"no"
49,"married","unknown","no","no","unknown","may",92,-1,"no"
50,"married","primary","no","no","unknown","jun",135,-1,"no"
38,"married","primary","yes","no","cellular","jun",101,94,"no"
34,"married","tertiary","no","no","cellular","jun",298,-1,"no"
59,"married","secondary","no","no","cellular","jun",415,89,"yes"
31,"single","primary","yes","no","telephone","may",113,-1,"no"
42,"single","unknown","no","no","unknown","jun",115,-1,"no"
37,"married","tertiary","yes","no","unknown","may",162,-1,"no"
47,"married","secondary","no","no","cellular","nov",144,-1,"no"
30,"single","secondary","no","no","cellular","apr",108,-1,"yes"
47,"married","primary","yes","yes","unknown","jun",67,-1,"no"
35,"married","tertiary","no","no","cellular","aug",95,-1,"no"
37,"married","unknown","yes","no","unknown","jun",548,-1,"no"
37,"married","tertiary","no","no","cellular","nov",149,-1,"yes"
46,"married","unknown","yes","no","telephone","jul",417,-1,"no"
40,"single","unknown","yes","no","cellular","feb",258,-1,"no"
40,"married","secondary","yes","no","unknown","jun",322,-1,"no"
60,"married","primary","no","no","cellular","jan",374,-1,"no"
32,"divorced","tertiary","yes","no","unknown","may",399,-1,"no"
57,"married","primary","yes","no","unknown","may",104,-1,"no"
34,"married","secondary","yes","no","unknown","may",258,-1,"no"
49,"married","tertiary","yes","no","cellular","jul",507,-1,"no"
36,"single","primary","yes","no","unknown","may",242,-1,"no"
48,"divorced","secondary","no","no","unknown","jun",633,-1,"no"
43,"married","tertiary","no","no","cellular","aug",88,-1,"no"
47,"divorced","primary","yes","no","cellular","jul",327,-1,"no"
50,"married","primary","yes","no","telephone","jul",241,-1,"no"
46,"divorced","tertiary","no","no","cellular","mar",420,276,"yes"
33,"single","secondary","yes","no","cellular","may",297,334,"yes"
58,"married","tertiary","no","yes","cellular","aug",76,-1,"no"
36,"married","tertiary","yes","no","cellular","apr",22,-1,"no"
33,"married","secondary","yes","no","cellular","may",173,-1,"no"
57,"married","primary","yes","no","unknown","jun",397,-1,"no"
50,"single","tertiary","yes","no","unknown","may",2,-1,"no"
52,"divorced","secondary","yes","no","unknown","may",271,-1,"no"
44,"married","primary","yes","yes","unknown","may",94,-1,"no"
44,"married","tertiary","no","yes","cellular","jul",97,-1,"no"
30,"married","tertiary","yes","no","cellular","nov",191,175,"no"
31,"married","secondary","yes","no","unknown","may",265,-1,"no"
51,"divorced","tertiary","yes","no","cellular","nov",233,-1,"no"
52,"married","tertiary","no","no","cellular","aug",244,-1,"no"
40,"married","secondary","yes","no","cellular","apr",329,-1,"no"
51,"married","tertiary","no","no","unknown","jun",44,-1,"no"
52,"married","secondary","no","yes","cellular","jul",199,-1,"no"
53,"married","tertiary","no","yes","cellular","jan",86,-1,"no"
38,"married","secondary","yes","no","unknown","may",1521,-1,"no"
62,"married","secondary","no","no","cellular","sep",28,-1,"no"
51,"married","primary","yes","no","cellular","may",211,-1,"no"
40,"married","primary","yes","no","cellular","jul",138,-1,"no"
42,"single","tertiary","no","no","unknown","may",243,-1,"no"
54,"single","secondary","yes","no","cellular","feb",115,234,"no"
39,"married","tertiary","yes","no","unknown","may",191,-1,"no"
40,"married","secondary","yes","no","unknown","jul",251,-1,"no"
32,"married","secondary","no","no","cellular","aug",331,-1,"no"
50,"married","tertiary","yes","no","cellular","apr",707,302,"yes"
72,"divorced","tertiary","no","no","cellular","feb",279,-1,"yes"
46,"single","primary","yes","no","cellular","may",207,-1,"no"
57,"married","tertiary","no","yes","cellular","jan",139,-1,"no"
38,"single","tertiary","no","no","cellular","nov",8,-1,"no"
55,"married","tertiary","yes","no","cellular","nov",8,-1,"no"
36,"married","secondary","yes","no","cellular","apr",172,-1,"no"
26,"married","secondary","yes","no","unknown","may",1143,-1,"yes"
33,"married","tertiary","yes","yes","cellular","feb",124,271,"no"
54,"married","tertiary","no","no","telephone","jun",800,-1,"no"
38,"single","secondary","yes","no","unknown","may",72,-1,"no"
83,"divorced","primary","no","no","cellular","jul",200,-1,"no"
33,"divorced","secondary","yes","yes","unknown","may",254,-1,"no"
64,"married","secondary","no","no","cellular","oct",501,-1,"yes"
26,"married","secondary","no","no","cellular","jun",221,126,"no"
56,"divorced","secondary","no","yes","unknown","jul",678,-1,"no"
34,"single","secondary","no","no","cellular","aug",186,-1,"no"
33,"married","secondary","yes","no","cellular","jul",263,-1,"no"
56,"married","secondary","no","no","cellular","aug",629,-1,"no"
47,"married","unknown","no","yes","cellular","jul",89,-1,"no"
43,"married","secondary","yes","yes","cellular","jul",166,-1,"no"
54,"divorced","secondary","yes","no","unknown","may",381,-1,"no"
35,"married","secondary","no","yes","cellular","jun",147,119,"yes"
26,"single","secondary","yes","no","cellular","may",156,348,"no"
34,"single","primary","yes","no","unknown","may",351,-1,"no"
42,"married","secondary","yes","no","unknown","may",202,-1,"no"
57,"married","tertiary","no","no","cellular","oct",115,185,"yes"
33,"married","primary","yes","no","cellular","may",116,-1,"no"
47,"married","secondary","no","no","telephone","nov",27,-1,"no"
37,"married","secondary","no","yes","cellular","feb",9,-1,"no"
40,"married","primary","no","no","cellular","jul",42,-1,"no"
56,"married","primary","yes","yes","cellular","feb",331,209,"no"
52,"married","primary","yes","yes","telephone","feb",82,244,"no"
47,"married","secondary","no","yes","cellular","nov",74,145,"no"
59,"married","tertiary","no","no","cellular","nov",161,-1,"no"
45,"married","secondary","yes","no","unknown","may",84,-1,"no"
57,"divorced","tertiary","no","no","cellular","aug",1357,-1,"yes"
74,"divorced","tertiary","yes","no","cellular","may",492,-1,"no"
43,"divorced","secondary","yes","no","cellular","may",150,342,"no"
29,"married","tertiary","yes","no","cellular","apr",185,85,"no"
44,"single","secondary","no","no","cellular","may",193,-1,"yes"
57,"married","primary","no","no","unknown","jun",188,-1,"no"
76,"divorced","primary","no","no","cellular","aug",192,-1,"no"
69,"married","primary","no","no","cellular","aug",230,-1,"no"
56,"married","tertiary","no","no","cellular","aug",644,-1,"yes"
44,"married","primary","no","no","cellular","nov",843,-1,"no"
42,"single","secondary","yes","no","cellular","apr",160,-1,"no"
33,"single","primary","yes","no","cellular","may",99,353,"no"
38,"married","tertiary","no","no","cellular","jun",253,-1,"no"
56,"married","tertiary","yes","no","unknown","jun",45,-1,"no"
34,"married","secondary","no","no","cellular","aug",95,-1,"no"
51,"married","secondary","yes","no","cellular","may",623,-1,"yes"
32,"single","tertiary","yes","no","unknown","may",140,-1,"no"
56,"married","secondary","no","no","cellular","apr",203,-1,"no"
52,"divorced","secondary","yes","yes","cellular","may",87,-1,"no"
29,"married","secondary","yes","no","cellular","jul",988,-1,"yes"
35,"divorced","secondary","yes","no","cellular","apr",73,-1,"no"
29,"single","tertiary","yes","no","cellular","may",371,-1,"no"
46,"single","secondary","yes","yes","unknown","may",206,-1,"no"
59,"divorced","secondary","no","yes","cellular","jan",503,-1,"no"
28,"married","secondary","yes","yes","unknown","may",480,-1,"no"
61,"married","secondary","no","no","cellular","jul",464,-1,"no"
37,"married","tertiary","yes","no","cellular","jul",163,-1,"no"
34,"married","secondary","yes","no","unknown","may",109,-1,"no"
47,"married","tertiary","yes","yes","cellular","jul",122,-1,"no"
42,"married","secondary","yes","no","cellular","jul",305,-1,"no"
46,"married","unknown","yes","no","unknown","may",323,-1,"no"
29,"single","secondary","yes","no","unknown","may",134,-1,"no"
47,"married","secondary","yes","no","unknown","may",160,-1,"no"
35,"single","secondary","yes","no","cellular","may",65,-1,"no"
41,"married","primary","yes","no","cellular","may",54,-1,"no"
33,"married","secondary","no","no","cellular","sep",250,-1,"yes"
57,"married","primary","no","yes","telephone","jul",78,-1,"no"
35,"single","tertiary","yes","no","cellular","nov",274,-1,"no"
44,"married","secondary","yes","no","cellular","may",262,-1,"no"
31,"married","tertiary","no","no","cellular","aug",122,-1,"no"
24,"single","secondary","yes","no","unknown","may",86,-1,"no"
60,"married","secondary","yes","no","unknown","may",407,-1,"no"
27,"single","secondary","no","yes","cellular","jul",261,-1,"no"
57,"married","primary","no","yes","cellular","feb",620,196,"no"
26,"single","primary","yes","no","cellular","jul",577,-1,"yes"
53,"married","secondary","no","no","telephone","jun",145,-1,"no"
33,"married","tertiary","yes","no","unknown","may",418,-1,"no"
31,"married","secondary","yes","no","cellular","may",556,-1,"no"
29,"single","secondary","yes","no","cellular","may",196,-1,"no"
38,"married","secondary","no","no","cellular","aug",91,-1,"no"
32,"single","secondary","yes","yes","unknown","may",272,-1,"no"
43,"married","tertiary","no","no","cellular","oct",1573,139,"no"
35,"single","secondary","no","no","telephone","jan",103,-1,"no"
55,"married","primary","no","no","unknown","jun",272,-1,"no"
29,"single","tertiary","yes","no","unknown","jun",226,-1,"no"
55,"single","secondary","yes","no","cellular","may",300,370,"no"
45,"divorced","secondary","yes","no","unknown","may",62,-1,"no"
51,"married","secondary","yes","no","unknown","may",556,-1,"no"
49,"single","primary","no","no","cellular","jul",474,-1,"no"
48,"single","primary","no","no","unknown","jun",9,-1,"no"
28,"single","tertiary","yes","no","cellular","jul",263,-1,"no"
34,"married","secondary","yes","no","cellular","nov",98,-1,"no"
41,"divorced","secondary","yes","no","cellular","feb",938,-1,"yes"
54,"divorced","secondary","no","no","cellular","sep",106,105,"yes"
35,"married","secondary","yes","no","cellular","apr",694,331,"no"
57,"married","primary","yes","no","telephone","jul",103,-1,"no"
56,"married","secondary","no","no","cellular","nov",163,110,"no"
44,"married","primary","yes","no","unknown","jun",25,-1,"no"
33,"single","secondary","yes","no","unknown","jun",27,-1,"no"
30,"married","tertiary","yes","no","cellular","may",10,175,"no"
45,"divorced","secondary","no","no","unknown","jun",653,-1,"no"
50,"married","secondary","yes","no","unknown","jun",464,-1,"no"
59,"married","secondary","no","yes","cellular","nov",121,-1,"no"
35,"married","tertiary","no","no","cellular","aug",129,-1,"no"
41,"single","unknown","yes","no","cellular","may",442,370,"no"
46,"married","tertiary","no","yes","cellular","feb",128,-1,"no"
37,"single","secondary","no","no","cellular","nov",244,154,"no"
55,"married","primary","no","no","telephone","feb",75,-1,"no"
43,"divorced","secondary","yes","no","unknown","jun",130,-1,"no"
52,"married","tertiary","no","no","cellular","aug",97,-1,"no"
58,"married","secondary","yes","no","cellular","oct",120,186,"no"
43,"married","tertiary","no","no","cellular","nov",380,88,"yes"
39,"married","secondary","yes","yes","unknown","may",232,-1,"no"
28,"married","secondary","yes","no","cellular","may",152,366,"no"
28,"single","secondary","no","no","cellular","aug",119,-1,"no"
42,"married","secondary","no","no","cellular","feb",1013,-1,"no"
30,"single","secondary","no","yes","cellular","nov",548,-1,"no"
45,"married","secondary","yes","no","unknown","may",29,-1,"no"
55,"married","primary","no","no","cellular","aug",139,-1,"no"
43,"married","secondary","yes","yes","cellular","may",300,-1,"no"
50,"divorced","unknown","no","no","unknown","jun",335,-1,"no"
43,"married","secondary","no","no","cellular","jan",383,-1,"no"
58,"married","primary","yes","yes","cellular","jul",1226,-1,"no"
50,"married","secondary","yes","no","cellular","aug",216,-1,"no"
27,"married","secondary","no","no","telephone","jul",222,-1,"no"
32,"single","secondary","no","no","cellular","feb",216,-1,"no"
47,"married","secondary","yes","no","cellular","jul",676,-1,"no"
58,"married","secondary","no","no","cellular","jul",400,-1,"no"
43,"married","tertiary","yes","no","unknown","jun",154,-1,"no"
35,"married","secondary","yes","no","unknown","jun",57,-1,"no"
41,"single","tertiary","yes","no","unknown","may",178,-1,"no"
38,"single","unknown","yes","no","unknown","may",334,-1,"no"
52,"married","tertiary","yes","yes","cellular","nov",224,175,"no"
56,"married","primary","yes","no","cellular","jan",129,265,"no"
23,"single","secondary","yes","no","unknown","may",54,-1,"no"
49,"married","tertiary","no","no","cellular","aug",56,-1,"no"
50,"married","tertiary","no","no","unknown","jun",117,-1,"no"
59,"married","primary","no","no","telephone","jul",19,-1,"no"
49,"married","secondary","no","no","cellular","aug",301,-1,"no"
38,"single","tertiary","yes","no","unknown","may",92,-1,"no"
32,"married","secondary","yes","no","telephone","may",67,365,"no"
48,"divorced","secondary","no","no","cellular","aug",145,-1,"no"
46,"married","unknown","no","no","cellular","oct",171,91,"yes"
32,"single","secondary","yes","no","cellular","apr",598,150,"no"
35,"single","secondary","yes","no","unknown","may",163,-1,"no"
29,"married","tertiary","no","no","cellular","jul",275,-1,"no"
33,"single","tertiary","yes","yes","telephone","may",12,176,"no"
29,"married","secondary","no","yes","cellular","jul",528,-1,"no"
35,"married","secondary","yes","no","cellular","apr",738,-1,"no"
43,"married","tertiary","no","no","cellular","jul",1153,-1,"yes"
31,"single","tertiary","yes","no","cellular","apr",37,320,"no"
53,"married","primary","yes","no","cellular","may",217,342,"no"
46,"married","secondary","no","no","cellular","aug",339,-1,"no"
45,"single","secondary","no","yes","cellular","nov",258,105,"no"
34,"married","tertiary","yes","no","telephone","nov",6,-1,"no"
54,"married","secondary","no","yes","unknown","jun",294,-1,"no"
48,"married","secondary","yes","no","unknown","may",128,-1,"no"
40,"married","secondary","yes","no","unknown","may",44,-1,"no"
41,"married","secondary","yes","no","cellular","nov",536,-1,"no"
32,"single","tertiary","no","no","cellular","nov",57,-1,"no"
34,"married","primary","yes","no","cellular","apr",182,329,"no"
52,"married","secondary","yes","no","cellular","may",164,-1,"no"
51,"divorced","secondary","yes","no","cellular","nov",112,-1,"no"
30,"married","tertiary","yes","no","cellular","mar",156,137,"no"
44,"married","secondary","no","yes","cellular","aug",212,-1,"no"
35,"single","tertiary","no","no","cellular","may",127,-1,"no"
37,"married","secondary","yes","yes","cellular","may",95,357,"no"
53,"married","secondary","yes","no","unknown","may",49,-1,"no"
36,"married","tertiary","yes","no","cellular","feb",106,259,"no"
37,"married","tertiary","no","no","unknown","jun",143,-1,"no"
43,"married","secondary","yes","no","cellular","jul",76,-1,"no"
35,"married","secondary","yes","no","unknown","may",135,-1,"no"
37,"married","secondary","yes","no","cellular","nov",342,-1,"no"
46,"married","primary","yes","yes","cellular","may",523,353,"yes"
44,"married","secondary","yes","no","unknown","may",158,-1,"no"
54,"married","secondary","no","yes","cellular","nov",182,81,"yes"
26,"single","tertiary","yes","no","cellular","may",401,-1,"no"
37,"single","tertiary","no","no","cellular","aug",234,-1,"no"
48,"married","secondary","no","no","cellular","aug",311,-1,"no"
57,"single","secondary","no","yes","unknown","may",204,-1,"no"
38,"single","secondary","yes","no","cellular","mar",180,302,"yes"
44,"divorced","secondary","yes","no","cellular","apr",241,-1,"no"
32,"single","tertiary","yes","no","cellular","may",1598,175,"yes"
35,"married","primary","yes","no","cellular","apr",106,-1,"no"
53,"married","tertiary","yes","no","cellular","nov",138,-1,"no"
45,"married","secondary","no","no","cellular","jul",65,-1,"no"
56,"married","secondary","no","yes","cellular","nov",107,117,"no"
33,"single","secondary","yes","no","cellular","may",54,371,"no"
32,"married","secondary","yes","no","cellular","nov",1720,-1,"yes"
36,"divorced","secondary","yes","no","unknown","may",265,-1,"no"
33,"married","primary","yes","no","unknown","may",83,-1,"no"
36,"married","secondary","yes","no","cellular","jul",54,-1,"no"
57,"married","tertiary","yes","no","unknown","may",463,-1,"no"
49,"married","secondary","no","no","unknown","may",160,-1,"no"
28,"married","tertiary","yes","no","cellular","sep",202,-1,"yes"
33,"married","secondary","yes","yes","unknown","may",951,-1,"no"
35,"single","secondary","yes","no","unknown","may",185,-1,"no"
48,"married","unknown","yes","no","telephone","jul",211,-1,"no"
57,"married","tertiary","yes","no","unknown","may",97,-1,"no"
29,"married","secondary","yes","no","cellular","jul",260,-1,"no"
29,"single","secondary","no","no","cellular","oct",90,-1,"no"
33,"married","secondary","no","no","cellular","dec",78,-1,"no"
58,"married","secondary","no","no","cellular","may",1078,97,"yes"
33,"married","secondary","yes","no","cellular","may",629,-1,"yes"
62,"married","secondary","no","no","cellular","jan",117,280,"no"
33,"single","tertiary","yes","no","cellular","nov",247,-1,"no"
42,"married","tertiary","no","no","cellular","dec",288,183,"yes"
61,"married","primary","no","no","cellular","nov",264,-1,"no"
31,"married","secondary","yes","no","unknown","may",293,-1,"no"
55,"divorced","tertiary","yes","no","telephone","may",536,-1,"no"
54,"married","tertiary","yes","no","cellular","aug",143,-1,"no"
45,"married","tertiary","no","yes","cellular","nov",980,-1,"yes"
33,"married","secondary","yes","yes","cellular","jul",224,-1,"no"
46,"married","primary","no","no","cellular","aug",168,-1,"no"
27,"single","secondary","no","yes","cellular","jul",171,-1,"no"
50,"married","tertiary","no","no","cellular","aug",343,-1,"no"
50,"married","primary","no","no","unknown","jun",34,-1,"no"
32,"married","tertiary","no","no","telephone","nov",385,-1,"no"
37,"married","secondary","yes","no","cellular","jul",505,-1,"no"
59,"married","tertiary","no","no","cellular","aug",862,-1,"no"
48,"married","tertiary","yes","no","cellular","jul",125,-1,"no"
26,"single","tertiary","no","no","cellular","apr",321,449,"yes"
77,"divorced","secondary","no","no","cellular","sep",210,-1,"yes"
60,"married","unknown","no","no","unknown","jun",261,-1,"no"
39,"single","primary","yes","no","cellular","nov",286,-1,"no"
30,"single","tertiary","yes","no","unknown","jun",220,-1,"no"
29,"married","primary","yes","no","cellular","apr",297,-1,"no"
32,"divorced","secondary","yes","no","cellular","aug",540,-1,"no"
44,"married","secondary","yes","no","cellular","apr",246,-1,"no"
25,"single","secondary","yes","yes","cellular","may",364,-1,"no"
36,"single","secondary","no","no","cellular","jul",225,-1,"no"
39,"married","primary","no","no","cellular","jul",176,-1,"no"
30,"single","secondary","yes","no","cellular","jul",266,-1,"no"
30,"single","tertiary","no","no","cellular","aug",128,-1,"no"
54,"married","secondary","yes","yes","cellular","jul",97,-1,"no"
20,"single","secondary","no","no","cellular","aug",228,183,"yes"
52,"divorced","secondary","no","no","telephone","nov",215,-1,"no"
31,"single","tertiary","no","no","cellular","jan",356,-1,"no"
39,"married","secondary","yes","no","cellular","may",55,345,"no"
31,"single","secondary","yes","no","cellular","jul",101,-1,"no"
39,"married","secondary","yes","no","unknown","may",141,-1,"no"
21,"single","secondary","no","no","cellular","feb",92,-1,"yes"
35,"married","secondary","yes","yes","unknown","may",543,-1,"yes"
44,"married","tertiary","yes","no","unknown","jun",84,-1,"no"
59,"married","secondary","yes","yes","unknown","may",282,-1,"no"
53,"married","tertiary","no","no","unknown","jun",89,-1,"no"
59,"single","tertiary","no","no","cellular","aug",48,-1,"no"
31,"single","tertiary","yes","yes","unknown","may",448,-1,"no"
50,"married","tertiary","yes","no","cellular","jun",140,-1,"no"
44,"married","primary","no","no","cellular","jul",83,-1,"no"
43,"divorced","tertiary","no","no","unknown","jun",118,-1,"no"
32,"single","secondary","no","no","cellular","feb",406,-1,"no"
58,"married","secondary","no","yes","cellular","aug",192,-1,"no"
36,"married","secondary","yes","no","cellular","jan",29,266,"no"
39,"single","secondary","yes","no","telephone","nov",47,-1,"no"
28,"single","tertiary","no","no","cellular","feb",255,-1,"no"
49,"married","secondary","yes","no","unknown","may",99,-1,"no"
30,"single","secondary","no","no","cellular","may",453,-1,"no"
44,"married","tertiary","yes","yes","cellular","jul",161,-1,"no"
46,"divorced","secondary","yes","yes","unknown","may",188,-1,"no"
44,"divorced","tertiary","yes","no","cellular","apr",65,-1,"no"
59,"married","secondary","yes","no","unknown","may",106,-1,"no"
30,"married","primary","yes","no","cellular","apr",190,-1,"no"
31,"single","secondary","no","no","cellular","may",159,111,"no"
37,"single","secondary","yes","no","unknown","may",322,-1,"no"
39,"single","secondary","no","no","unknown","jun",10,-1,"no"
31,"single","tertiary","no","no","cellular","aug",153,103,"no"
36,"married","primary","yes","no","unknown","jun",255,-1,"no"
33,"married","secondary","no","yes","cellular","aug",239,-1,"no"
80,"divorced","primary","no","no","telephone","apr",92,-1,"no"
59,"married","secondary","no","yes","unknown","jul",292,-1,"no"
31,"single","tertiary","no","yes","cellular","nov",367,-1,"no"
41,"married","secondary","no","no","cellular","aug",95,-1,"no"
39,"married","secondary","yes","no","cellular","feb",397,-1,"yes"
54,"single","secondary","no","no","cellular","jul",187,-1,"no"
38,"married","tertiary","no","no","cellular","apr",350,-1,"yes"
52,"married","secondary","yes","no","cellular","nov",77,-1,"no"
55,"divorced","secondary","no","no","cellular","jun",213,-1,"no"
37,"married","secondary","yes","yes","cellular","feb",219,245,"no"
40,"married","secondary","no","no","cellular","nov",408,117,"no"
54,"married","tertiary","yes","no","cellular","apr",231,149,"no"
42,"married","tertiary","no","no","telephone","sep",376,-1,"yes"
56,"married","secondary","yes","no","unknown","may",278,-1,"no"
30,"married","secondary","yes","no","unknown","may",72,-1,"no"
35,"married","secondary","yes","no","unknown","may",69,-1,"no"
54,"married","secondary","no","no","unknown","jun",94,-1,"no"
57,"single","secondary","no","no","unknown","jun",192,-1,"no"
57,"married","primary","yes","no","cellular","jul",126,-1,"no"
38,"married","secondary","yes","no","unknown","may",346,-1,"no"
37,"married","tertiary","yes","no","unknown","may",110,-1,"no"
28,"married","primary","yes","yes","telephone","may",31,373,"no"
52,"divorced","tertiary","no","no","unknown","jul",28,-1,"no"
28,"single","tertiary","yes","yes","cellular","feb",100,-1,"no"
33,"married","primary","yes","yes","cellular","nov",220,-1,"no"
31,"single","tertiary","no","no","cellular","mar",469,181,"yes"
42,"married","secondary","yes","no","unknown","may",124,-1,"no"
34,"married","primary","yes","yes","cellular","jul",225,-1,"no"
40,"divorced","tertiary","no","no","cellular","aug",94,-1,"no"
33,"married","tertiary","yes","yes","cellular","jul",207,-1,"no"
49,"married","tertiary","yes","no","unknown","jun",113,-1,"no"
41,"single","primary","yes","no","unknown","may",1553,-1,"yes"
39,"divorced","tertiary","no","no","cellular","aug",34,-1,"no"
32,"divorced","secondary","yes","yes","unknown","may",130,-1,"no"
34,"married","primary","yes","no","cellular","jul",680,-1,"no"
45,"divorced","tertiary","no","no","cellular","aug",144,-1,"no"
42,"married","secondary","no","no","cellular","jul",462,-1,"no"
45,"married","secondary","yes","yes","unknown","may",119,-1,"no"
31,"single","tertiary","yes","no","unknown","may",170,-1,"no"
56,"married","primary","no","no","cellular","feb",177,197,"no"
33,"single","tertiary","yes","no","cellular","apr",282,259,"no"
24,"single","secondary","no","no","cellular","may",762,182,"yes"
40,"married","tertiary","yes","yes","cellular","jul",206,-1,"no"
32,"married","tertiary","no","no","unknown","may",86,-1,"no"
60,"married","primary","yes","yes","unknown","may",1015,-1,"yes"
32,"married","tertiary","yes","no","unknown","may",345,-1,"no"
41,"married","secondary","no","no","unknown","jun",85,-1,"no"
36,"single","primary","yes","no","unknown","may",168,-1,"no"
46,"married","secondary","yes","no","telephone","jul",1127,-1,"yes"
36,"single","secondary","yes","no","cellular","may",50,-1,"no"
58,"married","primary","no","no","unknown","may",174,-1,"no"
40,"married","secondary","yes","yes","cellular","jul",247,-1,"no"
46,"divorced","secondary","no","yes","cellular","oct",92,327,"no"
52,"married","primary","yes","no","cellular","jul",1208,-1,"yes"
33,"married","tertiary","yes","no","cellular","nov",149,175,"no"
30,"single","secondary","yes","no","telephone","feb",678,252,"no"
40,"married","secondary","no","no","unknown","jun",78,-1,"no"
30,"single","tertiary","no","no","cellular","aug",545,-1,"yes"
37,"single","tertiary","no","no","telephone","aug",57,-1,"no"
24,"married","secondary","yes","no","cellular","feb",278,94,"yes"
52,"married","tertiary","no","yes","unknown","jun",291,-1,"no"
27,"single","tertiary","no","no","cellular","jan",267,-1,"no"
29,"married","secondary","yes","no","cellular","jul",130,-1,"no"
53,"married","secondary","yes","no","cellular","may",387,-1,"yes"
37,"single","unknown","yes","no","unknown","jun",16,-1,"no"
41,"married","secondary","yes","no","cellular","oct",250,120,"no"
54,"married","tertiary","yes","yes","cellular","aug",105,-1,"no"
46,"married","primary","yes","no","unknown","may",135,-1,"no"
35,"single","secondary","yes","no","cellular","may",495,-1,"no"
36,"married","unknown","no","no","unknown","jun",810,-1,"no"
46,"married","secondary","no","no","cellular","aug",199,-1,"no"
54,"married","unknown","yes","no","unknown","may",421,-1,"no"
30,"married","secondary","yes","no","cellular","jul",101,-1,"no"
36,"married","primary","no","no","unknown","jun",423,-1,"no"
35,"married","tertiary","yes","no","cellular","jun",467,-1,"no"
28,"single","secondary","yes","no","unknown","jun",119,-1,"no"
42,"married","secondary","yes","yes","cellular","jul",196,-1,"no"
40,"single","secondary","no","yes","cellular","jul",181,-1,"no"
36,"married","primary","yes","yes","telephone","nov",2,-1,"no"
36,"single","secondary","yes","no","cellular","jul",735,-1,"no"
35,"married","secondary","no","no","unknown","jun",243,-1,"no"
34,"single","tertiary","no","yes","unknown","aug",34,-1,"yes"
31,"single","tertiary","yes","no","cellular","feb",156,-1,"no"
36,"single","secondary","no","no","cellular","aug",88,-1,"no"
32,"single","secondary","yes","no","unknown","may",211,-1,"no"
40,"divorced","secondary","yes","no","unknown","may",349,-1,"no"
44,"married","secondary","yes","yes","unknown","jun",4,-1,"no"
55,"married","tertiary","no","yes","telephone","aug",201,-1,"no"
36,"married","tertiary","yes","no","unknown","may",95,-1,"no"
39,"divorced","secondary","yes","no","cellular","feb",204,257,"no"
35,"married","unknown","yes","no","unknown","jun",130,-1,"no"
37,"single","tertiary","yes","no","unknown","may",72,-1,"no"
54,"married","tertiary","no","no","telephone","jul",77,-1,"no"
46,"married","primary","yes","no","unknown","may",236,-1,"no"
60,"married","secondary","yes","yes","unknown","may",208,-1,"no"
60,"married","unknown","yes","no","unknown","may",29,-1,"no"
42,"married","primary","yes","yes","cellular","feb",139,-1,"no"
56,"married","primary","no","no","telephone","jul",51,-1,"no"
40,"divorced","secondary","no","yes","cellular","jul",191,-1,"no"
35,"single","tertiary","no","no","cellular","nov",188,186,"yes"
52,"divorced","secondary","yes","no","telephone","apr",121,-1,"no"
52,"married","secondary","no","no","cellular","feb",272,-1,"no"
26,"married","secondary","no","no","cellular","jun",155,105,"yes"
31,"married","secondary","yes","yes","cellular","jul",235,-1,"no"
57,"married","secondary","no","no","cellular","nov",226,-1,"no"
50,"single","secondary","yes","no","telephone","nov",590,-1,"no"
28,"married","secondary","no","no","cellular","feb",130,-1,"no"
31,"single","secondary","yes","no","cellular","may",52,-1,"no"
44,"married","tertiary","yes","no","telephone","apr",201,330,"no"
44,"divorced","secondary","yes","yes","cellular","apr",206,-1,"no"
79,"divorced","primary","no","no","telephone","feb",98,-1,"no"
35,"married","tertiary","no","no","cellular","jul",210,158,"yes"
53,"divorced","primary","no","yes","cellular","jul",206,-1,"no"
45,"married","secondary","no","no","telephone","feb",170,212,"no"
43,"divorced","tertiary","yes","no","unknown","may",120,-1,"no"
38,"single","secondary","yes","no","cellular","may",437,345,"no"
29,"single","secondary","yes","no","cellular","jul",604,-1,"no"
41,"married","secondary","yes","no","cellular","nov",139,130,"no"
40,"married","secondary","yes","no","cellular","may",249,169,"no"
70,"married","primary","no","no","cellular","sep",704,190,"no"
32,"married","secondary","no","no","cellular","nov",371,-1,"no"
36,"married","secondary","yes","no","cellular","jul",136,-1,"no"
42,"married","secondary","yes","no","unknown","may",124,-1,"no"
24,"single","secondary","yes","no","unknown","may",1000,-1,"yes"
38,"single","tertiary","no","no","telephone","oct",182,-1,"no"
32,"married","secondary","yes","no","unknown","may",464,-1,"no"
37,"married","secondary","yes","no","unknown","may",103,-1,"no"
39,"single","secondary","yes","yes","cellular","may",26,-1,"no"
44,"married","tertiary","no","yes","cellular","aug",70,-1,"no"
53,"married","secondary","no","no","cellular","nov",156,-1,"no"
33,"single","tertiary","no","no","cellular","feb",78,-1,"no"
24,"single","secondary","yes","no","unknown","may",665,-1,"no"
54,"married","tertiary","yes","no","cellular","aug",83,-1,"no"
37,"married","secondary","yes","no","telephone","feb",28,-1,"no"
47,"divorced","secondary","yes","no","cellular","feb",105,253,"no"
54,"married","primary","no","no","unknown","may",76,-1,"no"
36,"divorced","secondary","no","no","telephone","feb",44,-1,"no"
31,"single","secondary","no","no","unknown","may",227,-1,"no"
55,"married","primary","no","no","cellular","aug",224,-1,"no"
39,"single","tertiary","yes","no","unknown","may",58,-1,"no"
46,"married","tertiary","no","no","cellular","may",359,-1,"no"
55,"divorced","secondary","yes","no","unknown","may",200,-1,"no"
26,"single","secondary","no","no","cellular","feb",101,-1,"no"
25,"single","secondary","yes","no","cellular","may",504,-1,"yes"
35,"married","tertiary","no","no","cellular","nov",49,-1,"no"
58,"married","tertiary","no","no","cellular","feb",344,-1,"yes"
54,"married","primary","no","no","telephone","nov",168,-1,"no"
35,"single","secondary","no","no","unknown","jun",15,-1,"no"
31,"married","primary","no","no","cellular","nov",521,-1,"no"
50,"married","secondary","no","no","cellular","aug",86,-1,"no"
60,"divorced","secondary","yes","yes","unknown","may",597,-1,"no"
36,"married","secondary","no","no","cellular","jul",118,-1,"no"
51,"married","primary","yes","no","telephone","feb",143,272,"no"
38,"married","tertiary","no","no","unknown","jun",118,-1,"no"
47,"married","secondary","yes","no","unknown","jun",79,-1,"no"
32,"married","tertiary","no","no","cellular","feb",101,-1,"no"
54,"married","tertiary","no","no","cellular","mar",133,102,"no"
34,"married","secondary","yes","yes","unknown","jun",136,-1,"no"
30,"single","tertiary","no","no","cellular","nov",96,-1,"no"
81,"divorced","primary","no","no","telephone","sep",488,-1,"no"
30,"single","secondary","yes","no","cellular","may",74,-1,"no"
28,"single","secondary","no","no","unknown","may",181,-1,"no"
34,"married","secondary","yes","yes","cellular","feb",90,252,"no"
37,"married","secondary","yes","no","cellular","aug",77,-1,"no"
46,"married","primary","yes","no","cellular","feb",665,-1,"no"
56,"divorced","tertiary","yes","no","unknown","jun",184,-1,"no"
40,"divorced","tertiary","yes","no","unknown","may",59,-1,"no"
54,"married","secondary","no","no","unknown","jun",296,-1,"no"
63,"married","secondary","no","no","cellular","apr",99,-1,"no"
45,"married","primary","yes","no","unknown","jun",15,-1,"no"
56,"divorced","tertiary","no","no","unknown","jun",75,-1,"no"
45,"married","primary","yes","no","cellular","apr",890,-1,"no"
43,"married","tertiary","no","no","cellular","aug",151,-1,"no"
26,"single","secondary","no","no","cellular","jan",268,-1,"no"
44,"married","secondary","yes","no","unknown","may",199,-1,"no"
46,"married","secondary","no","no","cellular","nov",202,-1,"no"
37,"married","secondary","yes","no","cellular","jul",107,-1,"no"
24,"single","tertiary","yes","no","unknown","jun",122,-1,"no"
82,"married","unknown","no","no","telephone","apr",195,-1,"no"
33,"single","secondary","yes","no","unknown","may",152,-1,"no"
47,"married","tertiary","yes","yes","unknown","jun",179,-1,"no"
32,"married","secondary","no","no","cellular","aug",94,-1,"no"
29,"married","tertiary","yes","no","cellular","jul",87,-1,"no"
60,"married","primary","yes","no","unknown","jun",142,-1,"no"
49,"married","secondary","yes","no","cellular","apr",772,-1,"yes"
36,"single","tertiary","yes","no","unknown","may",358,-1,"no"
36,"married","secondary","yes","no","cellular","aug",64,-1,"no"
29,"divorced","secondary","yes","no","unknown","may",194,-1,"no"
29,"single","primary","no","no","cellular","jan",801,-1,"yes"
34,"single","tertiary","yes","no","cellular","sep",99,135,"no"
57,"divorced","primary","no","no","unknown","jun",404,-1,"no"
49,"single","primary","yes","yes","cellular","jul",151,-1,"no"
42,"married","tertiary","yes","no","unknown","jun",9,-1,"no"
51,"married","unknown","yes","no","unknown","may",256,-1,"no"
52,"married","primary","yes","no","cellular","aug",164,-1,"no"
50,"married","tertiary","no","no","telephone","jul",1567,-1,"no"
50,"married","secondary","yes","no","cellular","jul",119,-1,"no"
38,"married","primary","yes","no","unknown","jun",179,-1,"no"
29,"married","secondary","yes","no","unknown","jun",90,-1,"no"
31,"married","tertiary","yes","yes","cellular","nov",141,123,"no"
47,"married","tertiary","yes","no","cellular","mar",194,181,"no"
29,"single","tertiary","no","no","cellular","aug",215,-1,"yes"
59,"divorced","secondary","no","no","cellular","nov",488,-1,"yes"
48,"married","secondary","no","no","cellular","feb",318,561,"yes"
47,"married","secondary","no","no","cellular","aug",222,-1,"no"
35,"married","primary","yes","no","cellular","may",135,370,"no"
38,"married","primary","yes","no","cellular","nov",551,183,"no"
45,"married","unknown","yes","no","cellular","feb",419,-1,"no"
42,"married","tertiary","yes","no","cellular","may",272,-1,"no"
42,"married","tertiary","yes","yes","cellular","may",682,347,"yes"
27,"married","secondary","no","no","cellular","feb",108,195,"no"
53,"married","tertiary","yes","no","telephone","jan",32,-1,"no"
60,"married","tertiary","no","no","cellular","aug",921,-1,"yes"
27,"single","primary","yes","yes","cellular","may",50,-1,"no"
57,"married","tertiary","yes","no","cellular","jul",185,-1,"no"
27,"single","secondary","no","yes","cellular","mar",162,179,"no"
36,"divorced","secondary","no","yes","cellular","jul",687,-1,"yes"
31,"single","secondary","yes","no","unknown","may",178,-1,"no"
38,"single","primary","yes","no","unknown","may",656,-1,"no"
30,"single","secondary","no","no","cellular","jun",189,204,"no"
32,"married","tertiary","yes","no","cellular","jul",72,-1,"no"
51,"married","tertiary","no","no","unknown","jun",42,-1,"no"
32,"married","tertiary","yes","no","cellular","jul",50,-1,"no"
49,"married","tertiary","no","no","cellular","nov",215,-1,"no"
60,"married","tertiary","no","no","cellular","oct",294,270,"yes"
27,"single","secondary","no","no","unknown","jul",650,-1,"yes"
32,"married","secondary","yes","yes","cellular","jul",168,-1,"no"
59,"married","primary","no","no","cellular","may",56,350,"no"
47,"married","secondary","yes","no","cellular","oct",158,826,"no"
39,"married","secondary","yes","no","cellular","may",566,370,"no"
46,"married","primary","yes","no","cellular","may",278,-1,"no"
46,"married","tertiary","yes","no","cellular","jun",295,-1,"no"
33,"single","primary","yes","no","cellular","may",139,-1,"no"
68,"married","tertiary","no","no","cellular","feb",279,181,"yes"
43,"married","primary","yes","no","cellular","nov",434,-1,"no"
56,"married","secondary","yes","no","cellular","may",68,-1,"no"
34,"single","secondary","yes","no","unknown","may",164,-1,"no"
31,"divorced","primary","yes","no","cellular","may",623,293,"yes"
37,"married","secondary","yes","no","cellular","apr",536,-1,"no"
57,"married","tertiary","yes","no","cellular","jul",96,-1,"no"
45,"married","tertiary","yes","no","cellular","aug",425,190,"no"
35,"married","primary","yes","no","unknown","may",71,-1,"no"
35,"married","primary","yes","no","unknown","may",199,-1,"no"
33,"single","tertiary","no","no","unknown","may",132,-1,"no"
37,"married","primary","no","no","cellular","aug",315,-1,"no"
37,"married","tertiary","yes","no","cellular","may",143,-1,"no"
35,"divorced","secondary","no","no","cellular","jul",149,-1,"no"
32,"single","secondary","no","no","cellular","may",148,-1,"yes"
37,"divorced","secondary","yes","no","unknown","jun",326,-1,"no"
30,"divorced","secondary","yes","no","cellular","aug",65,-1,"no"
33,"married","tertiary","yes","no","cellular","apr",137,-1,"no"
51,"divorced","tertiary","yes","no","cellular","jul",67,-1,"no"
33,"married","secondary","yes","no","cellular","nov",380,-1,"no"
51,"married","primary","no","no","unknown","jun",184,-1,"no"
25,"single","primary","yes","no","unknown","jun",45,-1,"no"
53,"married","tertiary","yes","no","unknown","may",103,-1,"no"
50,"married","primary","yes","no","unknown","may",114,-1,"no"
39,"married","secondary","yes","yes","cellular","apr",390,-1,"no"
37,"married","secondary","yes","no","cellular","apr",115,-1,"no"
34,"single","tertiary","yes","no","cellular","may",17,355,"no"
55,"married","secondary","no","no","cellular","aug",183,-1,"no"
32,"married","tertiary","no","no","cellular","nov",221,-1,"no"
34,"married","primary","yes","no","unknown","may",202,-1,"no"
51,"married","tertiary","yes","yes","cellular","feb",160,243,"yes"
34,"married","secondary","yes","no","unknown","may",621,-1,"no"
49,"single","tertiary","yes","no","cellular","jan",281,269,"no"
41,"married","secondary","no","no","cellular","apr",460,-1,"yes"
36,"married","secondary","yes","no","cellular","jul",72,-1,"no"
55,"married","tertiary","no","no","unknown","may",50,-1,"no"
30,"married","secondary","yes","no","cellular","nov",473,-1,"no"
33,"married","secondary","yes","no","cellular","jan",103,185,"no"
34,"married","secondary","yes","no","unknown","may",62,-1,"no"
34,"single","primary","no","no","unknown","may",136,-1,"no"
33,"single","tertiary","yes","no","unknown","may",456,-1,"no"
33,"single","secondary","no","no","cellular","nov",84,-1,"no"
37,"married","secondary","yes","yes","cellular","aug",85,-1,"no"
39,"married","secondary","yes","no","cellular","apr",237,-1,"no"
56,"married","tertiary","yes","yes","cellular","aug",173,-1,"no"
46,"married","secondary","yes","no","cellular","feb",346,180,"no"
54,"single","secondary","yes","yes","unknown","jun",242,-1,"no"
33,"single","tertiary","no","no","cellular","aug",107,-1,"no"
32,"married","secondary","yes","no","cellular","may",1237,361,"no"
35,"divorced","secondary","yes","no","cellular","jul",154,-1,"no"
42,"married","secondary","no","no","cellular","jul",250,415,"yes"
33,"divorced","secondary","no","yes","cellular","nov",183,186,"no"
51,"married","tertiary","no","no","unknown","may",183,-1,"no"
60,"married","primary","no","yes","unknown","may",125,-1,"no"
34,"married","secondary","yes","yes","unknown","may",405,-1,"no"
59,"married","secondary","no","no","cellular","aug",142,-1,"no"
26,"single","tertiary","yes","no","cellular","may",637,-1,"yes"
36,"married","tertiary","yes","no","unknown","may",204,-1,"no"
37,"single","secondary","no","no","cellular","may",121,-1,"no"
34,"divorced","secondary","yes","no","unknown","may",320,-1,"no"
34,"married","secondary","yes","no","unknown","may",252,-1,"no"
37,"married","secondary","yes","no","cellular","may",179,-1,"no"
35,"married","tertiary","yes","yes","cellular","feb",142,-1,"no"
37,"married","tertiary","yes","no","cellular","jan",246,-1,"no"
34,"single","secondary","yes","no","unknown","may",192,-1,"no"
44,"single","secondary","yes","yes","cellular","may",164,-1,"no"
32,"married","secondary","yes","no","cellular","jul",151,-1,"no"
45,"married","secondary","no","yes","cellular","apr",358,-1,"yes"
34,"married","tertiary","no","no","cellular","aug",78,-1,"no"
40,"married","tertiary","yes","no","cellular","may",262,-1,"no"
39,"married","primary","yes","no","cellular","may",299,-1,"no"
40,"divorced","secondary","yes","no","cellular","may",327,280,"no"
52,"married","secondary","yes","no","unknown","jun",175,-1,"no"
35,"married","secondary","no","yes","cellular","may",382,-1,"no"
55,"married","secondary","yes","yes","cellular","jun",106,91,"no"
41,"married","primary","yes","no","cellular","may",104,365,"no"
26,"single","secondary","yes","no","unknown","may",210,-1,"no"
44,"divorced","secondary","yes","no","cellular","may",151,370,"no"
43,"married","tertiary","no","yes","cellular","oct",124,-1,"no"
55,"single","unknown","no","no","cellular","apr",117,-1,"no"
33,"single","tertiary","yes","no","cellular","mar",201,-1,"yes"
38,"divorced","secondary","no","yes","cellular","jul",126,-1,"no"
30,"married","secondary","yes","no","cellular","nov",738,-1,"no"
56,"married","tertiary","yes","no","unknown","may",381,-1,"no"
30,"divorced","tertiary","yes","yes","cellular","may",984,343,"yes"
48,"divorced","secondary","no","no","cellular","may",127,-1,"no"
33,"married","tertiary","yes","no","cellular","may",92,-1,"no"
55,"married","tertiary","yes","yes","unknown","may",135,-1,"no"
43,"married","secondary","yes","no","unknown","may",222,-1,"no"
46,"single","tertiary","yes","no","telephone","may",36,90,"no"
32,"single","secondary","yes","yes","unknown","jun",67,-1,"no"
56,"divorced","secondary","no","yes","cellular","jul",69,-1,"no"
53,"divorced","secondary","yes","yes","cellular","apr",75,146,"no"
34,"single","tertiary","yes","no","cellular","may",160,277,"no"
56,"married","unknown","no","no","cellular","aug",179,-1,"no"
37,"married","unknown","yes","no","cellular","may",343,-1,"no"
28,"single","tertiary","no","no","cellular","apr",149,-1,"yes"
42,"married","tertiary","no","no","cellular","aug",101,-1,"no"
32,"single","secondary","yes","no","unknown","may",373,-1,"no"
41,"married","primary","no","no","telephone","nov",159,-1,"no"
34,"single","tertiary","no","no","cellular","may",93,-1,"no"
36,"divorced","secondary","no","yes","cellular","feb",131,-1,"no"
48,"married","secondary","yes","yes","cellular","may",275,-1,"no"
41,"married","primary","no","no","cellular","jul",74,-1,"no"
27,"single","tertiary","no","no","telephone","may",240,-1,"no"
39,"single","tertiary","no","no","cellular","aug",135,-1,"no"
33,"married","tertiary","no","no","cellular","apr",187,-1,"no"
50,"married","secondary","yes","no","cellular","nov",69,190,"no"
51,"married","secondary","yes","no","unknown","jun",123,-1,"no"
33,"single","tertiary","yes","no","cellular","aug",68,-1,"no"
26,"single","secondary","yes","no","unknown","may",436,-1,"no"
34,"married","tertiary","yes","no","telephone","may",57,-1,"no"
40,"married","tertiary","yes","no","unknown","jun",112,-1,"no"
37,"married","tertiary","no","no","cellular","jan",128,-1,"no"
37,"single","secondary","no","yes","cellular","feb",258,-1,"no"
52,"single","tertiary","no","no","cellular","aug",733,-1,"no"
55,"married","secondary","no","yes","cellular","jul",277,-1,"no"
42,"married","secondary","no","no","cellular","may",125,104,"no"
23,"single","secondary","yes","yes","unknown","may",163,-1,"no"
53,"married","secondary","yes","no","unknown","may",96,-1,"no"
55,"divorced","primary","no","no","cellular","jun",345,94,"yes"
35,"single","primary","yes","no","unknown","may",34,-1,"no"
54,"divorced","tertiary","yes","yes","cellular","jul",17,-1,"no"
31,"married","secondary","yes","no","unknown","may",340,-1,"no"
42,"married","tertiary","no","no","cellular","aug",92,-1,"no"
38,"married","secondary","no","no","unknown","jun",174,-1,"no"
27,"single","secondary","yes","no","unknown","may",282,-1,"no"
34,"married","secondary","yes","no","cellular","may",78,-1,"no"
47,"single","primary","no","no","cellular","nov",101,-1,"no"
29,"married","primary","yes","no","unknown","jun",235,-1,"no"
56,"married","primary","no","no","unknown","jun",84,-1,"no"
58,"married","secondary","no","no","cellular","aug",105,-1,"no"
45,"married","primary","no","no","telephone","jul",98,-1,"no"
38,"single","secondary","no","no","cellular","mar",207,-1,"yes"
25,"single","secondary","yes","no","unknown","may",66,-1,"no"
39,"divorced","tertiary","no","no","unknown","jun",134,-1,"no"
46,"divorced","secondary","yes","no","cellular","jan",83,258,"no"
34,"married","tertiary","yes","no","cellular","apr",17,25,"no"
56,"married","primary","no","no","cellular","aug",89,-1,"no"
54,"married","secondary","no","no","cellular","aug",274,-1,"no"
37,"married","secondary","yes","no","unknown","may",370,-1,"no"
54,"divorced","secondary","no","no","cellular","jul",771,-1,"no"
30,"divorced","secondary","yes","no","cellular","nov",89,175,"no"
37,"divorced","secondary","no","no","unknown","jun",104,-1,"no"
23,"single","secondary","yes","no","cellular","may",136,367,"no"
30,"single","secondary","yes","yes","unknown","may",751,-1,"yes"
33,"married","secondary","no","no","cellular","aug",72,-1,"no"
27,"married","tertiary","yes","no","cellular","jul",337,-1,"no"
39,"single","tertiary","no","no","cellular","nov",78,185,"no"
57,"married","secondary","yes","no","unknown","may",255,-1,"no"
33,"single","tertiary","yes","no","cellular","jul",71,-1,"no"
57,"married","primary","no","no","cellular","mar",94,-1,"no"
46,"married","secondary","no","no","cellular","aug",53,-1,"no"
49,"divorced","secondary","no","no","cellular","nov",93,-1,"no"
45,"married","tertiary","no","no","cellular","aug",117,-1,"no"
29,"single","primary","no","no","cellular","nov",309,208,"yes"
43,"divorced","secondary","yes","no","cellular","may",405,174,"no"
40,"married","secondary","no","no","cellular","nov",177,85,"no"
55,"married","secondary","yes","yes","unknown","may",178,-1,"no"
39,"married","primary","yes","no","unknown","may",110,-1,"no"
34,"married","primary","yes","no","unknown","jun",326,-1,"no"
31,"married","primary","yes","no","cellular","may",36,-1,"no"
46,"married","tertiary","no","no","cellular","aug",170,-1,"no"
32,"single","secondary","yes","no","unknown","may",267,-1,"no"
25,"single","secondary","yes","no","unknown","may",24,-1,"no"
36,"married","tertiary","yes","no","cellular","jul",268,-1,"no"
37,"married","primary","no","yes","telephone","jul",469,-1,"no"
43,"divorced","secondary","no","no","cellular","jul",75,-1,"no"
40,"married","tertiary","no","no","telephone","feb",1776,-1,"yes"
31,"married","secondary","yes","yes","cellular","jan",89,241,"no"
47,"married","secondary","yes","no","unknown","may",303,-1,"no"
27,"single","tertiary","no","no","cellular","jun",74,120,"yes"
48,"married","primary","no","no","cellular","aug",98,-1,"no"
57,"divorced","primary","no","no","cellular","jan",208,-1,"no"
41,"married","secondary","yes","no","cellular","jul",391,-1,"no"
35,"married","tertiary","yes","yes","cellular","apr",220,183,"no"
30,"single","secondary","yes","no","unknown","may",141,-1,"no"
48,"single","secondary","yes","yes","unknown","jun",533,-1,"no"
29,"single","tertiary","no","no","cellular","may",279,-1,"no"
35,"married","unknown","yes","no","unknown","may",147,-1,"no"
31,"married","secondary","yes","no","unknown","may",719,-1,"yes"
46,"single","secondary","yes","no","cellular","may",85,-1,"no"
35,"single","tertiary","no","yes","cellular","jan",162,205,"no"
38,"single","tertiary","yes","no","unknown","jun",124,-1,"no"
55,"married","unknown","yes","no","cellular","may",338,-1,"yes"
37,"married","secondary","yes","no","telephone","jul",280,-1,"no"
30,"married","tertiary","yes","no","unknown","jun",11,-1,"no"
38,"single","secondary","yes","no","unknown","may",193,-1,"no"
23,"single","secondary","yes","yes","unknown","may",280,-1,"no"
42,"married","primary","yes","no","unknown","may",147,-1,"no"
37,"married","tertiary","yes","no","cellular","nov",223,177,"no"
37,"married","secondary","yes","no","unknown","may",251,-1,"no"
25,"single","tertiary","yes","yes","unknown","may",738,-1,"no"
34,"married","secondary","yes","no","cellular","apr",292,-1,"no"
39,"single","unknown","no","no","unknown","jun",97,-1,"no"
46,"married","secondary","no","no","unknown","jun",155,-1,"no"
50,"married","tertiary","yes","no","cellular","jan",218,161,"no"
40,"single","secondary","yes","no","unknown","may",203,-1,"no"
38,"married","secondary","yes","no","cellular","nov",286,181,"no"
54,"married","secondary","no","no","telephone","jul",1008,-1,"yes"
45,"married","tertiary","no","no","cellular","nov",312,157,"no"
39,"married","primary","no","no","unknown","jun",1151,-1,"no"
31,"single","tertiary","no","no","cellular","jun",163,92,"yes"
36,"divorced","secondary","no","no","cellular","aug",97,-1,"no"
42,"single","secondary","yes","no","cellular","feb",198,244,"no"
32,"single","secondary","yes","no","cellular","nov",195,-1,"no"
42,"single","tertiary","no","no","cellular","nov",1662,-1,"no"
30,"married","secondary","yes","no","unknown","may",465,-1,"no"
49,"married","secondary","no","no","cellular","aug",105,-1,"no"
34,"married","primary","yes","no","cellular","may",134,350,"no"
51,"married","tertiary","no","no","cellular","aug",504,-1,"no"
48,"married","secondary","no","no","cellular","jan",221,-1,"no"
35,"single","secondary","yes","no","cellular","apr",9,-1,"no"
43,"married","primary","yes","yes","unknown","may",192,-1,"no"
49,"married","secondary","no","no","cellular","oct",260,91,"no"
35,"married","secondary","yes","no","cellular","feb",115,245,"no"
42,"married","tertiary","yes","no","unknown","jun",57,-1,"no"
52,"married","unknown","no","no","cellular","aug",164,-1,"no"
49,"married","secondary","yes","yes","cellular","may",22,-1,"no"
50,"married","secondary","no","no","cellular","jul",106,-1,"no"
59,"married","primary","no","no","cellular","aug",288,-1,"no"
25,"single","tertiary","yes","yes","cellular","jul",425,-1,"no"
46,"married","primary","no","no","cellular","jan",200,-1,"no"
40,"single","primary","yes","no","cellular","apr",8,315,"no"
51,"married","secondary","yes","no","cellular","jul",128,-1,"no"
49,"single","secondary","no","no","cellular","may",149,-1,"no"
37,"married","secondary","no","yes","cellular","aug",155,-1,"no"
24,"single","secondary","no","no","cellular","mar",411,-1,"yes"
59,"married","tertiary","no","no","cellular","may",431,-1,"yes"
52,"married","primary","no","no","unknown","jun",96,-1,"no"
26,"married","secondary","yes","no","cellular","jul",117,-1,"no"
28,"married","tertiary","yes","no","cellular","jul",602,-1,"no"
36,"single","secondary","yes","yes","cellular","may",270,347,"no"
48,"married","secondary","no","yes","cellular","jul",52,-1,"no"
35,"single","tertiary","no","no","cellular","aug",141,-1,"no"
47,"married","secondary","yes","no","cellular","jul",289,-1,"no"
44,"married","secondary","no","no","cellular","mar",57,-1,"no"
39,"married","secondary","yes","no","cellular","may",113,-1,"no"
48,"married","secondary","no","no","cellular","aug",136,-1,"no"
53,"divorced","secondary","no","yes","unknown","jun",452,-1,"no"
39,"single","tertiary","no","no","cellular","jun",160,-1,"yes"
52,"married","primary","yes","no","unknown","may",212,-1,"no"
21,"single","secondary","no","no","cellular","may",156,99,"no"
46,"single","secondary","yes","no","cellular","jun",65,96,"no"
40,"married","tertiary","yes","no","unknown","may",292,-1,"no"
42,"divorced","secondary","yes","no","unknown","may",150,-1,"no"
28,"single","secondary","yes","no","cellular","jul",68,-1,"no"
39,"married","secondary","no","no","unknown","jun",140,-1,"no"
41,"married","tertiary","no","no","cellular","aug",428,-1,"yes"
39,"married","secondary","yes","no","cellular","may",279,370,"no"
32,"single","tertiary","yes","no","cellular","may",618,-1,"yes"
53,"married","secondary","yes","no","cellular","jul",799,-1,"no"
34,"married","secondary","yes","no","cellular","jul",143,-1,"no"
31,"married","secondary","yes","no","cellular","aug",515,-1,"no"
37,"married","tertiary","no","no","cellular","feb",262,274,"no"
32,"married","tertiary","no","no","cellular","aug",271,-1,"no"
53,"married","secondary","yes","no","cellular","jul",81,-1,"no"
64,"married","secondary","no","no","cellular","aug",68,-1,"no"
31,"single","tertiary","yes","no","unknown","may",943,-1,"yes"
35,"single","secondary","yes","no","unknown","jun",43,-1,"no"
64,"married","tertiary","no","no","cellular","aug",479,-1,"yes"
68,"divorced","primary","no","no","cellular","jun",619,92,"yes"
69,"married","secondary","no","no","cellular","sep",925,187,"no"
38,"married","primary","yes","no","unknown","may",201,-1,"no"
32,"single","tertiary","no","no","cellular","apr",232,348,"yes"
48,"married","primary","yes","no","unknown","may",198,-1,"no"
39,"divorced","secondary","no","no","cellular","aug",1028,-1,"no"
48,"married","secondary","no","no","cellular","aug",238,-1,"no"
45,"married","secondary","yes","no","cellular","feb",122,-1,"no"
58,"married","secondary","no","no","unknown","jun",141,-1,"no"
49,"married","secondary","yes","no","cellular","jul",28,-1,"no"
27,"divorced","secondary","no","yes","cellular","jul",227,-1,"no"
42,"married","primary","yes","no","cellular","jul",112,-1,"no"
27,"single","secondary","yes","no","cellular","may",165,-1,"no"
29,"single","secondary","yes","no","cellular","apr",218,340,"no"
34,"single","tertiary","yes","no","cellular","jul",198,-1,"no"
39,"single","tertiary","yes","no","cellular","feb",251,242,"no"
61,"married","secondary","no","no","cellular","oct",154,181,"no"
23,"single","secondary","no","no","cellular","aug",162,-1,"no"
54,"married","tertiary","no","no","unknown","jun",222,-1,"no"
47,"divorced","secondary","yes","no","cellular","may",299,-1,"no"
26,"single","tertiary","yes","no","unknown","may",108,-1,"no"
44,"married","secondary","yes","yes","cellular","may",158,350,"no"
49,"married","secondary","yes","no","cellular","may",272,293,"no"
42,"married","unknown","no","yes","cellular","nov",45,-1,"no"
47,"married","tertiary","no","yes","cellular","nov",89,97,"yes"
29,"single","tertiary","no","no","cellular","jul",273,433,"yes"
26,"married","secondary","no","no","cellular","jul",139,-1,"no"
30,"married","tertiary","no","no","cellular","aug",199,-1,"no"
55,"married","secondary","no","no","cellular","aug",99,-1,"no"
62,"married","secondary","no","no","telephone","apr",155,-1,"no"
26,"single","secondary","no","no","cellular","jul",9,-1,"no"
27,"married","secondary","yes","no","unknown","may",352,-1,"no"
62,"married","secondary","no","no","cellular","apr",147,188,"no"
32,"married","tertiary","no","no","cellular","aug",93,104,"no"
30,"divorced","primary","yes","no","cellular","may",18,-1,"no"
51,"married","tertiary","no","no","cellular","may",414,-1,"no"
57,"married","unknown","no","no","cellular","jan",126,-1,"no"
36,"single","secondary","yes","no","cellular","jul",77,-1,"no"
50,"divorced","secondary","no","no","cellular","feb",184,-1,"no"
36,"married","tertiary","yes","no","cellular","nov",116,154,"no"
31,"single","tertiary","no","no","cellular","aug",63,-1,"no"
41,"married","secondary","no","no","cellular","aug",327,-1,"no"
32,"married","secondary","yes","no","cellular","jul",229,-1,"no"
69,"divorced","secondary","no","no","cellular","jan",185,92,"no"
50,"married","secondary","yes","no","cellular","aug",203,-1,"no"
26,"married","tertiary","yes","yes","unknown","may",28,-1,"no"
52,"married","secondary","yes","no","unknown","may",74,-1,"no"
52,"married","secondary","yes","yes","cellular","may",108,-1,"no"
46,"married","tertiary","yes","yes","cellular","nov",106,-1,"no"
39,"married","tertiary","no","no","unknown","jun",77,-1,"no"
38,"married","unknown","no","no","cellular","mar",261,-1,"yes"
40,"married","secondary","yes","no","unknown","may",127,-1,"no"
51,"divorced","tertiary","yes","no","cellular","jul",177,-1,"no"
44,"married","tertiary","no","no","telephone","nov",274,-1,"no"
27,"single","primary","no","yes","cellular","jul",447,-1,"no"
49,"divorced","tertiary","no","no","cellular","aug",165,-1,"no"
58,"married","secondary","yes","no","unknown","may",348,-1,"no"
33,"married","secondary","yes","yes","cellular","jul",85,-1,"no"
40,"married","secondary","yes","no","cellular","apr",74,256,"no"
40,"married","secondary","yes","yes","unknown","may",257,-1,"no"
41,"married","secondary","no","no","cellular","jul",140,-1,"no"
39,"single","tertiary","no","no","unknown","jun",44,-1,"no"
21,"single","secondary","no","no","cellular","aug",197,-1,"no"
41,"divorced","tertiary","no","no","unknown","may",57,-1,"no"
55,"married","secondary","yes","no","unknown","jun",69,-1,"no"
21,"single","unknown","no","no","cellular","may",131,-1,"yes"
60,"married","secondary","no","no","cellular","dec",190,188,"yes"
36,"divorced","secondary","yes","no","unknown","may",152,-1,"no"
64,"married","secondary","no","no","telephone","jul",301,-1,"yes"
58,"married","tertiary","no","no","cellular","aug",58,-1,"no"
37,"married","secondary","yes","no","cellular","nov",51,-1,"no"
48,"married","primary","yes","no","unknown","jun",257,-1,"no"
54,"divorced","tertiary","yes","no","cellular","nov",257,-1,"no"
27,"single","secondary","yes","no","unknown","may",733,-1,"yes"
37,"married","secondary","yes","no","cellular","may",68,363,"no"
53,"divorced","primary","yes","no","unknown","may",175,-1,"no"
37,"single","secondary","yes","no","cellular","jul",300,-1,"no"
27,"divorced","secondary","yes","no","cellular","jul",116,-1,"no"
53,"married","tertiary","no","yes","cellular","nov",59,-1,"no"
31,"single","secondary","yes","no","unknown","jun",329,-1,"no"
46,"married","secondary","no","no","unknown","jun",252,-1,"no"
33,"single","tertiary","no","no","cellular","jan",233,-1,"no"
31,"single","tertiary","no","no","unknown","may",206,-1,"no"
31,"single","tertiary","no","no","cellular","nov",86,-1,"no"
30,"married","tertiary","no","no","cellular","aug",976,-1,"yes"
43,"married","secondary","yes","yes","unknown","may",226,-1,"no"
34,"married","secondary","yes","no","unknown","may",99,-1,"no"
26,"single","secondary","yes","no","unknown","may",302,-1,"no"
36,"married","tertiary","no","no","cellular","jul",106,-1,"no"
36,"married","tertiary","no","no","unknown","jun",11,-1,"no"
33,"single","primary","no","no","telephone","jul",83,-1,"no"
55,"married","secondary","yes","yes","cellular","apr",124,150,"no"
45,"divorced","tertiary","no","no","cellular","jul",365,-1,"yes"
54,"married","secondary","yes","no","cellular","jul",448,-1,"no"
43,"single","tertiary","no","no","cellular","aug",73,-1,"no"
31,"single","primary","yes","yes","cellular","nov",470,-1,"no"
43,"single","secondary","yes","no","cellular","jul",62,-1,"no"
44,"single","tertiary","yes","no","cellular","apr",1232,146,"yes"
46,"divorced","tertiary","yes","no","cellular","may",118,374,"no"
34,"single","secondary","no","no","unknown","jun",247,-1,"no"
31,"single","tertiary","no","no","cellular","aug",117,-1,"no"
52,"married","primary","yes","no","unknown","may",560,-1,"no"
40,"married","tertiary","no","no","cellular","aug",737,-1,"yes"
40,"divorced","tertiary","yes","no","telephone","may",330,-1,"no"
39,"married","tertiary","yes","no","cellular","sep",157,486,"no"
33,"divorced","tertiary","yes","yes","cellular","may",163,350,"no"
34,"married","secondary","yes","no","cellular","may",208,365,"no"
32,"married","tertiary","no","no","unknown","may",280,-1,"no"
36,"single","secondary","no","no","unknown","jun",355,-1,"no"
38,"single","secondary","yes","no","unknown","may",185,-1,"no"
35,"married","secondary","no","no","unknown","jun",25,-1,"no"
38,"married","tertiary","yes","no","cellular","may",17,-1,"no"
29,"single","secondary","yes","no","unknown","may",208,-1,"no"
39,"single","tertiary","no","no","cellular","feb",543,189,"yes"
37,"married","secondary","no","no","telephone","nov",217,-1,"no"
32,"married","secondary","yes","no","cellular","jul",76,-1,"no"
47,"married","secondary","yes","no","cellular","aug",99,-1,"no"
34,"married","tertiary","no","no","cellular","apr",113,37,"no"
31,"single","tertiary","no","no","cellular","nov",597,-1,"no"
39,"married","secondary","yes","no","cellular","nov",96,182,"no"
30,"single","secondary","no","no","cellular","apr",90,-1,"no"
31,"single","secondary","yes","no","cellular","may",415,360,"no"
59,"married","secondary","no","no","cellular","aug",108,-1,"no"
30,"married","tertiary","yes","no","cellular","jul",67,-1,"no"
51,"divorced","secondary","yes","no","unknown","may",59,-1,"no"
44,"married","tertiary","yes","no","cellular","jul",72,-1,"no"
35,"single","secondary","yes","no","cellular","may",195,301,"no"
40,"married","primary","yes","no","unknown","may",298,-1,"no"
52,"divorced","secondary","no","no","cellular","nov",77,-1,"no"
41,"married","secondary","yes","no","unknown","may",121,-1,"no"
32,"married","primary","no","no","unknown","jun",389,-1,"no"
31,"married","secondary","no","no","cellular","feb",119,175,"no"
32,"single","primary","yes","yes","cellular","may",305,-1,"no"
42,"married","secondary","yes","yes","unknown","may",363,-1,"no"
53,"married","secondary","no","no","cellular","feb",20,-1,"no"
35,"single","tertiary","no","no","cellular","aug",135,-1,"no"
57,"married","tertiary","yes","yes","unknown","jun",512,-1,"no"
48,"married","primary","no","yes","cellular","aug",90,-1,"no"
54,"divorced","secondary","yes","no","cellular","jul",197,-1,"no"
41,"married","secondary","yes","no","cellular","jul",40,-1,"no"
32,"single","tertiary","yes","no","cellular","may",213,264,"no"
36,"married","tertiary","yes","no","unknown","may",475,-1,"no"
58,"married","secondary","no","no","cellular","aug",251,-1,"no"
38,"divorced","primary","yes","yes","unknown","may",118,-1,"no"
37,"married","tertiary","no","no","unknown","jun",227,-1,"no"
36,"married","tertiary","yes","yes","cellular","jul",1269,-1,"no"
22,"single","secondary","yes","no","unknown","may",123,-1,"no"
35,"single","secondary","yes","no","cellular","may",371,305,"no"
31,"married","secondary","no","no","cellular","aug",79,-1,"no"
32,"divorced","primary","yes","no","unknown","may",17,-1,"no"
29,"single","tertiary","no","no","cellular","mar",175,-1,"yes"
40,"married","secondary","no","no","telephone","oct",19,-1,"no"
30,"married","primary","yes","yes","cellular","may",305,294,"no"
54,"married","secondary","no","yes","cellular","nov",61,145,"no"
30,"single","secondary","no","no","cellular","jan",808,-1,"yes"
49,"married","primary","no","no","cellular","jul",128,-1,"no"
50,"married","primary","no","yes","telephone","jul",160,-1,"no"
60,"married","tertiary","no","yes","unknown","jun",264,-1,"no"
39,"divorced","secondary","no","no","unknown","may",121,-1,"no"
31,"single","tertiary","yes","yes","cellular","jul",82,-1,"no"
35,"married","secondary","no","yes","unknown","jun",50,-1,"no"
35,"married","unknown","no","no","unknown","jun",495,-1,"no"
33,"married","secondary","yes","no","cellular","may",37,-1,"no"
56,"married","primary","no","no","telephone","jul",31,-1,"no"
41,"married","tertiary","yes","no","cellular","jul",783,-1,"no"
59,"married","tertiary","no","no","telephone","aug",91,-1,"no"
39,"married","secondary","yes","no","cellular","nov",139,92,"no"
41,"married","unknown","no","yes","cellular","jul",210,-1,"no"
23,"single","secondary","yes","no","unknown","may",139,-1,"no"
82,"divorced","unknown","no","no","telephone","sep",277,-1,"no"
35,"married","secondary","yes","no","cellular","jul",395,-1,"no"
29,"single","tertiary","yes","no","unknown","may",496,-1,"no"
47,"married","tertiary","no","no","cellular","aug",488,-1,"no"
38,"married","secondary","no","no","unknown","jun",72,-1,"no"
36,"married","secondary","yes","no","telephone","nov",29,-1,"no"
60,"married","primary","no","no","telephone","apr",102,-1,"no"
58,"single","secondary","no","yes","cellular","jul",643,-1,"no"
38,"divorced","secondary","yes","no","cellular","feb",197,274,"no"
44,"married","primary","yes","yes","unknown","may",181,-1,"no"
32,"married","secondary","yes","no","unknown","may",665,-1,"no"
56,"married","primary","no","no","telephone","oct",99,102,"no"
34,"married","tertiary","no","no","cellular","aug",197,-1,"no"
36,"married","primary","yes","no","cellular","may",774,301,"yes"
50,"married","primary","no","no","cellular","aug",101,-1,"no"
38,"married","tertiary","yes","no","telephone","nov",25,-1,"no"
37,"single","secondary","no","yes","unknown","jun",64,-1,"no"
28,"single","secondary","yes","no","cellular","may",158,350,"no"
51,"married","tertiary","yes","yes","cellular","nov",191,189,"no"
43,"married","tertiary","no","no","cellular","aug",254,-1,"yes"
27,"single","secondary","no","no","cellular","may",242,-1,"yes"
69,"married","secondary","no","no","cellular","oct",1580,-1,"no"
47,"married","secondary","no","no","cellular","jul",415,342,"yes"
81,"divorced","primary","no","no","cellular","aug",163,-1,"no"
43,"married","tertiary","yes","no","unknown","may",386,-1,"no"
30,"married","secondary","no","yes","unknown","may",50,-1,"no"
36,"single","primary","no","yes","unknown","jun",168,-1,"no"
61,"single","tertiary","no","no","cellular","aug",131,114,"yes"
63,"married","secondary","no","no","cellular","oct",143,-1,"no"
45,"married","primary","yes","no","telephone","jul",90,-1,"no"
27,"single","tertiary","yes","no","cellular","jul",764,-1,"yes"
54,"married","primary","no","no","cellular","aug",387,-1,"no"
58,"married","primary","no","no","cellular","jun",295,287,"yes"
55,"divorced","tertiary","no","no","cellular","aug",309,-1,"yes"
44,"married","tertiary","yes","no","cellular","jul",292,251,"no"
65,"married","primary","no","no","cellular","oct",371,-1,"yes"
40,"married","tertiary","yes","no","cellular","apr",101,-1,"no"
29,"single","secondary","no","no","cellular","feb",110,-1,"no"
39,"married","primary","yes","no","cellular","may",182,366,"no"
40,"single","primary","no","no","unknown","jun",18,-1,"no"
38,"married","secondary","no","no","cellular","jul",624,-1,"no"
35,"married","secondary","no","no","cellular","jul",339,-1,"no"
23,"single","secondary","no","no","cellular","nov",242,85,"no"
43,"married","primary","no","no","cellular","aug",448,-1,"no"
33,"single","tertiary","yes","no","unknown","may",364,-1,"no"
45,"single","secondary","yes","no","cellular","aug",142,-1,"no"
44,"married","primary","no","no","cellular","jan",229,-1,"no"
37,"married","secondary","yes","no","cellular","jul",906,-1,"no"
73,"married","secondary","no","no","cellular","apr",184,185,"no"
31,"single","tertiary","no","yes","cellular","feb",401,8,"no"
32,"single","primary","no","yes","cellular","nov",418,-1,"no"
54,"married","secondary","no","no","cellular","aug",81,-1,"no"
42,"single","secondary","yes","no","unknown","may",275,-1,"no"
45,"married","tertiary","no","no","cellular","aug",163,-1,"no"
78,"married","primary","no","no","telephone","may",97,-1,"no"
43,"married","tertiary","yes","yes","cellular","jul",228,-1,"no"
36,"married","tertiary","no","no","unknown","may",121,-1,"no"
39,"divorced","secondary","no","no","cellular","sep",574,-1,"yes"
46,"married","secondary","yes","yes","telephone","feb",86,259,"no"
50,"married","secondary","yes","no","cellular","aug",226,-1,"no"
57,"married","secondary","yes","no","cellular","jul",143,-1,"no"
29,"single","secondary","yes","no","cellular","apr",88,-1,"no"
21,"single","primary","no","no","telephone","jan",287,285,"yes"
50,"single","secondary","yes","no","unknown","may",187,-1,"no"
27,"married","secondary","yes","yes","unknown","may",857,-1,"yes"
41,"married","primary","yes","no","unknown","may",590,-1,"no"
35,"single","tertiary","no","no","cellular","aug",81,-1,"no"
42,"married","tertiary","yes","yes","unknown","may",162,-1,"no"
50,"married","secondary","no","no","unknown","jun",882,-1,"yes"
55,"married","primary","no","no","telephone","jul",106,-1,"no"
31,"single","secondary","no","no","cellular","aug",6,-1,"no"
37,"married","secondary","yes","no","unknown","may",96,-1,"no"
58,"married","tertiary","no","yes","cellular","jul",207,-1,"no"
35,"married","primary","yes","no","unknown","may",173,-1,"no"
47,"single","secondary","no","no","cellular","jul",397,-1,"no"
37,"married","secondary","yes","no","cellular","apr",921,263,"no"
39,"single","secondary","yes","yes","cellular","feb",14,-1,"no"
55,"married","tertiary","no","no","cellular","nov",252,-1,"no"
63,"divorced","primary","no","no","cellular","mar",71,-1,"no"
35,"married","secondary","yes","no","cellular","jul",287,415,"yes"
47,"married","tertiary","no","no","cellular","aug",71,-1,"no"
33,"married","tertiary","no","no","cellular","aug",1258,-1,"yes"
36,"single","tertiary","no","no","cellular","aug",111,-1,"no"
41,"married","unknown","yes","no","unknown","may",142,-1,"no"
34,"married","secondary","yes","yes","unknown","may",150,-1,"no"
35,"single","secondary","yes","no","cellular","may",148,362,"no"
48,"married","secondary","no","no","cellular","jul",240,-1,"no"
36,"divorced","tertiary","yes","no","cellular","jul",182,-1,"no"
33,"married","primary","yes","yes","cellular","may",253,-1,"no"
42,"married","tertiary","yes","no","cellular","jul",133,-1,"no"
45,"married","secondary","no","no","cellular","jul",129,-1,"no"
40,"divorced","tertiary","no","no","cellular","jul",357,-1,"no"
32,"married","secondary","yes","yes","cellular","may",251,-1,"no"
34,"divorced","secondary","no","no","cellular","nov",108,-1,"no"
34,"married","tertiary","yes","no","cellular","aug",126,-1,"no"
36,"single","secondary","no","no","cellular","jan",632,228,"no"
58,"married","tertiary","no","no","unknown","jun",22,-1,"no"
30,"married","secondary","yes","no","cellular","may",129,359,"no"
44,"married","secondary","yes","no","unknown","jun",120,-1,"no"
50,"married","secondary","yes","yes","unknown","may",860,-1,"no"
51,"married","secondary","no","yes","cellular","jul",217,-1,"no"
23,"single","secondary","yes","no","unknown","may",229,-1,"no"
47,"divorced","secondary","no","yes","unknown","jul",104,-1,"no"
33,"married","tertiary","no","no","unknown","jun",141,-1,"no"
24,"single","secondary","yes","no","unknown","may",125,-1,"no"
44,"divorced","tertiary","yes","no","unknown","may",333,-1,"no"
50,"married","secondary","yes","yes","cellular","jul",73,-1,"no"
36,"divorced","secondary","no","no","unknown","jun",152,-1,"no"
35,"single","tertiary","no","no","cellular","jan",91,-1,"no"
50,"married","secondary","yes","yes","unknown","may",234,-1,"no"
56,"divorced","secondary","no","yes","cellular","jul",240,-1,"no"
38,"married","tertiary","yes","no","cellular","apr",90,-1,"no"
37,"married","primary","no","yes","telephone","jul",265,-1,"no"
37,"married","secondary","yes","no","unknown","may",250,-1,"no"
33,"married","secondary","yes","yes","unknown","may",231,-1,"no"
55,"divorced","tertiary","no","no","cellular","jul",156,-1,"no"
26,"single","secondary","yes","no","unknown","may",576,-1,"yes"
37,"single","tertiary","no","no","cellular","apr",294,-1,"no"
30,"single","tertiary","no","no","cellular","apr",162,-1,"no"
32,"single","tertiary","no","no","cellular","aug",114,-1,"no"
51,"married","primary","yes","yes","cellular","feb",69,-1,"no"
35,"single","secondary","yes","no","unknown","may",520,-1,"no"
59,"divorced","secondary","no","no","cellular","feb",117,-1,"no"
39,"married","secondary","no","no","cellular","jul",551,-1,"no"
48,"single","secondary","no","no","cellular","aug",97,-1,"no"
26,"single","tertiary","no","no","telephone","feb",371,-1,"no"
56,"married","tertiary","no","no","cellular","nov",305,-1,"no"
29,"single","tertiary","yes","yes","cellular","may",827,329,"no"
39,"married","secondary","yes","yes","unknown","jun",193,-1,"no"
71,"married","secondary","no","no","telephone","jun",80,71,"no"
29,"single","tertiary","no","no","cellular","apr",196,86,"no"
49,"married","primary","no","no","unknown","may",59,-1,"no"
47,"married","primary","yes","no","unknown","may",374,-1,"no"
40,"married","secondary","yes","no","unknown","may",1252,-1,"yes"
31,"married","secondary","yes","no","cellular","may",236,-1,"no"
35,"married","tertiary","no","no","cellular","aug",286,-1,"no"
28,"single","tertiary","yes","no","unknown","jun",204,-1,"no"
75,"married","primary","no","no","cellular","sep",532,188,"yes"
48,"married","unknown","no","no","cellular","aug",104,-1,"no"
31,"married","secondary","yes","no","unknown","may",192,-1,"no"
38,"married","unknown","yes","no","cellular","may",437,351,"no"
46,"married","secondary","yes","yes","unknown","may",236,-1,"no"
41,"married","primary","yes","no","cellular","apr",370,282,"no"
37,"divorced","tertiary","yes","yes","cellular","nov",134,-1,"no"
38,"divorced","secondary","no","no","cellular","jan",164,92,"yes"
33,"single","secondary","yes","no","cellular","may",179,374,"no"
39,"divorced","primary","yes","no","cellular","nov",56,-1,"no"
35,"married","secondary","no","no","cellular","mar",237,-1,"yes"
38,"married","tertiary","yes","no","cellular","apr",444,-1,"no"
47,"married","primary","yes","no","unknown","jun",754,-1,"no"
27,"single","secondary","no","no","cellular","feb",352,216,"no"
37,"single","primary","yes","no","telephone","may",66,356,"no"
44,"married","secondary","no","no","cellular","feb",105,-1,"no"
28,"married","secondary","yes","no","cellular","may",196,-1,"no"
43,"divorced","tertiary","yes","yes","unknown","may",254,-1,"no"
53,"married","primary","no","no","cellular","jul",817,209,"yes"
32,"married","primary","yes","no","cellular","may",391,-1,"no"
57,"divorced","secondary","yes","no","unknown","may",71,-1,"no"
47,"married","tertiary","no","no","telephone","jul",141,-1,"no"
59,"divorced","secondary","no","yes","cellular","aug",108,-1,"no"
45,"married","secondary","yes","no","cellular","nov",141,-1,"no"
55,"divorced","primary","no","no","unknown","jun",655,-1,"no"
44,"married","secondary","yes","no","unknown","jun",23,-1,"no"
36,"married","secondary","yes","no","cellular","mar",498,179,"yes"
40,"divorced","secondary","no","no","cellular","jul",63,-1,"no"
52,"married","secondary","yes","yes","cellular","nov",89,-1,"no"
29,"married","secondary","no","no","cellular","jul",126,-1,"no"
47,"married","secondary","yes","no","cellular","may",166,285,"no"
58,"married","tertiary","yes","no","cellular","aug",124,-1,"no"
33,"single","tertiary","yes","no","cellular","feb",72,-1,"no"
25,"married","secondary","yes","no","unknown","may",859,-1,"no"
59,"married","primary","yes","no","unknown","may",55,-1,"no"
37,"single","tertiary","yes","no","cellular","apr",114,152,"no"
57,"divorced","secondary","no","no","cellular","aug",480,-1,"yes"
32,"married","secondary","yes","no","cellular","may",451,-1,"no"
35,"married","secondary","yes","yes","unknown","may",1343,-1,"yes"
36,"single","secondary","yes","no","cellular","may",194,-1,"no"
42,"married","unknown","yes","no","telephone","jul",329,-1,"no"
51,"married","primary","no","no","telephone","mar",450,181,"yes"
31,"divorced","tertiary","yes","no","unknown","may",206,-1,"no"
57,"divorced","secondary","yes","no","cellular","nov",68,-1,"no"
48,"single","unknown","no","no","cellular","sep",1440,458,"yes"
56,"married","secondary","no","yes","cellular","jul",77,-1,"no"
47,"married","secondary","yes","no","unknown","may",42,-1,"no"
62,"married","tertiary","no","no","cellular","aug",185,-1,"yes"
40,"married","tertiary","yes","no","cellular","jul",1720,-1,"no"
41,"married","tertiary","yes","no","cellular","may",101,291,"no"
32,"married","unknown","yes","no","unknown","may",523,-1,"no"
47,"married","primary","yes","no","telephone","jul",102,-1,"no"
49,"married","secondary","no","yes","telephone","jul",317,-1,"no"
36,"married","tertiary","yes","yes","unknown","may",426,-1,"no"
55,"divorced","secondary","no","no","cellular","oct",467,184,"yes"
37,"married","secondary","yes","no","cellular","nov",1210,171,"yes"
50,"married","unknown","no","no","cellular","aug",307,-1,"no"
38,"divorced","secondary","yes","no","cellular","aug",108,102,"no"
28,"single","secondary","no","yes","cellular","jul",140,-1,"no"
41,"single","secondary","no","no","cellular","jan",125,-1,"no"
42,"married","unknown","yes","no","unknown","may",107,-1,"no"
58,"divorced","tertiary","no","no","cellular","aug",231,-1,"no"
32,"married","secondary","yes","no","unknown","may",202,-1,"no"
30,"married","tertiary","yes","no","cellular","mar",172,-1,"no"
42,"divorced","secondary","yes","no","cellular","apr",136,-1,"no"
35,"married","secondary","yes","no","unknown","jul",197,-1,"no"
41,"married","secondary","no","no","cellular","aug",113,-1,"no"
43,"divorced","tertiary","yes","no","unknown","may",123,-1,"no"
53,"married","tertiary","yes","no","unknown","may",48,-1,"no"
75,"married","primary","no","no","telephone","aug",195,-1,"no"
35,"married","tertiary","yes","no","cellular","nov",72,-1,"no"
38,"married","tertiary","yes","no","cellular","jul",62,-1,"no"
58,"married","secondary","no","no","cellular","jul",206,-1,"no"
32,"single","tertiary","yes","yes","unknown","jun",450,-1,"no"
55,"single","tertiary","yes","no","unknown","may",693,-1,"no"
32,"single","secondary","yes","no","unknown","may",48,-1,"no"
33,"divorced","secondary","yes","no","cellular","may",177,-1,"no"
64,"married","primary","no","no","telephone","aug",67,-1,"no"
57,"married","tertiary","no","no","cellular","jul",449,-1,"no"
42,"single","unknown","yes","no","cellular","may",10,354,"no"
56,"married","secondary","no","no","cellular","aug",17,-1,"no"
39,"single","secondary","yes","no","unknown","may",342,-1,"no"
36,"married","tertiary","yes","no","cellular","may",167,299,"no"
48,"married","secondary","yes","no","telephone","apr",70,-1,"no"
30,"single","primary","no","yes","cellular","feb",316,-1,"no"
37,"married","tertiary","yes","no","cellular","nov",77,-1,"no"
37,"single","tertiary","yes","no","cellular","may",358,260,"no"
46,"divorced","secondary","yes","yes","cellular","jan",305,-1,"no"
50,"married","secondary","yes","no","cellular","jul",115,-1,"no"
42,"single","primary","yes","no","cellular","may",174,-1,"no"
54,"married","tertiary","no","no","cellular","jul",250,-1,"no"
29,"single","tertiary","no","no","unknown","jul",143,-1,"no"
32,"single","secondary","yes","no","cellular","feb",71,-1,"no"
35,"married","secondary","yes","no","cellular","apr",182,292,"no"
58,"married","secondary","no","no","cellular","aug",235,-1,"no"
50,"married","primary","yes","no","cellular","nov",615,34,"yes"
48,"married","tertiary","no","no","cellular","aug",58,-1,"no"
34,"divorced","tertiary","yes","no","cellular","may",378,-1,"no"
56,"married","tertiary","no","no","cellular","aug",124,-1,"no"
43,"married","primary","yes","no","unknown","may",102,-1,"no"
50,"married","tertiary","yes","no","unknown","may",150,-1,"no"
38,"married","secondary","no","no","cellular","sep",387,-1,"yes"
36,"divorced","secondary","yes","no","cellular","jul",354,-1,"no"
53,"married","primary","yes","yes","cellular","feb",195,251,"no"
51,"married","secondary","no","yes","cellular","nov",365,-1,"no"
53,"divorced","secondary","no","yes","telephone","dec",119,-1,"yes"
23,"single","primary","yes","no","unknown","may",395,-1,"yes"
30,"married","secondary","yes","no","cellular","nov",566,-1,"yes"
37,"divorced","tertiary","yes","no","cellular","apr",240,-1,"no"
46,"divorced","secondary","no","yes","telephone","oct",270,-1,"yes"
41,"divorced","secondary","yes","no","cellular","nov",103,-1,"no"
33,"married","tertiary","no","no","cellular","aug",1109,-1,"yes"
37,"married","secondary","no","no","cellular","aug",154,-1,"no"
54,"married","tertiary","no","yes","cellular","jan",242,184,"no"
45,"married","secondary","yes","no","cellular","nov",283,-1,"yes"
46,"married","tertiary","no","no","cellular","sep",56,-1,"no"
57,"divorced","secondary","no","yes","cellular","jul",165,-1,"no"
40,"married","primary","no","no","cellular","jul",264,-1,"no"
27,"married","secondary","yes","no","unknown","may",243,-1,"no"
78,"married","unknown","no","no","telephone","oct",1002,-1,"yes"
33,"married","tertiary","no","no","cellular","aug",82,-1,"no"
46,"married","primary","no","yes","telephone","feb",436,-1,"yes"
48,"married","primary","yes","yes","unknown","may",145,-1,"no"
32,"married","secondary","no","no","cellular","aug",50,-1,"no"
50,"married","tertiary","yes","no","cellular","apr",6,-1,"no"
31,"single","tertiary","no","no","cellular","feb",73,-1,"no"
32,"married","tertiary","no","no","cellular","aug",232,-1,"yes"
45,"married","secondary","no","no","unknown","jun",126,-1,"no"
26,"single","secondary","no","no","cellular","jan",706,-1,"no"
70,"married","primary","no","no","cellular","oct",692,-1,"no"
52,"married","secondary","yes","no","cellular","feb",180,200,"no"
30,"married","secondary","no","no","cellular","aug",105,-1,"no"
35,"single","secondary","no","no","cellular","aug",519,-1,"yes"
56,"married","secondary","yes","yes","cellular","feb",15,190,"no"
32,"married","secondary","yes","no","cellular","nov",500,133,"yes"
52,"divorced","tertiary","no","no","cellular","jun",210,-1,"yes"
34,"married","secondary","yes","no","cellular","nov",248,-1,"no"
26,"married","secondary","yes","no","unknown","may",16,-1,"no"
25,"single","tertiary","no","no","cellular","apr",458,-1,"yes"
37,"divorced","secondary","yes","no","cellular","may",182,-1,"no"
33,"married","tertiary","no","no","cellular","nov",107,105,"no"
36,"single","secondary","no","no","unknown","nov",71,378,"yes"
27,"single","secondary","no","no","cellular","feb",590,-1,"no"
42,"married","primary","yes","no","unknown","may",214,-1,"no"
31,"single","tertiary","no","no","cellular","sep",365,94,"yes"
60,"single","secondary","no","no","cellular","aug",40,-1,"no"
39,"divorced","tertiary","no","yes","cellular","jul",85,-1,"no"
29,"single","secondary","yes","no","cellular","may",174,361,"no"
42,"married","secondary","yes","no","unknown","may",166,-1,"no"
30,"single","tertiary","yes","no","unknown","jun",124,-1,"no"
30,"single","secondary","yes","yes","unknown","may",141,-1,"no"
35,"married","tertiary","no","no","cellular","jul",179,-1,"no"
32,"divorced","primary","yes","no","unknown","may",204,-1,"no"
39,"divorced","secondary","yes","no","unknown","jun",10,-1,"no"
50,"married","secondary","yes","no","unknown","may",31,-1,"no"
44,"divorced","secondary","yes","no","unknown","may",429,-1,"no"
35,"single","tertiary","no","no","cellular","jul",167,-1,"no"
48,"single","tertiary","no","no","cellular","aug",320,-1,"no"
50,"married","secondary","yes","no","unknown","may",92,-1,"no"
38,"single","secondary","no","yes","cellular","nov",166,-1,"no"
29,"single","secondary","no","no","cellular","mar",217,184,"no"
34,"single","secondary","yes","no","unknown","may",39,-1,"no"
38,"married","secondary","no","no","cellular","aug",48,-1,"no"
33,"single","tertiary","yes","no","cellular","may",91,356,"no"
51,"married","secondary","no","no","cellular","nov",173,-1,"no"
35,"married","secondary","yes","no","cellular","jan",331,-1,"no"
41,"married","secondary","yes","no","unknown","may",154,-1,"no"
50,"married","secondary","yes","no","cellular","may",245,366,"no"
57,"divorced","tertiary","no","no","cellular","jan",456,197,"no"
37,"divorced","secondary","yes","no","cellular","may",297,-1,"no"
28,"single","tertiary","yes","no","cellular","jan",228,262,"no"
23,"single","primary","yes","yes","unknown","may",115,-1,"no"
25,"single","secondary","no","no","cellular","jun",1207,385,"yes"
38,"married","primary","yes","no","telephone","may",689,-1,"yes"
25,"single","secondary","yes","no","unknown","may",244,-1,"no"
55,"married","primary","yes","no","telephone","may",15,348,"no"
36,"single","tertiary","yes","yes","cellular","jul",102,-1,"no"
59,"married","primary","no","no","cellular","jun",123,-1,"no"
40,"divorced","secondary","yes","no","cellular","jul",189,-1,"no"
30,"married","secondary","yes","no","cellular","may",124,167,"no"
47,"married","secondary","no","no","cellular","apr",159,-1,"no"
50,"married","secondary","yes","no","unknown","may",94,-1,"no"
57,"married","tertiary","no","no","unknown","jun",21,-1,"no"
42,"divorced","secondary","no","no","cellular","jul",226,-1,"no"
51,"married","secondary","yes","yes","unknown","may",121,-1,"no"
36,"single","tertiary","yes","yes","cellular","nov",10,-1,"no"
59,"married","secondary","no","no","telephone","nov",547,-1,"no"
45,"married","secondary","no","no","cellular","may",113,182,"no"
65,"married","tertiary","no","no","telephone","feb",290,92,"yes"
59,"married","primary","no","no","cellular","aug",88,-1,"no"
30,"single","tertiary","yes","no","cellular","dec",158,-1,"no"
39,"single","secondary","yes","no","unknown","jun",296,-1,"no"
26,"single","tertiary","no","yes","unknown","jul",502,-1,"no"
28,"single","secondary","no","no","unknown","may",144,-1,"no"
35,"single","tertiary","yes","no","cellular","may",157,254,"no"
59,"divorced","primary","yes","no","cellular","jun",132,389,"no"
41,"married","secondary","yes","no","unknown","jun",66,-1,"no"
42,"divorced","tertiary","no","yes","cellular","jul",87,-1,"no"
33,"single","secondary","yes","no","cellular","apr",30,-1,"no"
28,"married","secondary","yes","no","cellular","apr",17,-1,"no"
40,"married","secondary","no","yes","cellular","jul",369,-1,"no"
45,"married","tertiary","yes","yes","unknown","jun",92,-1,"no"
43,"single","tertiary","no","yes","cellular","jul",619,-1,"no"
41,"divorced","tertiary","yes","no","cellular","jul",662,-1,"yes"
32,"single","secondary","no","yes","cellular","apr",91,156,"no"
28,"single","secondary","yes","no","cellular","may",133,-1,"no"
45,"divorced","tertiary","no","no","cellular","aug",297,-1,"no"
28,"single","tertiary","no","no","cellular","may",338,-1,"yes"
29,"married","secondary","no","yes","cellular","jul",518,-1,"no"
30,"single","tertiary","yes","no","cellular","may",94,-1,"no"
45,"married","secondary","yes","no","telephone","jul",340,-1,"no"
43,"married","secondary","yes","no","cellular","oct",119,-1,"no"
42,"married","secondary","no","no","unknown","jun",521,-1,"no"
35,"married","tertiary","yes","no","cellular","nov",171,-1,"no"
47,"married","primary","no","no","unknown","may",451,-1,"no"
38,"single","tertiary","yes","no","unknown","jun",17,-1,"no"
41,"divorced","tertiary","yes","no","cellular","jul",257,-1,"no"
31,"single","tertiary","no","no","cellular","feb",349,357,"yes"
41,"single","tertiary","yes","no","unknown","jun",140,-1,"no"
41,"married","tertiary","no","no","cellular","feb",163,182,"no"
40,"married","secondary","no","no","cellular","aug",70,-1,"no"
38,"single","primary","yes","no","unknown","may",180,-1,"no"
35,"single","secondary","yes","no","unknown","may",100,-1,"no"
36,"married","secondary","yes","yes","unknown","may",127,-1,"no"
30,"married","secondary","yes","yes","unknown","may",306,-1,"no"
30,"single","secondary","yes","no","cellular","may",390,-1,"no"
50,"married","secondary","yes","yes","cellular","aug",221,-1,"no"
51,"married","secondary","no","yes","unknown","jun",153,-1,"no"
59,"married","tertiary","no","no","telephone","nov",494,-1,"yes"
30,"single","secondary","no","no","cellular","feb",291,-1,"no"
29,"single","secondary","no","no","cellular","may",104,208,"no"
38,"single","tertiary","no","no","cellular","oct",119,-1,"no"
31,"single","tertiary","yes","no","cellular","jan",68,256,"no"
41,"divorced","primary","yes","no","cellular","apr",1272,-1,"yes"
54,"married","tertiary","no","no","cellular","aug",131,-1,"no"
30,"married","secondary","no","yes","cellular","jul",213,-1,"no"
48,"married","primary","yes","yes","unknown","may",289,-1,"no"
47,"married","secondary","yes","no","unknown","may",451,-1,"no"
27,"single","tertiary","no","yes","cellular","jan",158,206,"no"
36,"married","unknown","no","no","unknown","jun",557,-1,"no"
20,"single","secondary","no","no","unknown","jun",100,-1,"yes"
51,"married","unknown","no","no","cellular","jul",44,-1,"no"
31,"single","secondary","yes","no","cellular","may",1191,-1,"no"
45,"married","secondary","no","no","cellular","may",275,-1,"yes"
33,"single","tertiary","yes","no","unknown","may",396,-1,"no"
35,"married","primary","yes","no","unknown","may",103,-1,"no"
44,"married","secondary","yes","no","unknown","may",468,-1,"no"
41,"married","secondary","yes","no","cellular","aug",185,-1,"no"
46,"married","tertiary","no","no","cellular","aug",58,-1,"no"
57,"married","secondary","yes","yes","cellular","may",166,-1,"no"
38,"divorced","secondary","no","no","unknown","jun",299,-1,"no"
36,"single","tertiary","yes","no","unknown","jun",517,-1,"no"
29,"single","tertiary","yes","no","cellular","may",76,356,"no"
58,"married","primary","yes","yes","cellular","may",327,374,"no"
46,"married","secondary","yes","no","cellular","jul",36,-1,"no"
40,"divorced","primary","yes","no","cellular","may",103,-1,"no"
30,"single","tertiary","no","no","cellular","apr",152,-1,"yes"
54,"married","primary","yes","yes","cellular","apr",280,287,"no"
56,"married","secondary","no","no","unknown","may",131,-1,"no"
56,"married","secondary","no","no","telephone","jul",114,-1,"no"
33,"single","secondary","no","no","cellular","jul",58,-1,"no"
51,"married","tertiary","no","no","cellular","may",662,66,"yes"
32,"married","unknown","yes","no","cellular","may",20,-1,"no"
38,"married","secondary","no","no","cellular","may",94,-1,"no"
35,"single","tertiary","yes","no","unknown","may",763,-1,"yes"
31,"married","secondary","no","no","cellular","aug",96,-1,"no"
53,"married","secondary","yes","no","cellular","nov",104,190,"no"
46,"married","secondary","yes","no","cellular","aug",131,-1,"no"
53,"married","secondary","no","no","telephone","mar",295,91,"yes"
38,"married","secondary","yes","no","unknown","jun",170,-1,"no"
33,"married","tertiary","yes","no","cellular","may",55,-1,"no"
48,"married","secondary","yes","yes","unknown","may",290,-1,"no"
54,"married","secondary","yes","no","cellular","may",118,241,"no"
45,"married","secondary","yes","no","cellular","apr",565,-1,"no"
36,"married","tertiary","yes","no","cellular","apr",297,182,"yes"
34,"divorced","secondary","no","no","cellular","feb",151,-1,"no"
31,"married","secondary","yes","yes","cellular","may",454,-1,"no"
44,"divorced","secondary","yes","no","unknown","may",27,-1,"no"
44,"married","tertiary","yes","no","cellular","jan",507,220,"no"
36,"married","tertiary","no","no","cellular","feb",188,-1,"no"
35,"married","tertiary","yes","no","unknown","may",1611,-1,"no"
46,"married","secondary","no","no","cellular","aug",34,-1,"no"
50,"married","secondary","yes","no","cellular","jul",57,-1,"no"
49,"divorced","secondary","no","no","cellular","jul",412,-1,"yes"
59,"single","secondary","no","no","cellular","sep",879,-1,"yes"
33,"single","secondary","yes","no","unknown","may",291,-1,"no"
51,"divorced","tertiary","no","no","unknown","jun",112,-1,"no"
55,"married","primary","yes","no","cellular","may",265,-1,"no"
49,"married","tertiary","yes","no","cellular","apr",98,-1,"no"
60,"married","primary","no","no","cellular","aug",140,-1,"no"
42,"divorced","secondary","yes","no","cellular","feb",326,-1,"no"
32,"married","tertiary","yes","no","cellular","nov",142,-1,"no"
44,"married","secondary","yes","yes","unknown","may",159,-1,"no"
45,"married","primary","no","no","unknown","jun",234,-1,"no"
57,"married","secondary","no","no","cellular","aug",106,-1,"no"
36,"single","primary","yes","no","unknown","may",87,-1,"no"
49,"divorced","tertiary","yes","no","cellular","mar",229,-1,"yes"
35,"married","tertiary","no","no","cellular","aug",351,-1,"no"
39,"married","secondary","no","no","cellular","jul",178,-1,"no"
38,"married","tertiary","yes","yes","cellular","may",244,-1,"no"
28,"single","tertiary","yes","no","cellular","may",101,-1,"no"
32,"married","tertiary","no","no","cellular","jul",82,-1,"no"
41,"single","tertiary","yes","no","cellular","feb",261,184,"yes"
32,"married","tertiary","no","no","cellular","aug",183,-1,"no"
30,"single","primary","yes","no","unknown","may",396,-1,"no"
30,"single","secondary","no","yes","cellular","aug",223,-1,"no"
53,"married","secondary","yes","no","unknown","may",253,-1,"no"
54,"married","tertiary","no","yes","cellular","jul",82,-1,"no"
30,"married","tertiary","yes","no","cellular","aug",134,-1,"no"
38,"married","secondary","no","no","cellular","dec",473,216,"yes"
39,"married","secondary","yes","no","unknown","jun",53,-1,"no"
50,"married","secondary","no","no","unknown","jun",271,-1,"no"
19,"single","primary","no","no","telephone","nov",98,110,"no"
41,"married","secondary","no","no","cellular","jul",125,-1,"no"
31,"married","secondary","yes","no","unknown","may",65,-1,"no"
32,"single","secondary","yes","no","cellular","aug",144,-1,"no"
37,"married","primary","yes","no","cellular","aug",160,-1,"no"
57,"married","primary","no","no","unknown","jun",73,-1,"no"
33,"married","secondary","yes","no","cellular","jul",22,-1,"no"
39,"married","secondary","yes","no","cellular","aug",379,-1,"no"
48,"married","secondary","no","no","cellular","feb",439,-1,"no"
35,"married","unknown","no","no","unknown","jun",537,-1,"yes"
33,"married","secondary","yes","no","cellular","feb",139,-1,"no"
26,"single","secondary","no","no","cellular","may",107,-1,"no"
37,"single","secondary","no","no","cellular","jul",152,-1,"no"
32,"single","secondary","yes","no","unknown","may",71,-1,"no"
33,"married","secondary","no","yes","unknown","jun",266,-1,"no"
30,"single","tertiary","yes","no","cellular","may",56,-1,"no"
34,"single","secondary","yes","no","cellular","jul",226,-1,"no"
32,"married","primary","yes","no","unknown","may",116,-1,"no"
35,"married","secondary","yes","no","telephone","jul",197,-1,"no"
34,"single","secondary","yes","no","cellular","may",151,-1,"no"
54,"married","secondary","yes","no","unknown","may",222,-1,"no"
29,"married","primary","yes","no","cellular","may",282,-1,"no"
44,"married","tertiary","no","yes","cellular","jul",129,-1,"no"
51,"divorced","secondary","yes","no","unknown","jun",51,-1,"no"
27,"single","tertiary","no","no","cellular","feb",917,-1,"yes"
25,"single","secondary","no","yes","cellular","jul",173,-1,"no"
56,"married","secondary","yes","no","cellular","jul",288,-1,"no"
29,"single","secondary","yes","yes","cellular","jul",89,-1,"no"
42,"married","secondary","yes","no","cellular","may",79,-1,"no"
43,"married","tertiary","yes","yes","cellular","jul",67,-1,"no"
35,"married","secondary","yes","no","cellular","may",252,-1,"no"
58,"divorced","tertiary","no","no","unknown","may",137,-1,"no"
36,"married","secondary","yes","no","telephone","feb",29,-1,"no"
42,"married","secondary","yes","no","cellular","jul",510,-1,"no"
39,"single","secondary","yes","no","unknown","may",152,-1,"no"
33,"single","tertiary","yes","no","cellular","feb",405,-1,"no"
53,"married","tertiary","no","no","cellular","aug",133,-1,"no"
60,"divorced","secondary","yes","no","cellular","feb",80,-1,"no"
26,"single","secondary","no","no","cellular","apr",308,-1,"no"
40,"married","tertiary","yes","no","cellular","feb",349,262,"no"
31,"single","tertiary","yes","no","cellular","nov",162,-1,"no"
29,"married","secondary","yes","no","cellular","may",374,-1,"no"
51,"divorced","tertiary","no","yes","cellular","jul",54,-1,"no"
25,"married","tertiary","yes","no","cellular","jul",20,-1,"no"
35,"married","secondary","yes","no","unknown","may",149,-1,"no"
50,"married","primary","yes","no","cellular","jul",142,-1,"no"
33,"divorced","secondary","no","no","unknown","may",190,-1,"no"
55,"married","secondary","yes","no","unknown","may",42,-1,"no"
47,"married","secondary","yes","no","cellular","jul",476,-1,"yes"
50,"married","secondary","no","no","unknown","jun",170,-1,"no"
46,"married","secondary","yes","no","telephone","may",175,278,"no"
34,"married","tertiary","yes","yes","cellular","aug",256,-1,"no"
44,"divorced","secondary","yes","yes","unknown","may",238,-1,"no"
38,"married","primary","yes","no","cellular","may",106,-1,"no"
41,"single","unknown","no","no","unknown","jun",114,-1,"no"
49,"married","primary","yes","no","cellular","nov",140,-1,"no"
57,"divorced","secondary","no","no","unknown","jun",97,-1,"no"
49,"married","tertiary","yes","no","cellular","aug",140,-1,"no"
54,"married","secondary","no","yes","unknown","jul",389,-1,"no"
39,"married","unknown","no","no","cellular","aug",298,-1,"no"
51,"married","secondary","no","no","unknown","jun",32,-1,"no"
41,"married","secondary","yes","no","cellular","nov",17,151,"no"
32,"married","secondary","yes","yes","unknown","may",53,-1,"no"
32,"single","tertiary","yes","no","cellular","may",638,175,"no"
46,"married","primary","yes","no","unknown","may",91,-1,"no"
40,"married","tertiary","no","no","telephone","apr",712,-1,"yes"
35,"married","tertiary","no","no","cellular","feb",135,195,"no"
30,"single","tertiary","no","no","cellular","mar",272,-1,"yes"
51,"married","primary","yes","no","telephone","may",217,169,"no"
57,"single","primary","yes","no","telephone","may",65,-1,"no"
58,"married","tertiary","yes","no","cellular","jul",209,-1,"no"
32,"married","secondary","yes","no","unknown","may",208,-1,"no"
41,"single","unknown","no","no","cellular","oct",143,188,"yes"
37,"married","tertiary","yes","no","cellular","nov",93,-1,"no"
36,"married","secondary","yes","no","telephone","feb",45,-1,"no"
37,"single","secondary","yes","no","cellular","may",165,-1,"no"
41,"divorced","secondary","no","yes","cellular","jul",59,-1,"no"
53,"divorced","primary","yes","yes","unknown","may",591,-1,"yes"
27,"single","secondary","no","no","cellular","jan",168,-1,"no"
36,"married","secondary","yes","no","unknown","may",13,-1,"no"
48,"married","secondary","yes","no","unknown","may",179,-1,"no"
43,"married","secondary","yes","no","cellular","nov",63,-1,"no"
51,"married","primary","no","no","cellular","aug",286,-1,"no"
77,"married","primary","no","no","telephone","aug",365,187,"no"
37,"married","primary","yes","no","cellular","apr",201,-1,"no"
57,"married","primary","yes","no","cellular","aug",626,-1,"yes"
27,"married","secondary","yes","no","cellular","jul",172,-1,"no"
52,"married","secondary","yes","no","cellular","jan",342,92,"yes"
26,"married","secondary","yes","no","unknown","may",183,-1,"no"
40,"married","primary","yes","yes","unknown","jun",59,-1,"no"
47,"married","secondary","yes","no","unknown","may",146,-1,"no"
49,"married","secondary","yes","no","unknown","may",310,-1,"no"
31,"married","tertiary","yes","no","cellular","mar",73,-1,"no"
31,"single","tertiary","yes","no","cellular","feb",158,92,"yes"
32,"married","secondary","yes","yes","cellular","aug",79,-1,"no"
53,"single","secondary","yes","no","cellular","feb",108,92,"no"
40,"single","unknown","yes","no","unknown","may",619,-1,"no"
27,"single","secondary","yes","yes","cellular","may",687,300,"no"
46,"married","primary","no","yes","unknown","jun",166,-1,"no"
38,"married","tertiary","yes","no","unknown","may",31,-1,"no"
45,"married","secondary","yes","yes","cellular","jul",276,-1,"no"
45,"married","secondary","yes","no","cellular","feb",872,-1,"yes"
28,"single","tertiary","no","yes","cellular","may",115,-1,"no"
50,"married","primary","no","yes","unknown","jul",71,-1,"no"
37,"divorced","secondary","yes","no","unknown","may",345,-1,"no"
58,"married","secondary","yes","no","cellular","feb",1823,205,"no"
30,"married","tertiary","no","no","cellular","aug",293,-1,"no"
54,"married","secondary","no","no","cellular","aug",87,-1,"no"
46,"single","tertiary","no","no","cellular","jul",85,-1,"no"
29,"married","secondary","no","yes","cellular","feb",172,-1,"yes"
37,"single","tertiary","no","no","unknown","jun",442,-1,"no"
33,"married","secondary","yes","no","unknown","may",245,-1,"no"
49,"married","tertiary","no","no","cellular","jul",87,-1,"no"
30,"single","tertiary","no","no","cellular","feb",30,-1,"no"
18,"single","primary","no","no","cellular","aug",267,-1,"yes"
31,"single","secondary","no","no","cellular","jan",366,-1,"no"
59,"married","secondary","yes","no","telephone","jul",498,-1,"no"
35,"single","unknown","no","no","cellular","may",272,-1,"no"
51,"single","tertiary","no","no","cellular","may",8,-1,"no"
55,"divorced","secondary","yes","no","cellular","aug",78,-1,"no"
33,"single","secondary","no","no","cellular","feb",345,-1,"no"
30,"single","secondary","yes","no","cellular","feb",259,260,"no"
51,"married","secondary","no","no","unknown","jun",9,-1,"no"
33,"single","tertiary","yes","no","cellular","may",17,349,"no"
36,"married","secondary","yes","yes","cellular","nov",250,-1,"no"
31,"married","tertiary","no","no","cellular","aug",220,-1,"no"
37,"divorced","secondary","yes","no","cellular","may",169,352,"no"
42,"married","secondary","yes","yes","cellular","may",225,365,"no"
36,"married","unknown","no","no","unknown","jun",41,-1,"no"
33,"married","tertiary","yes","no","cellular","may",158,202,"no"
58,"married","primary","no","no","telephone","jun",247,-1,"no"
30,"single","tertiary","no","no","cellular","aug",61,-1,"no"
46,"married","secondary","yes","yes","unknown","may",145,-1,"no"
47,"married","tertiary","no","no","cellular","nov",120,-1,"no"
34,"married","tertiary","no","no","cellular","aug",170,-1,"no"
40,"married","tertiary","yes","yes","cellular","aug",166,-1,"no"
31,"single","secondary","no","no","cellular","oct",477,-1,"no"
37,"single","tertiary","no","no","cellular","aug",259,-1,"no"
49,"single","tertiary","no","no","cellular","aug",470,97,"yes"
36,"divorced","tertiary","no","no","cellular","jun",104,-1,"no"
55,"married","secondary","yes","no","unknown","may",309,-1,"no"
52,"divorced","secondary","yes","no","unknown","jun",27,-1,"no"
57,"married","primary","no","no","cellular","nov",570,-1,"no"
39,"married","primary","yes","no","unknown","jun",490,-1,"no"
34,"divorced","unknown","no","yes","cellular","jul",245,-1,"no"
42,"married","secondary","yes","no","cellular","jul",210,-1,"no"
35,"single","secondary","yes","no","cellular","may",863,78,"yes"
52,"married","secondary","yes","no","unknown","may",35,-1,"no"
44,"single","secondary","no","no","cellular","aug",156,-1,"no"
30,"single","tertiary","no","no","cellular","aug",300,-1,"no"
55,"married","secondary","yes","yes","cellular","feb",116,-1,"no"
32,"married","primary","yes","no","unknown","may",389,-1,"no"
49,"married","tertiary","yes","no","cellular","nov",77,185,"no"
60,"divorced","secondary","yes","no","cellular","may",655,-1,"yes"
33,"married","secondary","yes","yes","unknown","may",143,-1,"no"
34,"divorced","secondary","yes","no","cellular","may",130,167,"no"
37,"married","primary","no","no","unknown","jun",199,-1,"no"
33,"married","unknown","no","no","unknown","may",345,-1,"no"
33,"married","secondary","yes","no","cellular","apr",57,-1,"no"
45,"divorced","primary","yes","no","telephone","jul",63,-1,"no"
45,"married","secondary","yes","no","cellular","may",764,-1,"no"
40,"married","tertiary","no","no","cellular","aug",63,-1,"no"
51,"divorced","primary","yes","no","cellular","jul",85,-1,"no"
59,"married","secondary","no","no","cellular","aug",198,180,"yes"
34,"single","secondary","no","no","cellular","aug",54,-1,"no"
50,"single","secondary","yes","no","unknown","may",104,-1,"no"
45,"married","primary","yes","yes","cellular","jan",503,224,"no"
40,"divorced","tertiary","no","no","cellular","aug",162,-1,"no"
40,"married","secondary","yes","no","cellular","jul",223,-1,"no"
38,"divorced","secondary","yes","no","cellular","nov",230,-1,"no"
57,"divorced","secondary","yes","no","unknown","jun",818,-1,"no"
35,"married","secondary","yes","yes","unknown","jun",369,-1,"no"
33,"married","tertiary","no","no","cellular","jul",362,-1,"no"
36,"single","primary","no","no","cellular","may",396,172,"no"
37,"single","secondary","yes","no","cellular","apr",218,-1,"no"
29,"married","tertiary","no","no","cellular","may",473,-1,"yes"
27,"married","secondary","yes","no","unknown","may",141,-1,"no"
31,"married","tertiary","no","no","cellular","apr",343,-1,"no"
37,"single","tertiary","yes","no","cellular","may",133,-1,"no"
35,"married","secondary","yes","yes","cellular","aug",80,273,"no"
46,"married","secondary","yes","no","cellular","sep",108,129,"yes"
32,"married","secondary","yes","yes","unknown","may",59,-1,"no"
30,"single","secondary","no","no","cellular","aug",60,-1,"no"
43,"married","unknown","no","no","unknown","jun",45,-1,"no"
58,"married","tertiary","no","yes","cellular","jul",138,-1,"no"
38,"married","secondary","yes","no","cellular","may",198,-1,"no"
32,"married","secondary","yes","yes","unknown","may",51,-1,"no"
37,"married","primary","yes","no","cellular","apr",252,-1,"no"
51,"married","tertiary","no","no","cellular","nov",134,192,"yes"
46,"married","unknown","yes","no","cellular","jan",68,-1,"no"
45,"divorced","secondary","no","no","cellular","jul",216,-1,"no"
64,"married","secondary","no","no","cellular","feb",144,175,"no"
52,"divorced","tertiary","no","no","unknown","jun",644,-1,"no"
38,"married","secondary","no","no","cellular","aug",320,-1,"no"
56,"single","secondary","yes","no","cellular","may",311,368,"yes"
41,"single","secondary","no","no","unknown","jun",178,-1,"no"
33,"single","secondary","no","no","cellular","feb",18,6,"no"
45,"married","tertiary","no","yes","cellular","jul",112,-1,"no"
28,"single","secondary","yes","no","cellular","may",33,367,"no"
39,"married","tertiary","yes","yes","unknown","may",127,-1,"no"
34,"single","secondary","yes","no","cellular","may",379,169,"no"
47,"divorced","secondary","yes","no","unknown","jun",339,-1,"no"
34,"married","secondary","yes","no","cellular","may",53,262,"no"
27,"married","secondary","yes","no","unknown","jun",132,-1,"no"
30,"single","secondary","no","no","cellular","nov",95,-1,"no"
31,"single","secondary","yes","no","cellular","apr",400,-1,"no"
51,"married","secondary","yes","no","cellular","jul",149,-1,"no"
52,"divorced","primary","yes","yes","cellular","apr",709,-1,"yes"
58,"married","primary","yes","no","cellular","may",147,359,"no"
45,"divorced","secondary","yes","no","unknown","may",179,-1,"no"
33,"divorced","secondary","yes","yes","cellular","may",186,350,"no"
45,"single","tertiary","no","no","cellular","sep",800,102,"yes"
43,"single","secondary","no","yes","cellular","jul",173,-1,"no"
25,"single","tertiary","no","no","cellular","jul",137,-1,"no"
36,"married","tertiary","no","no","cellular","aug",92,-1,"no"
55,"married","secondary","no","no","unknown","jun",170,-1,"no"
38,"married","secondary","no","no","cellular","may",167,-1,"no"
30,"married","secondary","yes","no","unknown","may",293,-1,"no"
46,"divorced","primary","yes","no","cellular","may",472,-1,"no"
58,"married","secondary","no","no","cellular","jul",95,-1,"no"
48,"married","tertiary","yes","no","telephone","jul",350,-1,"no"
37,"divorced","tertiary","yes","yes","unknown","jun",545,-1,"no"
60,"married","secondary","no","no","cellular","aug",433,-1,"no"
24,"married","secondary","yes","no","cellular","may",209,321,"no"
56,"married","secondary","yes","no","telephone","may",145,-1,"no"
54,"married","primary","no","no","cellular","jun",236,-1,"yes"
42,"single","secondary","yes","no","unknown","jun",46,-1,"no"
34,"married","secondary","yes","no","unknown","may",684,-1,"no"
57,"married","secondary","no","no","cellular","apr",319,86,"no"
53,"divorced","secondary","yes","yes","cellular","jul",135,-1,"no"
28,"single","secondary","yes","no","cellular","may",485,88,"yes"
31,"single","secondary","no","no","cellular","may",10,87,"no"
58,"divorced","secondary","no","no","telephone","oct",228,-1,"yes"
35,"divorced","secondary","no","no","cellular","may",669,312,"yes"
47,"divorced","secondary","no","no","unknown","may",360,-1,"no"
38,"married","unknown","yes","no","cellular","may",233,-1,"no"
31,"single","tertiary","yes","no","unknown","may",38,-1,"no"
57,"married","tertiary","no","yes","cellular","jul",99,-1,"no"
22,"married","secondary","yes","no","unknown","may",101,-1,"no"
46,"divorced","secondary","no","no","cellular","aug",126,-1,"no"
60,"married","tertiary","yes","no","cellular","aug",75,274,"no"
39,"single","secondary","yes","no","cellular","nov",43,111,"no"
45,"married","secondary","yes","no","unknown","jun",91,-1,"no"
33,"divorced","tertiary","yes","no","unknown","may",279,-1,"no"
45,"married","secondary","yes","no","unknown","may",295,-1,"no"
37,"married","secondary","yes","no","cellular","jul",185,-1,"no"
40,"divorced","secondary","no","no","unknown","may",111,-1,"no"
35,"married","secondary","yes","no","cellular","jan",114,-1,"no"
33,"divorced","secondary","yes","no","cellular","jul",268,-1,"no"
50,"divorced","tertiary","no","no","cellular","aug",76,-1,"no"
32,"married","primary","yes","no","cellular","apr",38,329,"no"
33,"married","secondary","yes","no","cellular","may",11,-1,"no"
59,"married","primary","yes","no","unknown","jun",11,-1,"no"
45,"married","unknown","no","no","unknown","jun",158,-1,"no"
60,"single","tertiary","no","yes","cellular","jul",79,-1,"no"
60,"married","secondary","no","no","cellular","jul",64,-1,"no"
37,"married","secondary","yes","no","unknown","may",295,-1,"no"
40,"single","tertiary","yes","no","unknown","may",97,-1,"no"
55,"divorced","tertiary","yes","no","cellular","sep",84,589,"no"
50,"married","secondary","no","yes","unknown","jun",26,-1,"no"
39,"married","tertiary","yes","no","cellular","jul",894,-1,"yes"
45,"married","secondary","no","no","unknown","jun",82,-1,"no"
32,"married","secondary","yes","no","cellular","jul",59,-1,"no"
36,"married","tertiary","no","no","cellular","apr",216,-1,"yes"
46,"married","tertiary","no","yes","cellular","aug",120,-1,"no"
35,"married","secondary","yes","no","unknown","aug",5,14,"no"
44,"single","secondary","yes","no","cellular","nov",530,-1,"no"
47,"married","primary","yes","yes","cellular","aug",138,-1,"no"
40,"divorced","secondary","yes","no","cellular","aug",142,-1,"no"
34,"divorced","secondary","no","yes","cellular","jul",142,-1,"no"
43,"single","primary","no","no","cellular","feb",224,-1,"no"
31,"single","tertiary","no","no","cellular","aug",371,-1,"no"
31,"married","tertiary","yes","no","cellular","jul",72,-1,"no"
61,"married","secondary","no","no","cellular","nov",632,93,"no"
37,"single","tertiary","no","yes","cellular","jan",147,-1,"no"
38,"married","secondary","no","yes","unknown","jul",131,-1,"no"
58,"divorced","tertiary","no","no","cellular","feb",56,-1,"no"
34,"married","tertiary","yes","yes","cellular","jul",127,-1,"no"
53,"married","primary","no","no","cellular","aug",156,-1,"no"
32,"married","secondary","no","no","cellular","aug",306,-1,"no"
39,"married","secondary","yes","no","cellular","aug",344,-1,"no"
25,"single","primary","yes","no","unknown","may",97,-1,"no"
31,"married","tertiary","no","yes","cellular","jan",157,182,"no"
54,"married","primary","yes","no","cellular","jul",159,-1,"no"
37,"single","secondary","no","no","cellular","feb",187,8,"no"
36,"married","primary","yes","no","cellular","may",152,-1,"no"
37,"single","secondary","yes","no","unknown","may",152,-1,"no"
41,"married","secondary","yes","no","cellular","may",432,-1,"no"
47,"married","secondary","no","no","unknown","jun",9,-1,"no"
40,"divorced","secondary","no","no","unknown","jun",140,-1,"no"
40,"married","secondary","yes","no","cellular","jul",87,-1,"no"
51,"single","secondary","yes","no","unknown","jun",1248,-1,"yes"
38,"single","tertiary","no","no","telephone","jul",293,-1,"no"
46,"divorced","secondary","no","no","telephone","aug",135,-1,"no"
59,"married","secondary","no","yes","cellular","aug",125,-1,"no"
28,"single","secondary","no","no","telephone","oct",317,108,"no"
30,"married","tertiary","yes","yes","cellular","jul",91,-1,"no"
43,"married","secondary","no","no","cellular","jul",58,-1,"no"
56,"single","tertiary","yes","no","cellular","jan",374,-1,"no"
33,"married","primary","yes","no","unknown","may",143,-1,"no"
53,"single","secondary","yes","no","cellular","may",101,-1,"no"
37,"married","secondary","no","no","cellular","aug",98,-1,"no"
31,"married","tertiary","no","no","cellular","nov",138,84,"no"
45,"married","secondary","yes","no","telephone","jan",227,187,"no"
33,"married","primary","yes","no","unknown","may",428,-1,"no"
34,"single","tertiary","yes","no","cellular","aug",267,-1,"no"
56,"married","secondary","yes","no","cellular","jul",897,-1,"no"
37,"married","secondary","yes","no","cellular","jul",418,-1,"no"
23,"single","secondary","yes","no","unknown","may",1183,-1,"yes"
35,"single","tertiary","yes","yes","cellular","may",185,-1,"no"
34,"married","tertiary","yes","no","cellular","nov",386,-1,"no"
51,"married","tertiary","no","no","telephone","nov",81,-1,"no"
37,"married","secondary","yes","yes","cellular","may",302,-1,"no"
46,"married","secondary","no","yes","cellular","aug",139,-1,"no"
48,"married","primary","no","no","unknown","jun",105,-1,"no"
52,"married","secondary","no","no","cellular","jul",310,-1,"no"
26,"single","tertiary","no","no","cellular","jul",297,-1,"no"
33,"single","tertiary","yes","no","cellular","jun",271,84,"yes"
33,"single","tertiary","no","no","cellular","jan",348,-1,"no"
35,"married","primary","no","no","cellular","may",706,-1,"no"
48,"single","secondary","yes","no","cellular","apr",81,287,"no"
27,"single","secondary","yes","yes","cellular","may",5,-1,"no"
50,"married","primary","no","no","telephone","oct",382,-1,"no"
58,"married","secondary","yes","no","unknown","may",80,-1,"no"
43,"married","primary","yes","yes","unknown","may",420,-1,"no"
33,"single","tertiary","yes","no","cellular","aug",97,-1,"no"
30,"married","tertiary","no","no","cellular","aug",157,-1,"no"
51,"married","primary","yes","no","cellular","jul",582,-1,"yes"
38,"married","primary","yes","no","cellular","may",165,-1,"no"
29,"married","secondary","no","no","cellular","jul",131,-1,"no"
29,"divorced","tertiary","yes","yes","unknown","may",240,-1,"no"
42,"divorced","secondary","yes","no","cellular","nov",136,131,"no"
35,"married","primary","yes","no","cellular","may",195,359,"no"
60,"married","unknown","no","no","telephone","jun",125,-1,"no"
51,"divorced","primary","no","no","cellular","jul",600,-1,"yes"
35,"single","tertiary","no","no","cellular","jul",200,181,"yes"
28,"single","tertiary","no","no","cellular","nov",106,-1,"no"
39,"married","tertiary","yes","no","cellular","nov",554,-1,"no"
48,"married","tertiary","yes","no","cellular","feb",316,-1,"no"
31,"single","tertiary","no","no","cellular","aug",45,-1,"no"
29,"married","tertiary","yes","no","unknown","may",143,-1,"no"
49,"married","secondary","yes","no","cellular","aug",161,410,"no"
35,"divorced","primary","yes","no","cellular","may",296,-1,"no"
45,"married","tertiary","no","no","cellular","jan",125,2,"no"
40,"divorced","tertiary","no","yes","cellular","jul",125,-1,"no"
42,"single","secondary","yes","no","cellular","may",1805,-1,"no"
31,"single","secondary","no","no","cellular","aug",312,-1,"no"
35,"divorced","secondary","yes","no","unknown","may",76,-1,"no"
38,"married","secondary","yes","yes","unknown","may",170,-1,"no"
41,"married","secondary","yes","no","unknown","jun",62,-1,"no"
35,"divorced","tertiary","yes","no","cellular","apr",75,-1,"no"
57,"married","primary","yes","no","unknown","may",155,-1,"no"
29,"single","tertiary","yes","no","unknown","jun",233,-1,"no"
35,"married","secondary","no","no","unknown","jun",121,-1,"no"
26,"single","secondary","no","no","cellular","aug",125,-1,"yes"
32,"married","secondary","yes","yes","cellular","may",179,-1,"no"
60,"married","secondary","yes","no","unknown","may",113,-1,"no"
30,"married","tertiary","yes","no","cellular","jul",124,-1,"no"
30,"single","tertiary","yes","yes","unknown","may",967,-1,"yes"
43,"married","secondary","yes","yes","unknown","may",277,-1,"no"
37,"single","tertiary","yes","no","cellular","nov",389,172,"no"
56,"married","secondary","no","no","cellular","apr",484,135,"no"
42,"married","primary","yes","yes","telephone","nov",136,179,"no"
57,"divorced","primary","no","no","unknown","may",17,-1,"no"
48,"married","primary","no","no","unknown","jun",409,-1,"no"
64,"married","secondary","no","no","cellular","feb",104,-1,"no"
49,"married","secondary","no","no","cellular","jul",115,-1,"no"
48,"married","unknown","no","no","cellular","feb",134,8,"no"
54,"married","tertiary","yes","no","unknown","may",302,-1,"no"
39,"married","tertiary","no","no","cellular","jul",665,-1,"no"
38,"married","secondary","yes","no","cellular","may",472,-1,"no"
29,"divorced","secondary","no","no","unknown","may",192,-1,"no"
52,"single","primary","yes","no","cellular","nov",217,-1,"no"
55,"married","primary","yes","no","cellular","aug",148,-1,"no"
43,"married","secondary","no","no","cellular","may",60,371,"no"
28,"married","secondary","yes","no","cellular","apr",156,325,"no"
33,"married","primary","yes","no","cellular","may",159,346,"no"
58,"married","secondary","no","no","unknown","jun",206,-1,"no"
36,"divorced","secondary","no","no","cellular","jul",83,-1,"no"
36,"married","tertiary","yes","yes","cellular","apr",84,-1,"no"
37,"divorced","secondary","no","no","cellular","feb",118,272,"no"
36,"divorced","tertiary","yes","no","cellular","jul",180,-1,"no"
40,"married","tertiary","no","no","unknown","jun",222,-1,"no"
43,"married","primary","yes","no","unknown","may",170,-1,"no"
46,"married","tertiary","no","no","cellular","jul",126,-1,"no"
41,"single","secondary","no","no","cellular","aug",420,-1,"no"
53,"married","primary","yes","no","unknown","jun",714,-1,"no"
45,"married","primary","yes","no","cellular","feb",211,-1,"no"
32,"married","tertiary","yes","yes","cellular","jul",86,-1,"no"
56,"married","secondary","yes","yes","cellular","may",556,181,"yes"
46,"married","secondary","no","no","telephone","aug",67,-1,"no"
31,"single","secondary","yes","no","cellular","may",241,347,"no"
33,"divorced","secondary","no","no","unknown","jun",66,-1,"no"
42,"married","secondary","yes","no","cellular","may",365,-1,"no"
33,"married","secondary","yes","no","cellular","nov",809,181,"no"
31,"single","secondary","yes","no","unknown","may",374,-1,"no"
29,"married","primary","yes","no","cellular","may",149,-1,"no"
34,"single","secondary","no","no","cellular","jan",377,-1,"yes"
56,"divorced","secondary","no","yes","cellular","jul",234,-1,"no"
27,"married","tertiary","yes","no","cellular","jul",123,-1,"no"
29,"married","secondary","yes","no","cellular","jul",327,-1,"no"
31,"single","secondary","yes","no","cellular","nov",258,-1,"no"
42,"married","tertiary","no","no","cellular","aug",370,91,"yes"
35,"married","unknown","no","no","unknown","jun",159,-1,"no"
47,"single","secondary","no","no","cellular","nov",144,-1,"no"
47,"married","secondary","no","no","cellular","oct",105,-1,"yes"
59,"divorced","secondary","yes","no","cellular","apr",720,-1,"yes"
28,"single","secondary","yes","yes","cellular","apr",219,322,"no"
29,"single","tertiary","no","no","cellular","may",51,179,"no"
58,"married","secondary","no","no","unknown","jun",315,-1,"no"
35,"single","primary","yes","no","telephone","may",13,-1,"no"
60,"married","secondary","no","no","cellular","may",321,87,"no"
38,"married","tertiary","yes","yes","cellular","aug",82,-1,"no"
47,"married","unknown","yes","no","unknown","may",18,-1,"no"
39,"married","primary","yes","yes","unknown","jun",235,-1,"no"
34,"single","secondary","yes","yes","unknown","jun",294,-1,"no"
49,"married","secondary","yes","no","telephone","oct",97,-1,"yes"
36,"married","primary","no","no","unknown","jun",236,-1,"no"
60,"divorced","secondary","yes","no","cellular","jul",261,-1,"no"
30,"married","secondary","yes","no","cellular","may",165,-1,"no"
36,"single","tertiary","no","no","cellular","nov",118,104,"no"
51,"married","secondary","yes","no","telephone","jul",57,-1,"no"
68,"married","secondary","no","no","cellular","feb",475,-1,"yes"
55,"married","unknown","no","no","cellular","jan",271,-1,"no"
23,"married","secondary","yes","yes","unknown","may",87,-1,"no"
25,"single","secondary","yes","no","cellular","may",663,-1,"no"
42,"divorced","secondary","no","no","cellular","jul",109,-1,"no"
46,"married","secondary","yes","no","cellular","jan",219,2,"no"
44,"divorced","secondary","no","no","cellular","jul",637,-1,"no"
40,"single","tertiary","no","yes","cellular","nov",657,-1,"no"
30,"single","secondary","no","no","cellular","jan",67,-1,"no"
35,"single","tertiary","no","no","cellular","aug",172,-1,"yes"
56,"divorced","primary","no","no","cellular","nov",303,-1,"no"
53,"married","secondary","yes","no","cellular","feb",66,264,"no"
35,"married","tertiary","no","yes","cellular","feb",117,12,"no"
46,"married","secondary","yes","no","cellular","jul",185,-1,"no"
42,"single","tertiary","no","no","cellular","jul",2516,-1,"yes"
52,"married","tertiary","no","no","telephone","feb",48,-1,"no"
32,"single","tertiary","yes","no","unknown","may",74,-1,"no"
47,"married","primary","no","yes","cellular","nov",125,-1,"no"
55,"married","secondary","yes","no","cellular","nov",193,186,"no"
44,"married","secondary","yes","no","unknown","jun",94,-1,"no"
43,"single","tertiary","yes","yes","cellular","jul",30,-1,"no"
36,"married","secondary","no","no","cellular","jul",151,-1,"no"
33,"divorced","secondary","yes","no","cellular","may",244,359,"no"
24,"married","primary","no","no","cellular","may",337,-1,"no"
44,"married","secondary","yes","no","cellular","jan",64,-1,"no"
45,"married","secondary","yes","no","unknown","may",340,-1,"no"
42,"married","primary","yes","no","cellular","feb",97,198,"no"
52,"married","unknown","yes","no","cellular","jan",219,254,"no"
32,"single","secondary","no","yes","unknown","jul",957,-1,"no"
30,"married","secondary","no","no","unknown","jun",7,-1,"no"
27,"single","primary","yes","no","cellular","jul",120,-1,"no"
51,"married","secondary","no","no","cellular","aug",56,-1,"no"
35,"single","secondary","no","no","unknown","jun",190,-1,"no"
32,"married","secondary","yes","no","unknown","may",348,-1,"no"
30,"single","secondary","yes","no","cellular","apr",172,-1,"no"
40,"married","secondary","no","no","unknown","jun",144,-1,"no"
26,"single","tertiary","yes","no","cellular","may",221,364,"no"
31,"married","secondary","yes","no","cellular","jul",147,-1,"no"
45,"married","secondary","yes","yes","unknown","may",251,-1,"no"
37,"single","secondary","yes","no","cellular","apr",417,57,"no"
38,"married","secondary","yes","no","cellular","feb",334,-1,"no"
40,"married","secondary","yes","yes","cellular","feb",226,-1,"no"
27,"single","tertiary","yes","no","cellular","jul",678,-1,"no"
50,"divorced","primary","yes","no","cellular","jul",407,-1,"no"
46,"single","secondary","yes","no","unknown","may",244,-1,"no"
37,"single","secondary","no","no","cellular","jul",259,-1,"no"
28,"married","tertiary","yes","no","cellular","jul",189,-1,"no"
45,"single","tertiary","yes","no","unknown","may",111,-1,"no"
37,"married","secondary","yes","yes","unknown","may",160,-1,"no"
30,"single","tertiary","yes","no","telephone","may",36,165,"no"
36,"single","secondary","yes","no","cellular","may",61,371,"no"
54,"single","tertiary","yes","no","cellular","jul",674,-1,"yes"
57,"married","secondary","no","no","cellular","feb",79,187,"no"
36,"single","tertiary","yes","no","cellular","may",212,-1,"no"
51,"married","primary","yes","no","unknown","may",140,-1,"no"
60,"married","secondary","no","no","unknown","may",132,-1,"no"
41,"divorced","secondary","yes","yes","cellular","may",16,-1,"no"
36,"married","tertiary","no","no","cellular","aug",90,-1,"no"
59,"married","primary","yes","no","unknown","may",695,-1,"yes"
40,"divorced","tertiary","no","no","cellular","aug",159,-1,"no"
43,"married","secondary","no","no","cellular","aug",103,-1,"no"
60,"married","secondary","yes","no","unknown","may",483,-1,"no"
45,"divorced","secondary","no","no","cellular","jul",395,-1,"no"
48,"married","secondary","yes","no","unknown","jun",203,-1,"no"
33,"married","tertiary","no","no","cellular","feb",433,-1,"no"
35,"single","secondary","no","yes","cellular","may",357,175,"no"
35,"married","tertiary","no","no","cellular","nov",59,-1,"no"
71,"married","secondary","no","no","cellular","jun",201,-1,"no"
59,"married","secondary","no","no","cellular","aug",154,97,"no"
37,"single","secondary","yes","no","cellular","may",126,-1,"no"
32,"single","secondary","no","no","cellular","aug",486,286,"no"
48,"married","secondary","no","yes","cellular","aug",524,-1,"no"
56,"married","secondary","no","no","cellular","aug",115,-1,"no"
32,"single","tertiary","yes","no","cellular","mar",283,-1,"yes"
29,"single","tertiary","yes","no","cellular","feb",102,12,"no"
58,"married","primary","no","no","telephone","nov",188,-1,"no"
28,"married","secondary","no","no","cellular","may",236,-1,"yes"
52,"married","primary","no","no","unknown","jun",85,-1,"no"
58,"married","secondary","no","yes","cellular","may",294,309,"no"
38,"divorced","secondary","no","no","unknown","jun",50,-1,"no"
34,"married","secondary","yes","no","cellular","may",68,357,"no"
32,"married","primary","yes","no","unknown","may",297,-1,"no"
34,"married","secondary","no","no","cellular","aug",209,-1,"no"
61,"married","unknown","yes","no","cellular","may",254,359,"no"
40,"married","tertiary","no","no","cellular","may",87,-1,"no"
28,"single","tertiary","no","no","cellular","feb",48,-1,"no"
40,"married","secondary","yes","no","unknown","may",266,-1,"no"
45,"married","secondary","no","no","unknown","jun",76,-1,"no"
42,"married","primary","no","yes","unknown","jun",48,-1,"no"
51,"married","unknown","yes","no","unknown","may",202,-1,"no"
57,"married","primary","no","yes","cellular","jul",87,-1,"no"
29,"single","tertiary","yes","no","unknown","jun",91,-1,"no"
32,"single","primary","no","no","cellular","nov",348,-1,"no"
48,"married","primary","no","no","unknown","jun",37,-1,"no"
56,"married","secondary","no","no","cellular","aug",105,-1,"no"
40,"married","secondary","yes","no","cellular","jul",117,-1,"no"
53,"married","secondary","no","no","cellular","jul",79,-1,"no"
34,"married","secondary","no","no","cellular","aug",82,-1,"no"
51,"married","tertiary","yes","no","cellular","jul",168,-1,"no"
38,"single","secondary","no","no","unknown","mar",10,-1,"no"
46,"married","tertiary","no","no","telephone","jul",104,-1,"no"
35,"single","secondary","no","yes","cellular","jul",480,-1,"no"
35,"divorced","tertiary","yes","no","cellular","feb",114,-1,"no"
37,"divorced","secondary","yes","yes","cellular","may",17,-1,"no"
30,"single","tertiary","no","no","cellular","aug",88,-1,"no"
53,"married","secondary","yes","no","cellular","feb",267,-1,"no"
35,"single","secondary","yes","no","unknown","may",272,-1,"no"
29,"married","tertiary","yes","no","cellular","jul",408,-1,"no"
28,"married","secondary","yes","no","unknown","jun",606,-1,"no"
51,"married","secondary","no","no","cellular","nov",99,-1,"no"
55,"married","tertiary","no","no","unknown","jun",56,-1,"no"
29,"single","secondary","yes","no","cellular","may",127,-1,"no"
54,"married","tertiary","no","no","cellular","aug",260,-1,"no"
29,"married","primary","yes","no","unknown","jun",188,-1,"no"
52,"single","tertiary","no","no","cellular","aug",63,-1,"no"
38,"single","tertiary","no","yes","unknown","may",174,-1,"no"
40,"divorced","secondary","yes","no","cellular","feb",67,-1,"no"
40,"married","tertiary","yes","no","cellular","jul",566,395,"yes"
52,"married","tertiary","no","no","cellular","nov",245,-1,"no"
58,"married","unknown","no","no","unknown","jun",145,-1,"no"
57,"married","primary","no","no","unknown","jun",259,-1,"no"
31,"single","secondary","yes","no","cellular","nov",529,-1,"yes"
36,"married","secondary","yes","no","cellular","may",167,350,"no"
46,"divorced","secondary","no","no","cellular","jul",227,-1,"no"
30,"married","secondary","yes","yes","unknown","may",361,-1,"no"
38,"married","primary","yes","no","telephone","may",47,-1,"no"
45,"married","secondary","yes","no","cellular","jan",244,-1,"no"
27,"single","tertiary","no","no","cellular","jan",554,-1,"no"
52,"married","unknown","yes","no","cellular","jul",424,-1,"no"
38,"single","secondary","no","no","cellular","feb",245,-1,"no"
31,"married","secondary","yes","yes","cellular","nov",133,180,"no"
34,"divorced","secondary","no","no","cellular","may",142,-1,"no"
32,"married","secondary","yes","no","unknown","may",123,-1,"no"
33,"single","secondary","yes","no","unknown","may",641,-1,"no"
34,"married","tertiary","yes","no","cellular","apr",399,-1,"no"
36,"married","tertiary","yes","no","cellular","apr",116,-1,"no"
35,"divorced","secondary","no","no","cellular","aug",130,-1,"no"
38,"married","primary","yes","no","cellular","jul",18,-1,"no"
47,"married","primary","yes","no","unknown","may",142,-1,"no"
20,"single","secondary","no","no","cellular","feb",274,-1,"no"
26,"single","secondary","no","no","cellular","feb",190,-1,"yes"
38,"married","tertiary","no","no","cellular","aug",242,-1,"no"
33,"single","tertiary","yes","no","cellular","may",470,166,"no"
32,"single","tertiary","no","no","cellular","aug",77,-1,"no"
41,"married","primary","yes","no","unknown","may",1052,-1,"yes"
44,"married","secondary","yes","no","unknown","may",244,-1,"no"
32,"single","tertiary","yes","no","unknown","may",66,-1,"no"
28,"single","secondary","yes","no","cellular","may",133,-1,"no"
48,"divorced","secondary","no","no","cellular","aug",219,-1,"no"
52,"married","secondary","yes","no","cellular","feb",220,63,"yes"
47,"divorced","secondary","no","no","cellular","aug",59,-1,"no"
43,"married","tertiary","yes","no","unknown","may",244,-1,"no"
40,"single","tertiary","no","no","cellular","aug",467,-1,"yes"
47,"divorced","secondary","yes","no","unknown","may",303,-1,"no"
40,"married","secondary","no","yes","unknown","jun",70,-1,"no"
33,"married","tertiary","yes","yes","cellular","jul",604,-1,"no"
45,"married","secondary","yes","no","unknown","may",714,-1,"no"
38,"married","secondary","yes","no","cellular","jul",270,-1,"no"
32,"single","tertiary","no","no","cellular","aug",1144,-1,"no"
37,"married","secondary","no","no","cellular","nov",109,-1,"no"
55,"single","tertiary","no","no","telephone","aug",199,-1,"no"
28,"single","secondary","yes","no","cellular","may",32,-1,"no"
36,"married","primary","yes","no","cellular","apr",176,330,"no"
33,"married","secondary","yes","no","unknown","may",228,-1,"no"
33,"single","secondary","yes","no","cellular","may",148,365,"no"
48,"married","primary","yes","no","unknown","jun",58,-1,"no"
64,"married","tertiary","no","no","telephone","mar",341,179,"yes"
37,"divorced","secondary","yes","no","cellular","feb",446,273,"no"
41,"married","primary","yes","no","cellular","nov",220,190,"no"
39,"married","unknown","no","no","unknown","jun",135,-1,"no"
40,"married","tertiary","no","no","cellular","apr",126,-1,"no"
57,"married","unknown","no","no","telephone","jul",28,-1,"no"
58,"divorced","secondary","no","no","cellular","mar",180,-1,"yes"
31,"married","tertiary","no","no","cellular","nov",187,-1,"no"
36,"married","tertiary","yes","yes","cellular","jul",337,-1,"no"
39,"married","primary","yes","no","unknown","oct",150,-1,"yes"
28,"married","secondary","yes","no","unknown","may",101,-1,"no"
57,"married","tertiary","yes","no","cellular","nov",67,-1,"no"
57,"married","primary","no","no","unknown","jun",109,-1,"no"
38,"married","secondary","no","no","cellular","feb",147,-1,"no"
44,"married","secondary","no","no","cellular","jan",334,-1,"no"
45,"married","primary","no","no","telephone","jul",145,-1,"no"
33,"married","primary","yes","no","cellular","jul",351,-1,"no"
41,"married","unknown","yes","no","cellular","may",52,-1,"no"
54,"married","unknown","no","no","unknown","jun",134,-1,"no"
62,"married","tertiary","no","no","cellular","apr",496,-1,"yes"
29,"single","secondary","yes","no","cellular","may",293,-1,"no"
60,"divorced","primary","no","no","telephone","nov",105,-1,"no"
52,"married","secondary","no","yes","cellular","jul",245,-1,"no"
49,"married","primary","no","no","unknown","jul",191,-1,"no"
51,"married","secondary","yes","no","telephone","may",97,-1,"no"
48,"divorced","secondary","yes","yes","cellular","jun",248,89,"no"
44,"married","tertiary","yes","no","unknown","may",124,-1,"no"
31,"married","secondary","yes","no","cellular","nov",441,-1,"no"
51,"single","secondary","yes","no","cellular","nov",69,-1,"no"
43,"married","primary","yes","yes","cellular","may",205,306,"no"
32,"single","secondary","yes","yes","cellular","may",107,344,"no"
29,"married","tertiary","yes","yes","unknown","may",280,-1,"no"
49,"married","secondary","yes","yes","cellular","may",134,256,"no"
45,"married","primary","yes","no","unknown","may",51,-1,"no"
49,"married","secondary","yes","yes","unknown","may",197,-1,"no"
27,"single","secondary","no","no","cellular","jul",203,-1,"yes"
44,"married","secondary","yes","yes","cellular","jul",209,-1,"no"
46,"single","secondary","no","no","cellular","aug",160,-1,"no"
32,"married","secondary","yes","no","cellular","nov",493,-1,"no"
38,"married","primary","yes","yes","telephone","jul",163,-1,"no"
36,"single","tertiary","yes","no","cellular","may",568,-1,"yes"
33,"single","tertiary","no","yes","cellular","jul",192,-1,"no"
30,"married","secondary","no","no","cellular","aug",124,-1,"no"
54,"married","tertiary","no","no","cellular","feb",256,-1,"no"
31,"single","secondary","yes","no","cellular","nov",321,190,"no"
57,"married","tertiary","no","no","unknown","jun",26,-1,"no"
56,"married","secondary","no","no","cellular","jul",101,-1,"no"
35,"married","secondary","yes","no","unknown","may",79,-1,"no"
69,"married","tertiary","no","no","cellular","jul",112,78,"no"
33,"married","secondary","yes","no","cellular","jul",181,-1,"no"
38,"married","tertiary","no","no","cellular","jun",103,67,"yes"
59,"single","tertiary","yes","no","unknown","may",176,-1,"no"
37,"divorced","secondary","no","no","unknown","jun",150,-1,"no"
57,"married","secondary","no","no","unknown","jun",447,-1,"no"
30,"married","tertiary","yes","no","cellular","may",401,336,"no"
57,"married","secondary","no","yes","telephone","jul",165,-1,"no"
37,"single","tertiary","yes","no","cellular","may",212,-1,"no"
34,"married","secondary","no","yes","cellular","feb",150,-1,"no"
41,"single","secondary","no","no","unknown","jun",229,-1,"no"
46,"married","tertiary","yes","no","unknown","may",128,-1,"no"
32,"divorced","primary","yes","no","telephone","jul",11,-1,"no"
47,"married","primary","yes","no","cellular","may",143,370,"no"
42,"married","secondary","yes","no","cellular","jul",222,-1,"no"
46,"divorced","tertiary","yes","no","unknown","may",69,-1,"no"
53,"married","secondary","no","yes","telephone","jul",137,-1,"no"
57,"married","secondary","no","no","cellular","oct",61,-1,"no"
57,"single","secondary","yes","no","cellular","may",458,-1,"yes"
45,"married","tertiary","yes","yes","cellular","may",217,176,"no"
35,"married","primary","yes","no","unknown","may",292,-1,"no"
37,"married","secondary","yes","no","cellular","jul",94,-1,"no"
30,"single","primary","yes","no","cellular","nov",569,175,"no"
33,"single","tertiary","no","no","cellular","oct",380,91,"yes"
31,"divorced","tertiary","yes","no","cellular","feb",67,202,"no"
46,"married","primary","yes","no","unknown","jun",272,-1,"no"
38,"married","secondary","no","no","unknown","jul",515,-1,"no"
47,"married","tertiary","yes","no","cellular","mar",78,-1,"no"
26,"single","secondary","no","no","cellular","nov",104,196,"no"
55,"married","secondary","no","no","cellular","jun",324,90,"yes"
44,"married","unknown","no","yes","unknown","may",160,-1,"no"
39,"married","secondary","yes","no","cellular","may",122,357,"no"
54,"married","secondary","yes","no","cellular","nov",146,-1,"no"
58,"married","secondary","no","no","cellular","may",188,161,"no"
48,"divorced","secondary","no","no","cellular","aug",132,-1,"no"
39,"married","secondary","yes","no","cellular","apr",303,300,"no"
54,"married","primary","no","no","cellular","aug",160,-1,"no"
31,"married","tertiary","no","no","cellular","aug",195,-1,"no"
46,"married","secondary","no","no","cellular","jul",142,-1,"no"
36,"married","secondary","no","no","cellular","may",83,42,"no"
47,"married","secondary","no","no","cellular","aug",322,-1,"no"
41,"married","unknown","no","no","unknown","may",284,-1,"no"
57,"single","secondary","no","no","cellular","aug",355,-1,"yes"
57,"married","tertiary","no","no","unknown","jun",453,-1,"no"
47,"divorced","tertiary","yes","no","telephone","may",973,366,"no"
37,"married","primary","no","no","unknown","jun",126,-1,"no"
29,"married","secondary","yes","yes","unknown","may",241,-1,"no"
29,"married","tertiary","yes","yes","unknown","may",49,-1,"no"
39,"single","secondary","yes","yes","cellular","may",180,166,"no"
60,"married","tertiary","no","no","cellular","aug",105,-1,"no"
42,"married","primary","yes","no","unknown","may",41,-1,"no"
64,"married","secondary","no","no","cellular","jul",574,179,"yes"
33,"married","secondary","no","no","unknown","may",239,-1,"no"
42,"married","secondary","yes","no","cellular","jul",548,-1,"no"
34,"married","secondary","yes","no","cellular","jul",532,-1,"no"
20,"single","unknown","no","no","cellular","dec",284,-1,"yes"
39,"single","tertiary","no","no","cellular","aug",94,-1,"no"
35,"married","secondary","yes","no","unknown","may",455,-1,"no"
53,"married","tertiary","no","no","unknown","jun",82,-1,"no"
55,"married","secondary","no","no","cellular","sep",350,98,"yes"
29,"single","secondary","yes","no","cellular","may",139,345,"no"
60,"married","secondary","no","yes","cellular","jul",211,-1,"no"
41,"married","secondary","no","no","cellular","aug",155,-1,"no"
32,"married","primary","yes","no","telephone","may",185,370,"no"
42,"married","unknown","no","no","telephone","jan",258,-1,"no"
37,"single","secondary","no","no","cellular","feb",301,-1,"no"
52,"married","secondary","yes","no","unknown","jun",177,-1,"no"
35,"married","primary","yes","no","cellular","may",244,-1,"no"
53,"divorced","primary","no","no","telephone","aug",254,-1,"yes"
34,"single","tertiary","yes","no","unknown","may",118,-1,"no"
32,"single","secondary","yes","no","cellular","may",139,363,"no"
29,"single","secondary","yes","no","unknown","jun",361,-1,"no"
26,"single","primary","yes","yes","unknown","may",305,-1,"no"
25,"single","tertiary","yes","no","cellular","apr",226,-1,"no"
46,"married","tertiary","yes","no","cellular","aug",515,-1,"no"
58,"married","primary","yes","yes","cellular","aug",80,-1,"no"
39,"divorced","secondary","no","no","cellular","aug",116,-1,"no"
25,"single","tertiary","yes","no","cellular","feb",58,-1,"no"
30,"single","secondary","yes","no","unknown","may",1193,-1,"yes"
50,"married","tertiary","no","no","cellular","aug",155,-1,"no"
49,"divorced","secondary","yes","no","unknown","jun",106,-1,"no"
52,"married","secondary","yes","yes","unknown","may",361,-1,"no"
28,"married","tertiary","yes","no","unknown","may",461,-1,"no"
30,"single","secondary","no","no","cellular","aug",49,-1,"no"
27,"single","secondary","yes","no","cellular","may",493,-1,"no"
48,"married","secondary","no","no","cellular","jul",330,-1,"no"
39,"married","tertiary","no","no","cellular","aug",247,-1,"no"
31,"single","tertiary","yes","no","cellular","aug",130,-1,"no"
31,"married","secondary","yes","no","cellular","nov",236,-1,"no"
50,"married","unknown","yes","no","unknown","may",200,-1,"no"
32,"single","tertiary","no","no","cellular","apr",210,-1,"no"
49,"married","primary","no","no","unknown","jun",123,-1,"no"
48,"married","secondary","no","no","unknown","jun",389,-1,"no"
34,"single","tertiary","yes","no","unknown","jun",119,-1,"no"
33,"single","secondary","yes","no","cellular","apr",427,329,"no"
46,"married","unknown","no","no","cellular","nov",104,189,"no"
43,"married","secondary","yes","no","unknown","may",228,-1,"no"
38,"divorced","secondary","no","no","unknown","jun",261,-1,"no"
38,"married","tertiary","yes","no","unknown","jun",258,-1,"no"
44,"married","secondary","yes","no","cellular","jul",72,-1,"no"
23,"married","secondary","yes","no","unknown","jun",81,-1,"no"
54,"married","tertiary","no","no","cellular","nov",43,-1,"no"
34,"married","secondary","no","yes","cellular","may",737,-1,"yes"
37,"married","tertiary","yes","no","unknown","may",55,-1,"no"
36,"married","unknown","yes","yes","cellular","may",42,-1,"no"
22,"single","secondary","no","no","cellular","feb",928,-1,"no"
37,"married","secondary","yes","no","unknown","jun",250,-1,"no"
40,"married","primary","yes","no","unknown","may",161,-1,"no"
28,"married","secondary","yes","no","cellular","may",129,-1,"no"
35,"single","tertiary","yes","no","unknown","may",145,-1,"no"
48,"married","primary","yes","no","cellular","jul",61,-1,"no"
32,"married","secondary","yes","yes","cellular","may",93,180,"no"
52,"divorced","secondary","no","no","cellular","aug",404,-1,"yes"
51,"married","tertiary","yes","no","cellular","oct",272,102,"no"
34,"divorced","primary","yes","no","unknown","may",489,-1,"no"
55,"married","secondary","no","no","cellular","sep",182,184,"yes"
45,"married","secondary","no","no","cellular","aug",145,-1,"no"
47,"divorced","secondary","no","no","unknown","jun",40,-1,"no"
39,"married","secondary","yes","no","cellular","may",344,-1,"no"
51,"married","secondary","no","no","telephone","feb",295,-1,"no"
32,"single","primary","yes","no","cellular","nov",114,-1,"no"
39,"divorced","tertiary","no","no","cellular","jul",194,88,"yes"
39,"married","tertiary","yes","no","cellular","sep",265,476,"yes"
55,"married","primary","yes","no","unknown","jun",15,-1,"no"
45,"married","secondary","yes","no","unknown","may",191,-1,"no"
33,"single","tertiary","yes","no","cellular","may",1046,-1,"yes"
49,"married","primary","yes","no","telephone","may",108,-1,"no"
56,"married","unknown","no","no","cellular","jul",232,-1,"no"
40,"single","tertiary","no","no","cellular","aug",165,-1,"no"
25,"single","tertiary","no","no","cellular","may",351,-1,"no"
41,"single","secondary","no","yes","cellular","may",35,356,"no"
37,"married","primary","no","no","cellular","feb",280,-1,"no"
29,"married","secondary","no","yes","cellular","jul",235,-1,"no"
29,"divorced","secondary","yes","no","cellular","apr",712,-1,"yes"
39,"married","secondary","yes","no","unknown","jun",165,-1,"no"
29,"married","secondary","yes","no","unknown","jun",123,-1,"no"
47,"single","tertiary","no","no","cellular","feb",293,-1,"no"
40,"married","secondary","no","no","cellular","may",261,178,"no"
54,"married","primary","yes","no","unknown","may",62,-1,"no"
30,"single","tertiary","yes","no","cellular","nov",150,-1,"no"
38,"married","secondary","yes","no","cellular","aug",161,-1,"no"
48,"married","tertiary","no","yes","cellular","jul",70,-1,"no"
28,"single","secondary","yes","no","unknown","may",136,-1,"no"
45,"married","primary","yes","no","unknown","may",923,-1,"no"
46,"married","secondary","yes","no","cellular","jul",126,-1,"no"
41,"married","secondary","yes","no","cellular","jul",158,-1,"no"
51,"married","secondary","no","no","cellular","aug",217,-1,"no"
37,"married","secondary","yes","yes","cellular","nov",44,-1,"no"
51,"married","secondary","no","no","unknown","jun",7,-1,"no"
29,"single","tertiary","no","no","cellular","may",268,88,"yes"
25,"married","tertiary","yes","no","cellular","may",185,-1,"no"
34,"married","secondary","yes","no","unknown","jun",165,-1,"no"
31,"married","secondary","no","no","cellular","apr",615,-1,"yes"
34,"married","secondary","yes","yes","cellular","may",315,-1,"no"
45,"married","primary","yes","no","telephone","jul",32,-1,"no"
31,"married","primary","yes","no","unknown","may",479,-1,"no"
46,"married","primary","yes","no","unknown","may",217,-1,"no"
29,"single","tertiary","yes","no","cellular","may",103,363,"no"
36,"married","secondary","no","no","unknown","may",98,-1,"no"
36,"married","secondary","no","no","cellular","jan",339,-1,"no"
32,"single","secondary","no","no","cellular","aug",390,-1,"no"
32,"single","tertiary","no","no","unknown","may",35,-1,"no"
30,"single","primary","yes","no","cellular","may",125,-1,"no"
31,"single","tertiary","no","no","cellular","jun",529,-1,"yes"
39,"married","secondary","yes","no","unknown","may",99,-1,"no"
46,"married","unknown","yes","no","unknown","may",306,-1,"no"
55,"married","unknown","yes","no","cellular","nov",278,104,"no"
47,"married","secondary","yes","no","cellular","feb",117,221,"no"
42,"married","primary","yes","no","unknown","may",51,-1,"no"
38,"single","secondary","no","no","unknown","jun",359,-1,"no"
33,"married","secondary","yes","no","cellular","apr",1817,-1,"yes"
44,"married","secondary","yes","no","cellular","nov",73,-1,"no"
27,"single","tertiary","no","no","cellular","sep",299,100,"yes"
30,"single","secondary","no","no","cellular","nov",240,-1,"no"
41,"married","secondary","no","no","cellular","aug",160,-1,"no"
35,"single","secondary","no","no","cellular","aug",392,-1,"no"
31,"single","secondary","yes","no","cellular","may",590,-1,"no"
27,"single","tertiary","no","no","cellular","feb",17,-1,"no"
47,"married","tertiary","no","no","unknown","jun",178,-1,"no"
25,"single","tertiary","no","no","cellular","jun",169,-1,"no"
48,"married","primary","yes","no","unknown","may",144,-1,"no"
47,"married","primary","yes","no","unknown","may",128,-1,"no"
27,"married","secondary","yes","no","cellular","may",304,332,"no"
35,"married","secondary","no","no","cellular","aug",268,-1,"no"
35,"single","tertiary","no","no","unknown","jun",17,-1,"no"
31,"single","secondary","yes","no","cellular","apr",1126,335,"no"
37,"married","secondary","yes","no","unknown","may",135,-1,"no"
23,"single","secondary","yes","no","cellular","may",77,-1,"no"
23,"single","secondary","yes","no","unknown","may",124,-1,"no"
36,"divorced","tertiary","yes","no","unknown","may",172,-1,"no"
29,"married","secondary","yes","no","cellular","may",231,-1,"no"
30,"single","tertiary","no","yes","unknown","jul",88,-1,"no"
56,"married","unknown","no","no","unknown","jun",1812,-1,"no"
30,"married","tertiary","no","no","cellular","feb",78,-1,"no"
28,"single","tertiary","no","no","telephone","may",16,-1,"no"
30,"married","secondary","yes","no","unknown","jun",955,-1,"no"
45,"married","tertiary","no","no","cellular","aug",199,-1,"no"
24,"married","secondary","yes","no","cellular","apr",369,-1,"no"
69,"married","secondary","no","no","cellular","oct",114,-1,"no"
32,"single","tertiary","no","no","cellular","aug",161,375,"yes"
27,"single","secondary","no","no","cellular","jan",24,-1,"no"
43,"married","secondary","no","yes","cellular","jul",34,-1,"no"
69,"married","secondary","no","no","cellular","aug",412,-1,"yes"
43,"married","primary","no","no","cellular","feb",182,-1,"no"
33,"divorced","secondary","yes","no","unknown","may",74,-1,"no"
41,"single","secondary","yes","no","cellular","jan",58,266,"no"
53,"divorced","unknown","yes","no","cellular","jul",332,-1,"no"
31,"married","tertiary","yes","no","cellular","may",498,-1,"no"
70,"married","primary","no","no","cellular","mar",618,-1,"no"
36,"married","tertiary","no","no","cellular","nov",64,100,"no"
28,"married","tertiary","no","yes","cellular","apr",93,-1,"no"
57,"married","secondary","no","no","cellular","aug",342,-1,"yes"
67,"married","primary","no","no","cellular","aug",109,-1,"no"
36,"married","tertiary","yes","no","cellular","may",568,-1,"no"
31,"divorced","primary","yes","no","cellular","may",36,336,"no"
34,"married","tertiary","yes","no","unknown","jun",105,-1,"no"
59,"married","primary","yes","no","unknown","jun",21,-1,"no"
36,"single","secondary","yes","no","cellular","may",629,173,"yes"
37,"single","secondary","yes","no","unknown","may",242,-1,"no"
33,"married","secondary","yes","no","cellular","may",423,-1,"no"
40,"married","tertiary","yes","yes","cellular","feb",101,-1,"no"
33,"married","tertiary","no","no","cellular","nov",44,-1,"no"
27,"single","secondary","yes","yes","unknown","may",450,-1,"no"
38,"divorced","secondary","yes","no","cellular","dec",347,186,"no"
37,"married","tertiary","no","no","cellular","nov",326,-1,"no"
56,"married","primary","no","no","unknown","jun",258,-1,"no"
37,"married","tertiary","yes","no","cellular","nov",204,-1,"no"
30,"single","tertiary","no","no","cellular","aug",132,-1,"no"
25,"single","secondary","no","yes","cellular","jul",84,-1,"no"
35,"married","secondary","yes","yes","unknown","may",95,-1,"no"
40,"divorced","secondary","yes","no","cellular","may",290,-1,"no"
37,"married","secondary","yes","no","cellular","apr",157,-1,"no"
38,"single","secondary","yes","yes","cellular","aug",251,117,"no"
26,"single","secondary","yes","no","cellular","jul",161,-1,"no"
41,"married","primary","yes","yes","cellular","may",102,-1,"no"
39,"single","tertiary","no","no","cellular","aug",121,-1,"no"
42,"single","secondary","yes","no","cellular","may",67,177,"no"
32,"married","secondary","yes","yes","cellular","jan",117,-1,"no"
39,"divorced","primary","yes","no","cellular","may",22,-1,"no"
54,"married","secondary","no","no","cellular","aug",226,-1,"no"
46,"single","secondary","yes","no","unknown","may",194,-1,"no"
34,"married","tertiary","no","yes","cellular","nov",366,-1,"no"
42,"married","unknown","yes","no","unknown","jun",16,-1,"no"
34,"single","secondary","yes","no","cellular","apr",169,-1,"no"
45,"married","secondary","no","no","cellular","jul",301,88,"no"
62,"divorced","tertiary","no","no","cellular","oct",534,-1,"no"
53,"married","secondary","no","yes","cellular","feb",150,-1,"no"
43,"divorced","tertiary","yes","no","cellular","may",313,369,"no"
53,"married","secondary","no","no","unknown","jun",154,-1,"no"
26,"single","tertiary","no","no","cellular","jan",1387,-1,"yes"
52,"married","secondary","no","no","unknown","may",227,-1,"no"
28,"single","secondary","no","no","cellular","jul",118,-1,"no"
34,"married","secondary","yes","no","cellular","feb",173,258,"no"
36,"divorced","primary","no","no","cellular","feb",306,-1,"no"
38,"single","tertiary","yes","no","cellular","may",119,-1,"no"
33,"married","tertiary","no","no","cellular","jun",92,301,"no"
55,"married","tertiary","no","no","unknown","may",278,-1,"no"
33,"married","secondary","no","yes","cellular","feb",214,-1,"no"
58,"married","secondary","yes","no","telephone","apr",21,-1,"no"
32,"single","secondary","yes","yes","unknown","may",202,-1,"no"
34,"married","secondary","yes","yes","cellular","jun",153,309,"no"
37,"divorced","primary","yes","no","telephone","may",42,-1,"no"
21,"single","secondary","no","no","unknown","oct",5,-1,"no"
68,"divorced","secondary","no","no","telephone","jul",897,-1,"yes"
32,"single","secondary","yes","yes","cellular","may",121,-1,"no"
50,"married","secondary","no","no","cellular","feb",276,195,"no"
43,"married","secondary","yes","no","cellular","may",141,-1,"no"
41,"married","tertiary","no","no","cellular","aug",338,-1,"no"
30,"single","secondary","yes","no","unknown","jun",862,-1,"yes"
46,"married","primary","no","no","unknown","may",222,-1,"no"
45,"married","tertiary","no","no","unknown","jun",202,-1,"no"
41,"married","secondary","yes","no","cellular","may",874,363,"yes"
57,"married","secondary","yes","yes","unknown","may",200,-1,"no"
39,"single","secondary","no","no","cellular","aug",395,-1,"yes"
43,"married","secondary","no","no","cellular","apr",488,-1,"no"
55,"married","tertiary","no","no","cellular","aug",1650,-1,"no"
35,"single","secondary","yes","no","unknown","jun",110,-1,"no"
47,"single","tertiary","yes","no","cellular","feb",100,-1,"no"
34,"single","tertiary","no","no","cellular","may",376,97,"no"
52,"married","unknown","yes","no","cellular","jan",144,197,"no"
31,"divorced","tertiary","no","no","cellular","jul",355,-1,"yes"
31,"married","tertiary","yes","no","cellular","jul",147,-1,"no"
34,"married","tertiary","yes","yes","cellular","jul",1165,-1,"no"
47,"married","primary","yes","no","cellular","feb",38,-1,"no"
43,"single","tertiary","yes","no","unknown","may",58,-1,"no"
58,"divorced","secondary","no","no","unknown","jun",67,-1,"no"
42,"married","unknown","no","no","cellular","aug",80,-1,"no"
58,"married","primary","no","no","cellular","aug",109,-1,"no"
33,"married","secondary","yes","yes","cellular","may",732,291,"yes"
42,"divorced","secondary","yes","no","unknown","may",15,-1,"no"
60,"married","primary","no","no","unknown","jun",442,-1,"no"
42,"married","secondary","no","no","unknown","jun",216,-1,"no"
31,"divorced","secondary","yes","no","telephone","nov",194,-1,"no"
30,"married","tertiary","yes","no","cellular","jun",194,-1,"yes"
24,"single","secondary","no","no","cellular","apr",354,-1,"yes"
41,"divorced","tertiary","no","no","cellular","oct",302,119,"no"
39,"married","secondary","no","no","unknown","jun",256,-1,"no"
35,"married","secondary","yes","no","cellular","apr",202,280,"no"
33,"married","secondary","yes","no","unknown","may",383,-1,"no"
34,"divorced","secondary","yes","no","cellular","nov",88,126,"no"
36,"single","secondary","yes","no","cellular","may",200,-1,"no"
40,"married","secondary","yes","yes","unknown","may",76,-1,"no"
40,"married","secondary","yes","no","cellular","may",64,336,"no"
34,"single","secondary","yes","no","unknown","may",313,-1,"no"
56,"divorced","secondary","yes","no","cellular","aug",419,-1,"yes"
50,"married","unknown","yes","no","unknown","may",243,-1,"no"
23,"single","tertiary","no","no","cellular","sep",210,92,"no"
36,"married","secondary","yes","no","unknown","may",235,-1,"no"
48,"married","secondary","no","no","cellular","aug",195,-1,"no"
46,"single","tertiary","no","no","cellular","aug",142,-1,"no"
31,"single","tertiary","yes","no","cellular","may",414,175,"no"
29,"single","secondary","yes","yes","cellular","may",67,-1,"no"
43,"married","primary","yes","yes","cellular","jul",87,-1,"no"
57,"married","secondary","no","no","cellular","feb",1063,-1,"yes"
60,"married","secondary","no","no","cellular","aug",418,-1,"no"
46,"single","secondary","yes","no","unknown","jun",214,-1,"no"
46,"married","secondary","no","no","cellular","jul",72,-1,"no"
55,"married","secondary","yes","yes","unknown","jun",124,-1,"no"
46,"married","secondary","yes","yes","cellular","apr",164,300,"no"
50,"married","secondary","yes","yes","cellular","nov",126,-1,"no"
34,"married","tertiary","no","no","cellular","jan",216,-1,"no"
25,"single","tertiary","yes","no","cellular","jul",134,-1,"no"
57,"married","tertiary","no","no","cellular","jan",91,94,"no"
30,"divorced","secondary","yes","no","unknown","may",154,-1,"no"
42,"divorced","secondary","no","no","cellular","jul",360,-1,"no"
25,"single","tertiary","no","no","cellular","apr",124,-1,"no"
29,"single","secondary","yes","yes","unknown","may",92,-1,"no"
24,"single","unknown","no","no","cellular","jun",1094,-1,"no"
42,"married","primary","yes","no","unknown","may",171,-1,"no"
35,"married","tertiary","no","no","cellular","may",74,168,"no"
36,"married","secondary","yes","yes","unknown","may",263,-1,"no"
34,"single","tertiary","yes","no","unknown","may",864,-1,"yes"
70,"married","tertiary","no","no","telephone","oct",90,-1,"no"
24,"single","secondary","yes","no","cellular","may",317,355,"no"
45,"single","unknown","no","no","cellular","nov",279,-1,"no"
48,"married","primary","no","no","cellular","jul",362,-1,"no"
34,"married","tertiary","no","no","cellular","aug",166,-1,"no"
47,"married","secondary","no","yes","unknown","jun",128,-1,"no"
60,"married","primary","no","no","telephone","aug",67,-1,"no"
39,"married","tertiary","yes","no","unknown","may",107,-1,"no"
34,"single","secondary","no","no","cellular","nov",205,-1,"no"
44,"married","tertiary","no","no","cellular","aug",114,-1,"no"
33,"single","secondary","yes","yes","unknown","jun",185,-1,"no"
30,"married","secondary","no","no","cellular","nov",105,-1,"no"
46,"divorced","secondary","yes","no","cellular","apr",225,150,"no"
57,"divorced","tertiary","yes","no","cellular","aug",865,-1,"yes"
28,"single","tertiary","yes","no","telephone","may",203,-1,"no"
40,"married","primary","yes","no","cellular","apr",76,-1,"no"
41,"single","secondary","yes","no","unknown","jul",479,-1,"yes"
33,"married","primary","no","no","unknown","sep",9,-1,"no"
54,"married","secondary","yes","no","cellular","apr",268,331,"no"
36,"married","secondary","yes","no","unknown","jun",100,-1,"no"
50,"married","secondary","yes","no","cellular","may",168,-1,"no"
35,"married","secondary","yes","no","unknown","jun",90,-1,"no"
46,"married","secondary","yes","yes","cellular","may",50,277,"no"
37,"married","tertiary","yes","no","cellular","apr",261,-1,"no"
39,"married","tertiary","yes","no","cellular","aug",313,102,"no"
27,"single","secondary","no","no","cellular","jul",260,-1,"no"
55,"married","primary","no","no","unknown","jun",306,-1,"no"
54,"married","secondary","yes","no","unknown","may",220,-1,"no"
40,"single","tertiary","yes","no","cellular","jul",96,-1,"no"
40,"married","tertiary","yes","yes","unknown","may",195,-1,"no"
48,"divorced","secondary","yes","no","cellular","may",146,370,"no"
29,"divorced","secondary","no","no","unknown","may",393,-1,"no"
25,"single","secondary","no","no","cellular","jul",736,-1,"no"
49,"married","secondary","yes","no","cellular","may",190,276,"no"
45,"divorced","secondary","no","yes","cellular","jul",574,-1,"yes"
30,"single","secondary","yes","no","cellular","nov",45,-1,"no"
32,"single","primary","yes","no","cellular","may",716,-1,"yes"
36,"married","tertiary","yes","no","unknown","may",168,-1,"no"
35,"married","secondary","yes","yes","cellular","jan",41,184,"no"
32,"married","unknown","no","no","cellular","feb",79,-1,"no"
35,"married","secondary","yes","no","cellular","may",249,365,"no"
32,"married","secondary","yes","no","cellular","nov",179,197,"no"
32,"divorced","secondary","yes","no","unknown","may",155,-1,"no"
24,"married","unknown","no","no","cellular","apr",324,-1,"yes"
48,"married","secondary","yes","no","cellular","nov",581,-1,"no"
36,"married","secondary","no","no","unknown","jun",408,-1,"no"
60,"married","primary","no","no","cellular","aug",182,95,"no"
40,"divorced","tertiary","yes","no","cellular","nov",64,-1,"no"
52,"divorced","secondary","no","no","unknown","jul",86,-1,"no"
32,"single","secondary","no","no","cellular","aug",190,-1,"no"
44,"married","primary","no","no","cellular","nov",570,-1,"no"
41,"married","secondary","yes","no","cellular","may",606,335,"no"
30,"married","secondary","yes","no","cellular","aug",73,-1,"no"
35,"divorced","secondary","no","no","cellular","aug",77,-1,"no"
41,"single","tertiary","no","no","cellular","aug",408,-1,"no"
59,"married","tertiary","no","yes","telephone","jul",159,-1,"no"
34,"married","secondary","yes","yes","unknown","jun",102,-1,"no"
40,"married","tertiary","yes","no","cellular","jul",97,-1,"no"
39,"single","secondary","no","no","cellular","aug",70,-1,"no"
23,"single","secondary","yes","no","unknown","may",134,-1,"no"
35,"married","secondary","yes","no","cellular","nov",233,190,"no"
54,"divorced","secondary","yes","yes","cellular","may",9,350,"no"
41,"divorced","secondary","yes","no","unknown","may",60,-1,"no"
51,"divorced","secondary","yes","no","unknown","may",186,-1,"no"
26,"single","tertiary","no","no","cellular","apr",99,-1,"no"
56,"married","tertiary","no","no","unknown","jun",345,-1,"no"
42,"married","secondary","yes","yes","unknown","jun",229,-1,"no"
32,"single","tertiary","yes","no","cellular","apr",1156,261,"no"
56,"married","tertiary","no","no","cellular","aug",82,-1,"no"
71,"divorced","secondary","no","no","cellular","sep",369,-1,"yes"
48,"single","tertiary","yes","no","cellular","may",124,344,"no"
29,"single","tertiary","no","no","cellular","mar",228,91,"no"
31,"married","secondary","yes","no","cellular","jul",100,-1,"no"
39,"single","secondary","yes","no","cellular","may",57,344,"no"
37,"single","tertiary","no","no","unknown","jun",407,-1,"no"
29,"married","secondary","yes","no","unknown","may",238,-1,"no"
30,"married","secondary","no","no","cellular","apr",86,-1,"no"
33,"married","secondary","yes","yes","unknown","may",241,-1,"no"
47,"married","secondary","no","no","cellular","aug",139,-1,"no"
52,"married","secondary","yes","no","telephone","nov",72,-1,"no"
36,"divorced","tertiary","yes","no","cellular","may",235,293,"no"
52,"married","tertiary","no","no","cellular","jul",32,-1,"no"
50,"married","tertiary","no","no","unknown","jul",60,-1,"no"
50,"married","secondary","yes","no","cellular","apr",599,-1,"no"
32,"married","secondary","yes","no","unknown","may",653,-1,"yes"
30,"married","secondary","yes","no","unknown","may",659,-1,"no"
27,"single","secondary","yes","no","cellular","may",153,-1,"no"
29,"married","tertiary","yes","no","cellular","apr",143,-1,"no"
34,"single","tertiary","no","no","cellular","aug",123,-1,"no"
40,"married","secondary","no","no","unknown","may",79,-1,"no"
54,"single","tertiary","yes","no","unknown","may",809,-1,"no"
40,"married","secondary","yes","no","cellular","feb",252,-1,"no"
43,"married","tertiary","no","no","cellular","nov",55,-1,"no"
41,"married","tertiary","no","no","cellular","aug",1242,-1,"yes"
33,"single","secondary","yes","no","cellular","aug",105,-1,"no"
36,"single","secondary","yes","no","unknown","may",617,-1,"no"
48,"married","secondary","no","no","cellular","feb",201,-1,"no"
43,"married","tertiary","yes","no","cellular","nov",435,-1,"no"
27,"married","secondary","yes","no","cellular","feb",140,-1,"no"
49,"married","primary","no","no","telephone","jul",161,-1,"no"
43,"single","primary","yes","no","unknown","jun",317,-1,"no"
47,"married","tertiary","yes","no","cellular","jul",189,-1,"no"
34,"married","secondary","yes","yes","cellular","may",111,-1,"no"
52,"married","secondary","no","no","cellular","aug",356,-1,"no"
32,"single","tertiary","no","no","cellular","sep",110,95,"no"
42,"married","secondary","yes","no","unknown","may",115,-1,"no"
34,"married","primary","yes","no","cellular","apr",297,-1,"no"
36,"married","tertiary","yes","no","cellular","may",104,181,"no"
48,"married","secondary","yes","no","telephone","jul",76,-1,"no"
51,"divorced","secondary","no","no","cellular","aug",131,-1,"no"
33,"married","secondary","no","no","cellular","apr",108,-1,"yes"
40,"divorced","secondary","yes","no","cellular","jul",367,-1,"no"
41,"married","secondary","no","no","cellular","nov",65,110,"no"
34,"single","tertiary","yes","no","cellular","jul",87,-1,"no"
29,"married","secondary","no","no","unknown","may",469,-1,"no"
27,"single","secondary","yes","yes","cellular","feb",147,216,"no"
40,"divorced","tertiary","yes","no","cellular","jul",919,-1,"no"
38,"single","secondary","yes","no","unknown","may",61,-1,"no"
30,"married","secondary","yes","no","cellular","feb",191,-1,"no"
47,"married","secondary","no","no","cellular","aug",203,-1,"no"
32,"divorced","secondary","no","yes","unknown","may",703,-1,"no"
29,"married","secondary","yes","no","unknown","may",179,-1,"no"
31,"married","secondary","no","no","cellular","dec",310,-1,"yes"
46,"married","secondary","yes","no","cellular","may",20,-1,"no"
51,"married","primary","yes","no","unknown","may",415,-1,"no"
41,"single","tertiary","yes","no","cellular","jul",162,-1,"no"
45,"married","primary","yes","no","unknown","may",233,-1,"no"
31,"single","secondary","yes","yes","telephone","may",243,-1,"no"
28,"single","secondary","yes","no","cellular","may",115,-1,"no"
45,"married","secondary","no","no","cellular","jul",73,-1,"no"
33,"single","secondary","no","no","cellular","jan",305,274,"yes"
28,"single","tertiary","yes","no","cellular","may",32,14,"no"
36,"single","secondary","no","no","cellular","feb",77,-1,"no"
32,"single","primary","no","yes","cellular","nov",42,-1,"no"
55,"married","primary","no","yes","cellular","jul",162,-1,"no"
37,"married","secondary","no","yes","cellular","may",254,-1,"no"
32,"married","tertiary","no","no","cellular","aug",167,-1,"no"
31,"single","secondary","yes","no","cellular","may",291,364,"no"
34,"single","secondary","yes","no","cellular","jan",83,262,"no"
31,"single","tertiary","no","no","cellular","aug",38,-1,"no"
44,"married","secondary","no","no","unknown","jun",406,-1,"no"
51,"married","primary","yes","yes","cellular","jul",946,-1,"yes"
29,"married","tertiary","yes","no","unknown","may",121,-1,"no"
59,"married","tertiary","no","no","unknown","jun",181,-1,"no"
22,"single","secondary","no","no","cellular","jun",181,-1,"no"
41,"married","secondary","no","no","cellular","aug",169,-1,"no"
46,"married","secondary","yes","no","cellular","jul",1013,-1,"yes"
45,"single","secondary","yes","no","cellular","may",38,-1,"no"
50,"married","tertiary","yes","no","telephone","jul",111,-1,"no"
55,"married","secondary","no","no","cellular","jul",267,-1,"no"
29,"married","secondary","yes","yes","cellular","may",152,344,"no"
40,"married","tertiary","yes","yes","cellular","jan",260,268,"no"
59,"married","primary","no","no","cellular","jan",98,154,"no"
71,"married","tertiary","no","no","cellular","aug",265,190,"no"
59,"married","primary","yes","no","cellular","nov",531,134,"no"
49,"single","primary","no","no","telephone","jul",115,-1,"no"
45,"married","unknown","no","no","unknown","jun",16,-1,"no"
41,"single","unknown","yes","no","unknown","jun",75,-1,"no"
26,"single","secondary","yes","no","cellular","feb",810,268,"yes"
36,"single","primary","no","no","unknown","jun",1478,-1,"no"
47,"married","secondary","no","no","cellular","aug",109,-1,"no"
44,"married","secondary","no","no","cellular","aug",251,-1,"no"
54,"divorced","primary","no","no","unknown","jun",127,-1,"no"
45,"married","tertiary","no","no","unknown","jun",83,-1,"no"
57,"married","secondary","no","no","cellular","aug",119,-1,"no"
30,"single","secondary","yes","no","cellular","may",170,-1,"no"
35,"married","secondary","no","no","cellular","aug",137,-1,"no"
46,"married","secondary","yes","no","cellular","mar",243,239,"yes"
32,"married","secondary","yes","no","cellular","apr",177,-1,"yes"
34,"married","tertiary","yes","no","cellular","may",459,-1,"yes"
38,"married","primary","yes","no","unknown","jun",29,-1,"no"
48,"married","primary","no","no","cellular","aug",157,-1,"no"
35,"married","tertiary","yes","no","cellular","apr",139,243,"no"
47,"married","tertiary","no","no","cellular","aug",207,-1,"no"
34,"married","tertiary","no","no","cellular","nov",222,-1,"no"
48,"single","secondary","no","no","cellular","nov",442,-1,"no"
33,"single","tertiary","no","no","cellular","aug",182,-1,"no"
33,"married","tertiary","no","no","cellular","apr",439,-1,"yes"
29,"married","secondary","yes","no","unknown","jun",267,-1,"no"
36,"divorced","secondary","yes","no","cellular","may",66,-1,"no"
50,"married","tertiary","yes","no","unknown","may",388,-1,"no"
33,"married","tertiary","no","no","cellular","feb",240,385,"no"
60,"married","secondary","no","no","cellular","jun",95,357,"yes"
35,"divorced","tertiary","yes","no","unknown","may",736,-1,"yes"
34,"married","tertiary","yes","no","cellular","jul",68,-1,"no"
29,"single","unknown","no","yes","cellular","jul",338,-1,"no"
49,"married","secondary","yes","no","unknown","may",76,-1,"no"
41,"single","tertiary","yes","no","cellular","feb",215,80,"no"
38,"married","secondary","yes","no","unknown","may",241,-1,"no"
34,"married","secondary","yes","no","unknown","may",924,-1,"yes"
43,"married","secondary","no","no","cellular","mar",101,421,"yes"
50,"married","secondary","yes","no","cellular","jan",155,-1,"no"
33,"single","tertiary","no","no","cellular","aug",191,-1,"no"
23,"single","secondary","yes","no","cellular","may",416,-1,"yes"
31,"single","secondary","yes","no","cellular","may",111,-1,"no"
35,"married","secondary","yes","no","cellular","apr",93,329,"no"
49,"married","primary","yes","no","unknown","may",160,-1,"no"
42,"married","secondary","no","no","cellular","aug",110,-1,"no"
48,"married","primary","yes","no","cellular","may",210,346,"no"
33,"married","secondary","yes","no","cellular","jan",162,258,"no"
32,"married","primary","yes","no","cellular","may",169,-1,"no"
29,"single","secondary","no","no","cellular","feb",51,-1,"no"
25,"single","secondary","yes","no","cellular","sep",531,-1,"yes"
33,"married","tertiary","no","no","unknown","may",262,-1,"no"
33,"married","secondary","yes","no","unknown","may",271,-1,"no"
27,"single","secondary","no","yes","cellular","jul",62,-1,"no"
28,"single","secondary","no","yes","unknown","aug",5,-1,"no"
56,"divorced","secondary","no","yes","telephone","jul",27,-1,"no"
35,"married","secondary","no","no","cellular","may",55,364,"no"
40,"married","primary","no","no","cellular","nov",325,-1,"no"
46,"single","tertiary","no","no","cellular","aug",686,-1,"yes"
52,"married","tertiary","yes","no","cellular","apr",238,323,"no"
54,"married","tertiary","no","no","unknown","may",155,-1,"no"
40,"married","secondary","yes","yes","cellular","nov",288,-1,"no"
36,"married","secondary","yes","yes","unknown","may",153,-1,"no"
27,"single","secondary","no","no","cellular","feb",207,-1,"no"
35,"single","secondary","yes","no","cellular","may",214,305,"yes"
45,"married","primary","yes","no","telephone","jan",109,-1,"no"
49,"married","tertiary","yes","no","unknown","may",168,-1,"no"
33,"married","secondary","yes","no","cellular","may",261,345,"yes"
27,"single","secondary","yes","no","unknown","may",89,-1,"no"
32,"single","tertiary","no","no","telephone","feb",402,-1,"yes"
32,"married","secondary","no","no","cellular","aug",63,-1,"no"
36,"single","secondary","no","no","cellular","feb",225,-1,"no"
28,"single","primary","yes","no","cellular","may",204,359,"no"
40,"married","secondary","no","no","cellular","aug",432,-1,"yes"
57,"divorced","primary","no","no","telephone","jun",53,-1,"no"
39,"married","secondary","no","no","cellular","nov",360,153,"no"
24,"single","secondary","no","no","cellular","sep",86,-1,"no"
45,"married","secondary","no","no","cellular","feb",617,251,"no"
31,"married","secondary","yes","no","unknown","may",123,-1,"no"
56,"married","tertiary","no","no","unknown","jun",191,-1,"no"
44,"married","secondary","yes","no","cellular","nov",218,113,"no"
32,"single","secondary","no","no","cellular","aug",155,-1,"no"
34,"single","secondary","no","no","cellular","apr",449,326,"no"
73,"married","primary","no","no","cellular","sep",961,-1,"yes"
37,"married","tertiary","yes","no","unknown","may",346,-1,"no"
40,"married","secondary","yes","no","cellular","nov",52,-1,"no"
30,"married","secondary","no","yes","cellular","feb",149,-1,"no"
34,"married","secondary","no","no","cellular","apr",739,-1,"yes"
43,"married","primary","no","yes","cellular","may",45,-1,"no"
41,"married","secondary","yes","no","telephone","apr",218,-1,"no"
36,"divorced","primary","yes","no","cellular","may",725,-1,"yes"
40,"divorced","secondary","yes","no","unknown","jun",316,-1,"no"
48,"married","secondary","yes","no","cellular","nov",254,-1,"no"
31,"married","secondary","yes","no","cellular","feb",380,-1,"no"
28,"divorced","tertiary","no","no","cellular","jul",304,-1,"no"
47,"married","secondary","no","no","cellular","aug",88,-1,"no"
26,"married","secondary","yes","yes","cellular","may",138,-1,"no"
59,"married","secondary","no","no","cellular","nov",162,-1,"yes"
31,"married","unknown","yes","no","cellular","jul",543,-1,"no"
46,"married","tertiary","no","no","cellular","aug",39,-1,"no"
41,"married","primary","yes","no","cellular","nov",984,-1,"yes"
31,"single","tertiary","yes","no","cellular","apr",997,57,"yes"
36,"married","tertiary","no","no","cellular","feb",285,-1,"yes"
47,"married","secondary","no","no","cellular","aug",52,-1,"no"
34,"married","secondary","yes","no","unknown","may",520,-1,"no"
26,"single","secondary","yes","no","cellular","may",550,-1,"yes"
32,"single","tertiary","no","no","cellular","aug",79,-1,"no"
29,"single","secondary","no","no","cellular","jul",108,-1,"no"
37,"married","secondary","no","no","unknown","jun",401,-1,"no"
43,"married","primary","yes","no","unknown","sep",173,-1,"no"
52,"married","secondary","no","yes","cellular","jul",89,-1,"no"
77,"single","primary","no","no","cellular","sep",511,-1,"no"
27,"married","tertiary","yes","yes","cellular","aug",82,-1,"no"
43,"divorced","secondary","no","no","cellular","may",262,353,"yes"
50,"married","primary","yes","no","unknown","may",117,-1,"no"
24,"single","secondary","yes","yes","cellular","may",224,-1,"no"
41,"married","tertiary","no","no","cellular","feb",107,-1,"no"
45,"married","secondary","yes","no","unknown","nov",187,154,"no"
36,"married","secondary","yes","no","cellular","nov",161,-1,"no"
44,"married","primary","yes","no","cellular","feb",290,-1,"no"
31,"married","secondary","yes","no","cellular","may",552,329,"yes"
47,"married","tertiary","no","no","cellular","aug",213,-1,"no"
35,"married","secondary","yes","no","cellular","may",7,367,"no"
40,"single","tertiary","no","no","cellular","jul",180,-1,"yes"
44,"single","unknown","no","no","unknown","jun",17,-1,"no"
31,"single","tertiary","yes","no","cellular","jul",134,-1,"no"
28,"married","secondary","no","no","unknown","may",201,-1,"no"
36,"single","secondary","yes","no","cellular","may",327,-1,"no"
38,"married","primary","yes","no","telephone","may",101,356,"no"
54,"married","tertiary","yes","no","telephone","apr",690,-1,"no"
43,"married","tertiary","no","no","cellular","nov",314,-1,"yes"
44,"divorced","secondary","yes","no","unknown","may",600,-1,"no"
29,"single","secondary","no","no","unknown","may",623,-1,"no"
40,"married","secondary","no","no","unknown","jun",61,-1,"no"
33,"married","secondary","no","no","cellular","aug",73,-1,"no"
40,"single","tertiary","no","no","cellular","may",333,58,"no"
40,"single","secondary","no","no","cellular","jul",173,-1,"no"
42,"divorced","secondary","yes","no","unknown","may",213,-1,"no"
48,"married","unknown","yes","no","cellular","aug",33,-1,"no"
27,"single","tertiary","yes","no","unknown","may",145,-1,"no"
78,"divorced","primary","no","no","telephone","nov",143,90,"no"
36,"married","tertiary","no","no","cellular","aug",47,-1,"no"
51,"married","secondary","yes","no","unknown","may",448,-1,"no"
62,"married","secondary","no","no","cellular","aug",259,35,"no"
61,"divorced","tertiary","no","no","cellular","feb",481,-1,"yes"
48,"divorced","secondary","yes","yes","unknown","may",76,-1,"no"
37,"single","secondary","yes","no","unknown","may",74,-1,"no"
31,"married","secondary","yes","yes","unknown","may",159,-1,"no"
33,"married","tertiary","no","no","cellular","aug",83,-1,"no"
28,"married","tertiary","yes","no","unknown","jun",132,-1,"no"
46,"married","secondary","yes","no","unknown","may",366,-1,"no"
30,"married","secondary","yes","no","cellular","may",157,-1,"no"
39,"single","primary","yes","no","unknown","jun",138,-1,"no"
40,"married","secondary","no","no","cellular","aug",154,-1,"no"
47,"married","secondary","yes","no","unknown","jun",460,-1,"no"
23,"single","tertiary","no","no","cellular","aug",213,-1,"yes"
45,"married","secondary","no","no","cellular","aug",75,-1,"no"
26,"single","primary","no","no","cellular","jan",685,-1,"no"
38,"married","secondary","yes","no","unknown","may",130,-1,"no"
24,"single","unknown","no","no","cellular","may",12,91,"no"
43,"single","unknown","no","no","unknown","jun",156,-1,"no"
37,"married","unknown","no","no","unknown","jun",115,-1,"no"
40,"divorced","secondary","yes","no","cellular","feb",531,208,"yes"
43,"married","secondary","yes","no","cellular","jul",188,-1,"no"
57,"divorced","tertiary","yes","no","cellular","mar",684,-1,"no"
35,"married","secondary","yes","no","unknown","jun",272,-1,"no"
41,"divorced","secondary","yes","yes","unknown","may",139,-1,"no"
36,"divorced","tertiary","yes","no","unknown","jun",55,-1,"no"
48,"single","secondary","no","no","cellular","feb",94,-1,"no"
33,"single","secondary","no","yes","cellular","aug",131,-1,"no"
37,"married","primary","no","no","cellular","may",163,-1,"no"
54,"divorced","tertiary","no","no","cellular","nov",176,-1,"no"
36,"married","primary","yes","no","cellular","jul",135,-1,"no"
28,"married","tertiary","yes","no","cellular","apr",268,-1,"no"
61,"married","tertiary","no","no","cellular","nov",185,-1,"no"
35,"single","secondary","yes","no","unknown","may",178,-1,"no"
36,"married","secondary","yes","no","unknown","may",133,-1,"no"
46,"married","tertiary","no","no","cellular","nov",180,91,"no"
37,"married","secondary","yes","no","unknown","may",146,-1,"no"
52,"divorced","secondary","yes","no","cellular","apr",463,344,"no"
53,"married","secondary","yes","no","unknown","may",126,-1,"no"
45,"married","secondary","yes","no","cellular","sep",307,191,"no"
38,"married","secondary","yes","yes","cellular","may",323,-1,"no"
31,"married","tertiary","no","no","cellular","aug",76,-1,"no"
27,"single","secondary","no","no","cellular","dec",170,197,"yes"
40,"married","secondary","yes","no","cellular","may",201,293,"no"
34,"married","secondary","yes","no","cellular","nov",311,183,"no"
31,"married","secondary","yes","no","cellular","jul",371,-1,"no"
43,"single","secondary","no","yes","cellular","jul",163,-1,"no"
30,"single","tertiary","no","no","cellular","aug",81,-1,"no"
36,"married","tertiary","no","no","cellular","may",103,-1,"no"
52,"single","secondary","no","yes","cellular","feb",363,-1,"no"
49,"married","secondary","yes","no","cellular","nov",283,-1,"no"
56,"married","secondary","yes","no","cellular","jun",382,-1,"yes"
38,"single","secondary","yes","no","cellular","feb",60,271,"no"
46,"married","unknown","yes","no","unknown","jun",177,-1,"no"
45,"married","secondary","yes","no","cellular","may",343,282,"no"
31,"single","primary","yes","no","cellular","feb",140,252,"no"
32,"married","secondary","yes","no","unknown","may",266,-1,"no"
30,"divorced","secondary","yes","yes","cellular","jul",102,-1,"no"
45,"single","secondary","yes","no","cellular","jul",768,91,"no"
46,"married","secondary","no","yes","unknown","jun",167,-1,"no"
59,"married","primary","yes","no","cellular","aug",299,-1,"no"
39,"married","secondary","yes","no","unknown","may",244,-1,"no"
52,"married","primary","no","no","cellular","may",224,170,"no"
52,"married","secondary","no","yes","cellular","jul",753,-1,"yes"
43,"divorced","secondary","yes","no","cellular","may",180,173,"no"
33,"married","tertiary","no","yes","cellular","jul",279,-1,"no"
35,"single","tertiary","yes","no","unknown","oct",248,-1,"yes"
56,"married","secondary","yes","no","cellular","nov",189,-1,"no"
48,"divorced","secondary","no","yes","cellular","nov",318,-1,"no"
34,"married","secondary","yes","yes","unknown","may",492,-1,"no"
33,"single","secondary","no","no","cellular","jul",157,-1,"no"
59,"divorced","tertiary","no","no","cellular","aug",46,-1,"no"
58,"married","primary","yes","no","cellular","may",470,-1,"no"
49,"married","unknown","no","no","cellular","nov",99,-1,"no"
25,"single","secondary","no","yes","cellular","jul",592,-1,"no"
54,"married","secondary","no","yes","unknown","jul",140,-1,"no"
38,"married","secondary","yes","no","unknown","may",515,-1,"no"
46,"married","secondary","no","no","telephone","aug",542,78,"no"
46,"married","tertiary","no","no","unknown","may",120,-1,"no"
25,"single","tertiary","no","no","cellular","jul",549,-1,"no"
36,"single","secondary","no","no","cellular","jul",291,-1,"no"
42,"divorced","tertiary","no","no","cellular","jul",100,84,"no"
48,"divorced","secondary","yes","no","cellular","may",87,-1,"no"
46,"married","secondary","no","no","cellular","apr",102,192,"no"
44,"married","primary","yes","no","unknown","jun",105,-1,"no"
23,"single","secondary","no","no","cellular","jul",315,-1,"no"
57,"divorced","secondary","yes","yes","unknown","may",333,-1,"no"
34,"married","secondary","yes","no","cellular","jul",59,-1,"no"
56,"divorced","tertiary","yes","yes","unknown","may",181,-1,"no"
35,"divorced","secondary","yes","no","cellular","jun",102,96,"no"
27,"single","tertiary","yes","no","cellular","may",105,-1,"no"
34,"married","secondary","yes","no","cellular","jul",254,-1,"no"
32,"married","secondary","yes","no","unknown","jun",193,-1,"no"
37,"single","secondary","no","no","cellular","may",553,-1,"no"
31,"married","primary","yes","yes","unknown","jun",61,-1,"no"
28,"single","tertiary","no","no","cellular","jul",383,-1,"no"
41,"married","tertiary","yes","no","cellular","nov",239,-1,"no"
24,"married","secondary","yes","no","cellular","may",212,-1,"no"
54,"married","primary","yes","no","cellular","jul",106,-1,"no"
31,"single","secondary","yes","no","cellular","nov",313,180,"no"
29,"married","secondary","yes","no","cellular","jul",76,-1,"no"
60,"married","primary","no","no","cellular","aug",142,-1,"no"
36,"married","tertiary","no","yes","cellular","nov",135,152,"no"
36,"divorced","tertiary","yes","no","cellular","nov",192,-1,"no"
30,"married","secondary","yes","no","unknown","may",132,-1,"no"
41,"single","secondary","no","yes","cellular","nov",222,98,"no"
33,"married","secondary","yes","no","unknown","may",218,-1,"no"
31,"single","secondary","no","no","unknown","may",174,-1,"no"
34,"single","tertiary","yes","no","cellular","nov",128,-1,"no"
32,"married","secondary","no","no","cellular","aug",289,-1,"yes"
34,"single","secondary","yes","no","unknown","may",140,-1,"no"
34,"married","tertiary","no","no","cellular","aug",94,-1,"no"
50,"single","secondary","yes","no","unknown","may",136,-1,"no"
23,"single","secondary","yes","yes","cellular","may",358,-1,"no"
31,"divorced","secondary","yes","no","cellular","may",13,-1,"no"
29,"single","secondary","yes","no","cellular","may",233,-1,"no"
47,"divorced","tertiary","no","no","cellular","aug",149,-1,"no"
32,"single","secondary","yes","no","cellular","may",442,266,"yes"
60,"married","secondary","no","no","cellular","sep",183,184,"yes"
26,"single","secondary","no","no","telephone","jan",393,-1,"no"
40,"married","primary","yes","no","cellular","feb",171,277,"no"
57,"married","unknown","no","no","unknown","jun",98,-1,"no"
42,"single","tertiary","yes","no","unknown","may",373,-1,"no"
48,"married","secondary","no","no","unknown","jun",65,-1,"no"
31,"single","secondary","no","no","unknown","may",261,-1,"no"
42,"married","secondary","yes","yes","cellular","aug",186,-1,"no"
35,"divorced","secondary","yes","no","unknown","may",250,-1,"no"
25,"single","secondary","yes","no","cellular","jul",113,-1,"no"
36,"divorced","primary","no","no","telephone","jul",304,-1,"no"
37,"married","tertiary","yes","no","cellular","apr",47,-1,"no"
33,"married","secondary","yes","no","cellular","nov",330,-1,"no"
36,"single","tertiary","no","no","cellular","oct",169,182,"yes"
25,"single","secondary","no","yes","cellular","jul",634,-1,"yes"
43,"married","secondary","no","no","cellular","aug",113,-1,"no"
54,"divorced","secondary","no","yes","cellular","jul",364,-1,"no"
50,"married","unknown","no","no","unknown","jun",561,-1,"no"
30,"single","secondary","no","no","cellular","jan",335,-1,"no"
42,"married","secondary","no","no","unknown","may",89,-1,"no"
30,"single","secondary","yes","no","cellular","may",66,-1,"no"
42,"married","secondary","yes","no","cellular","may",123,-1,"no"
41,"married","primary","yes","no","cellular","apr",268,330,"no"
31,"single","secondary","no","no","cellular","aug",131,-1,"no"
43,"married","secondary","no","no","unknown","jun",477,-1,"no"
40,"married","secondary","yes","yes","cellular","jul",105,172,"no"
41,"married","tertiary","yes","no","cellular","jul",269,-1,"no"
44,"married","unknown","yes","no","unknown","may",401,-1,"no"
36,"divorced","tertiary","yes","yes","cellular","nov",73,-1,"no"
37,"single","tertiary","no","no","unknown","may",188,-1,"no"
42,"married","secondary","no","no","cellular","jul",72,-1,"no"
31,"single","secondary","no","no","cellular","aug",336,-1,"no"
48,"married","secondary","no","no","telephone","feb",49,-1,"no"
33,"married","secondary","yes","no","unknown","may",623,-1,"no"
67,"divorced","tertiary","no","no","cellular","oct",411,-1,"yes"
27,"single","secondary","no","yes","unknown","sep",4,-1,"no"
28,"single","secondary","yes","no","cellular","jan",284,196,"no"
31,"married","secondary","no","no","cellular","nov",312,-1,"no"
65,"married","primary","no","no","cellular","apr",43,-1,"no"
31,"married","secondary","yes","no","unknown","may",254,-1,"no"
44,"single","unknown","yes","no","unknown","may",354,-1,"no"
33,"single","secondary","yes","no","cellular","may",49,-1,"no"
30,"married","tertiary","yes","yes","cellular","jul",75,-1,"no"
49,"single","secondary","yes","no","telephone","nov",10,-1,"no"
42,"married","tertiary","yes","no","cellular","may",1148,-1,"yes"
34,"married","secondary","yes","no","unknown","may",134,-1,"no"
52,"married","secondary","no","no","cellular","aug",149,-1,"no"
44,"married","secondary","yes","yes","cellular","jul",102,-1,"no"
48,"married","tertiary","yes","yes","cellular","nov",76,-1,"no"
31,"single","secondary","yes","no","cellular","may",65,299,"no"
44,"married","primary","no","yes","cellular","jul",187,-1,"no"
29,"single","secondary","no","no","cellular","apr",107,-1,"yes"
31,"divorced","tertiary","yes","no","cellular","feb",264,201,"no"
23,"single","secondary","no","no","unknown","aug",4,-1,"no"
71,"single","tertiary","no","no","telephone","jul",195,-1,"no"
55,"divorced","tertiary","yes","no","unknown","may",406,-1,"no"
59,"married","secondary","no","no","cellular","aug",144,-1,"no"
36,"married","primary","yes","no","unknown","may",170,-1,"no"
52,"divorced","primary","yes","no","unknown","may",119,-1,"no"
36,"married","secondary","no","no","unknown","may",24,-1,"no"
48,"single","secondary","yes","yes","cellular","feb",142,189,"no"
55,"married","primary","no","no","unknown","jun",744,-1,"no"
35,"married","tertiary","no","no","cellular","aug",358,-1,"no"
38,"single","tertiary","yes","yes","unknown","jun",26,-1,"no"
62,"married","secondary","no","no","cellular","oct",896,57,"yes"
34,"married","tertiary","yes","no","cellular","mar",113,210,"no"
43,"divorced","secondary","yes","no","unknown","may",124,-1,"no"
39,"married","secondary","no","no","telephone","may",256,-1,"no"
26,"single","secondary","yes","no","cellular","feb",205,253,"no"
32,"married","tertiary","no","no","cellular","mar",126,-1,"yes"
46,"married","tertiary","yes","yes","unknown","may",134,-1,"no"
37,"single","secondary","no","no","unknown","jun",27,-1,"no"
26,"single","tertiary","no","yes","cellular","feb",145,199,"no"
54,"married","tertiary","yes","yes","unknown","may",112,-1,"no"
35,"married","tertiary","yes","no","unknown","may",139,-1,"no"
46,"married","secondary","no","no","cellular","aug",69,-1,"no"
51,"divorced","secondary","no","no","cellular","aug",169,-1,"no"
32,"married","secondary","yes","yes","cellular","jul",247,-1,"no"
73,"married","secondary","no","no","cellular","nov",300,40,"yes"
51,"married","tertiary","yes","no","unknown","may",330,-1,"no"
36,"married","primary","yes","yes","cellular","may",115,-1,"no"
48,"married","unknown","yes","no","unknown","may",175,-1,"no"
74,"married","secondary","no","no","cellular","aug",543,-1,"no"
48,"married","secondary","no","no","cellular","aug",134,-1,"no"
38,"married","primary","yes","no","cellular","may",124,353,"no"
32,"single","secondary","no","yes","cellular","aug",300,-1,"no"
51,"married","tertiary","yes","no","cellular","nov",120,187,"no"
55,"married","secondary","yes","no","cellular","apr",83,-1,"no"
39,"married","tertiary","yes","yes","cellular","jan",123,-1,"no"
40,"married","secondary","no","no","cellular","aug",55,-1,"no"
39,"single","secondary","yes","no","unknown","may",1376,-1,"no"
60,"married","unknown","yes","no","cellular","jan",55,-1,"no"
24,"single","secondary","yes","no","unknown","may",641,-1,"no"
26,"single","secondary","yes","no","cellular","feb",401,272,"no"
37,"married","secondary","yes","no","unknown","may",159,-1,"no"
53,"married","secondary","no","no","cellular","nov",140,-1,"no"
34,"married","secondary","yes","no","cellular","apr",20,238,"no"
41,"married","primary","no","no","telephone","jul",465,-1,"no"
49,"married","tertiary","yes","no","cellular","feb",110,-1,"no"
55,"married","secondary","no","no","unknown","jun",446,-1,"no"
26,"single","tertiary","no","no","cellular","may",327,-1,"no"
36,"single","tertiary","yes","no","cellular","may",855,342,"yes"
58,"married","primary","no","no","cellular","jun",255,-1,"yes"
30,"single","tertiary","no","no","cellular","aug",108,-1,"no"
35,"married","secondary","yes","no","cellular","apr",69,322,"no"
28,"single","secondary","no","yes","cellular","jul",161,-1,"no"
39,"married","tertiary","yes","yes","unknown","may",394,-1,"no"
50,"married","tertiary","yes","no","cellular","feb",195,271,"no"
45,"married","secondary","yes","no","unknown","may",221,-1,"no"
42,"married","secondary","yes","no","unknown","may",515,-1,"no"
31,"single","tertiary","no","no","cellular","aug",82,-1,"no"
31,"single","primary","yes","no","unknown","may",565,-1,"yes"
36,"married","tertiary","yes","no","cellular","jul",150,-1,"no"
28,"single","tertiary","yes","no","unknown","jun",386,-1,"no"
52,"married","secondary","no","no","cellular","feb",153,92,"yes"
72,"divorced","tertiary","no","no","cellular","jul",194,-1,"no"
56,"married","tertiary","yes","no","cellular","nov",250,-1,"no"
36,"married","secondary","yes","no","cellular","may",24,346,"no"
29,"single","secondary","no","no","cellular","aug",485,105,"no"
46,"single","secondary","yes","no","unknown","may",104,-1,"no"
29,"single","secondary","yes","no","unknown","may",106,-1,"no"
45,"married","primary","yes","yes","cellular","may",63,370,"no"
34,"married","secondary","yes","no","cellular","apr",278,-1,"no"
26,"single","tertiary","no","no","cellular","apr",120,-1,"no"
45,"divorced","tertiary","no","no","cellular","aug",490,-1,"yes"
31,"divorced","secondary","yes","no","cellular","jan",1776,-1,"yes"
27,"single","tertiary","no","no","cellular","apr",584,-1,"no"
50,"married","tertiary","no","yes","cellular","apr",337,258,"no"
45,"single","secondary","yes","no","unknown","may",171,-1,"no"
58,"single","tertiary","no","yes","telephone","feb",112,-1,"no"
49,"married","secondary","no","no","cellular","aug",123,-1,"no"
27,"single","secondary","yes","no","unknown","may",825,-1,"no"
31,"single","tertiary","yes","yes","unknown","jun",76,-1,"no"
35,"single","secondary","yes","no","cellular","may",549,300,"yes"
24,"single","secondary","yes","yes","cellular","apr",714,-1,"no"
28,"single","secondary","no","no","cellular","jul",467,-1,"no"
27,"single","secondary","no","no","cellular","jan",503,-1,"no"
29,"married","primary","yes","no","unknown","may",184,-1,"no"
32,"married","secondary","no","no","cellular","feb",12,174,"no"
49,"married","secondary","no","no","unknown","jun",118,-1,"no"
48,"married","primary","yes","no","unknown","may",125,-1,"no"
51,"married","secondary","yes","no","unknown","may",1051,-1,"no"
32,"single","secondary","no","no","cellular","may",156,-1,"no"
42,"married","primary","no","no","unknown","jun",125,-1,"no"
32,"married","tertiary","yes","no","unknown","may",189,-1,"no"
31,"single","tertiary","yes","no","unknown","may",199,-1,"no"
59,"married","tertiary","yes","no","unknown","jun",128,-1,"no"
43,"married","secondary","yes","no","unknown","may",267,-1,"no"
35,"single","primary","yes","no","unknown","may",203,-1,"no"
44,"married","primary","yes","no","cellular","apr",255,-1,"no"
28,"single","tertiary","yes","no","cellular","jul",940,399,"yes"
64,"married","primary","no","no","cellular","dec",232,-1,"yes"
31,"married","tertiary","no","no","cellular","aug",117,-1,"no"
55,"married","secondary","no","yes","cellular","aug",19,-1,"no"
45,"married","secondary","yes","yes","unknown","may",246,-1,"no"
40,"married","secondary","yes","yes","unknown","may",243,-1,"no"
47,"married","tertiary","no","no","cellular","aug",602,-1,"no"
32,"married","secondary","no","no","cellular","aug",87,-1,"no"
70,"divorced","primary","no","no","cellular","apr",82,-1,"yes"
45,"married","unknown","no","no","cellular","aug",168,-1,"no"
29,"married","secondary","yes","no","cellular","may",128,-1,"no"
34,"divorced","secondary","yes","no","cellular","may",131,361,"no"
31,"married","tertiary","no","no","cellular","aug",37,-1,"no"
44,"single","secondary","no","no","cellular","aug",166,99,"yes"
32,"married","secondary","no","no","cellular","jun",115,86,"yes"
40,"married","primary","no","yes","unknown","jun",202,-1,"no"
65,"married","primary","no","no","cellular","apr",72,-1,"no"
59,"married","secondary","no","no","cellular","aug",185,-1,"no"
59,"divorced","secondary","yes","no","unknown","may",248,-1,"no"
43,"single","tertiary","yes","no","cellular","jul",225,-1,"no"
57,"married","primary","yes","no","unknown","may",164,-1,"no"
38,"single","tertiary","yes","no","cellular","nov",167,-1,"no"
56,"single","secondary","yes","no","cellular","may",43,177,"no"
23,"single","secondary","yes","no","cellular","may",857,-1,"no"
53,"married","secondary","yes","no","cellular","aug",201,-1,"no"
52,"married","secondary","no","no","cellular","jul",99,-1,"no"
35,"single","primary","yes","no","unknown","may",597,-1,"no"
52,"divorced","tertiary","yes","no","cellular","aug",131,-1,"no"
31,"single","secondary","yes","no","unknown","jun",52,-1,"no"
45,"married","tertiary","yes","no","cellular","jul",141,-1,"no"
55,"married","secondary","yes","no","unknown","may",310,-1,"no"
53,"single","unknown","no","no","cellular","nov",302,-1,"no"
59,"married","secondary","yes","no","cellular","may",214,-1,"no"
31,"single","secondary","yes","no","cellular","feb",157,268,"no"
33,"married","secondary","yes","no","cellular","may",265,-1,"no"
29,"single","secondary","yes","no","cellular","jul",643,-1,"no"
37,"married","tertiary","no","yes","cellular","jul",568,-1,"no"
56,"divorced","tertiary","yes","no","cellular","jul",51,-1,"no"
56,"married","secondary","no","yes","cellular","aug",93,-1,"no"
27,"single","secondary","no","no","cellular","jul",255,-1,"no"
58,"married","secondary","no","no","cellular","aug",88,-1,"no"
49,"married","tertiary","no","no","cellular","jun",181,293,"yes"
43,"married","primary","no","no","cellular","aug",121,-1,"no"
57,"married","secondary","no","no","cellular","jan",221,182,"no"
34,"divorced","tertiary","yes","no","cellular","aug",587,-1,"yes"
49,"married","secondary","no","no","cellular","aug",60,-1,"no"
34,"single","secondary","yes","no","unknown","may",257,-1,"no"
33,"married","secondary","yes","no","cellular","jul",278,-1,"yes"
61,"married","tertiary","no","no","cellular","mar",106,-1,"yes"
28,"married","secondary","yes","no","cellular","may",341,-1,"no"
45,"married","primary","yes","no","cellular","feb",570,-1,"no"
49,"married","tertiary","yes","no","cellular","apr",75,-1,"no"
30,"married","primary","no","yes","cellular","jul",274,-1,"no"
41,"divorced","secondary","yes","no","cellular","jul",126,-1,"no"
26,"single","secondary","no","yes","cellular","jul",209,-1,"no"
41,"married","secondary","yes","no","cellular","may",106,-1,"no"
42,"married","secondary","no","no","cellular","mar",361,181,"no"
31,"married","tertiary","no","no","cellular","sep",209,92,"yes"
45,"married","secondary","yes","no","cellular","nov",169,92,"no"
36,"single","secondary","no","no","cellular","apr",158,-1,"yes"
38,"single","tertiary","yes","no","cellular","may",423,-1,"yes"
54,"single","secondary","yes","no","cellular","apr",226,326,"no"
36,"married","secondary","yes","no","cellular","jul",160,-1,"no"
53,"married","secondary","no","no","unknown","jun",605,-1,"no"
33,"married","tertiary","yes","no","cellular","oct",117,-1,"no"
52,"married","tertiary","no","no","cellular","aug",472,-1,"no"
22,"single","secondary","yes","no","cellular","may",117,-1,"no"
47,"married","tertiary","yes","no","cellular","may",213,-1,"no"
60,"married","primary","no","no","cellular","jan",156,-1,"no"
45,"married","primary","no","no","unknown","jun",183,-1,"no"
46,"married","primary","no","no","cellular","aug",77,-1,"no"
30,"single","secondary","no","no","cellular","may",228,-1,"no"
32,"married","tertiary","yes","no","cellular","nov",37,-1,"no"
55,"divorced","tertiary","no","no","cellular","aug",101,-1,"no"
44,"married","secondary","no","no","unknown","jun",167,-1,"no"
31,"single","secondary","no","yes","cellular","jul",194,-1,"no"
39,"married","primary","no","no","unknown","jun",76,-1,"no"
43,"married","tertiary","yes","no","cellular","nov",259,-1,"no"
45,"married","primary","yes","yes","cellular","jul",116,-1,"no"
32,"single","secondary","no","no","cellular","nov",462,-1,"no"
35,"single","tertiary","yes","no","unknown","jun",53,-1,"no"
25,"single","secondary","yes","no","cellular","oct",187,91,"yes"
34,"married","tertiary","no","no","cellular","feb",144,-1,"no"
52,"divorced","primary","no","no","unknown","jun",49,-1,"no"
36,"married","tertiary","yes","no","cellular","jan",100,435,"no"
31,"married","tertiary","yes","no","unknown","jan",23,-1,"no"
36,"single","secondary","no","no","telephone","jul",55,-1,"no"
40,"divorced","secondary","yes","no","cellular","may",195,357,"no"
25,"single","tertiary","no","no","cellular","oct",81,-1,"no"
60,"married","secondary","yes","no","unknown","may",163,-1,"no"
29,"single","secondary","yes","yes","unknown","jun",312,-1,"no"
46,"married","tertiary","no","no","unknown","jun",318,-1,"no"
29,"single","secondary","yes","no","cellular","jul",180,-1,"no"
31,"divorced","secondary","yes","no","unknown","may",34,-1,"no"
36,"divorced","primary","yes","no","cellular","jul",329,-1,"no"
42,"married","secondary","yes","no","cellular","jul",400,-1,"no"
26,"single","secondary","no","yes","cellular","feb",542,-1,"no"
33,"married","tertiary","yes","no","cellular","jul",285,-1,"no"
58,"married","secondary","yes","no","unknown","may",180,-1,"no"
53,"divorced","primary","no","no","unknown","jun",152,-1,"no"
37,"married","tertiary","yes","no","unknown","may",77,-1,"no"
33,"single","secondary","no","no","unknown","may",190,-1,"no"
28,"married","secondary","yes","no","unknown","may",148,-1,"no"
25,"single","tertiary","no","no","cellular","sep",127,-1,"no"
54,"married","tertiary","yes","no","unknown","may",324,-1,"no"
30,"single","secondary","yes","no","cellular","may",101,371,"no"
36,"married","secondary","no","no","unknown","jun",63,-1,"no"
42,"married","tertiary","yes","no","cellular","feb",358,-1,"no"
55,"married","secondary","no","no","cellular","jul",455,-1,"no"
36,"single","secondary","yes","no","cellular","feb",208,-1,"no"
56,"divorced","secondary","yes","no","unknown","may",185,-1,"no"
53,"married","tertiary","no","no","cellular","aug",268,-1,"no"
32,"single","tertiary","no","no","cellular","aug",282,-1,"no"
67,"married","unknown","no","no","telephone","sep",279,92,"yes"
26,"single","secondary","yes","no","unknown","may",57,-1,"no"
55,"married","tertiary","no","no","telephone","jun",64,-1,"no"
27,"married","secondary","no","no","unknown","may",346,-1,"no"
67,"married","tertiary","no","no","cellular","nov",344,95,"yes"
51,"married","secondary","no","no","cellular","aug",105,-1,"no"
48,"married","secondary","no","no","unknown","may",169,-1,"no"
53,"divorced","tertiary","yes","yes","cellular","nov",64,-1,"no"
56,"divorced","secondary","yes","no","cellular","may",63,370,"no"
39,"married","secondary","yes","no","cellular","aug",143,371,"no"
40,"married","secondary","yes","no","cellular","jul",328,-1,"no"
35,"married","secondary","yes","no","cellular","nov",73,-1,"no"
33,"married","tertiary","no","no","cellular","aug",260,-1,"no"
29,"married","tertiary","yes","no","cellular","jul",134,-1,"no"
28,"single","secondary","yes","no","unknown","may",491,-1,"no"
34,"single","secondary","yes","no","unknown","may",20,-1,"no"
48,"married","secondary","no","no","cellular","aug",117,-1,"no"
59,"married","secondary","no","no","telephone","jul",107,-1,"no"
54,"married","primary","no","no","unknown","jun",350,-1,"no"
44,"married","tertiary","yes","yes","unknown","may",129,-1,"no"
75,"married","secondary","no","no","telephone","jul",219,-1,"no"
40,"single","secondary","no","no","cellular","aug",971,-1,"no"
32,"married","tertiary","yes","no","cellular","may",388,349,"no"
57,"married","secondary","yes","no","unknown","may",226,-1,"no"
30,"married","secondary","yes","yes","cellular","jul",61,-1,"no"
26,"single","secondary","yes","no","unknown","may",232,-1,"no"
31,"single","secondary","yes","no","unknown","may",228,-1,"no"
36,"married","secondary","yes","no","unknown","may",102,-1,"no"
44,"married","unknown","no","no","unknown","jun",55,-1,"no"
35,"married","secondary","yes","no","cellular","apr",507,349,"yes"
41,"married","primary","yes","yes","cellular","may",182,-1,"no"
43,"married","secondary","yes","no","cellular","apr",390,-1,"no"
54,"single","primary","no","no","unknown","jun",42,-1,"no"
26,"single","secondary","yes","no","cellular","jul",998,-1,"yes"
25,"single","unknown","no","no","cellular","dec",102,210,"no"
35,"single","secondary","yes","no","unknown","may",292,-1,"no"
39,"married","secondary","yes","no","cellular","apr",450,271,"no"
41,"divorced","unknown","no","yes","cellular","jul",514,-1,"no"
59,"married","secondary","no","no","cellular","feb",99,-1,"no"
32,"married","secondary","no","yes","telephone","jul",96,-1,"no"
55,"married","secondary","no","yes","telephone","feb",463,-1,"no"
29,"single","tertiary","yes","yes","unknown","may",703,-1,"no"
47,"single","secondary","no","yes","cellular","nov",82,-1,"no"
43,"married","secondary","yes","no","unknown","may",343,-1,"no"
36,"married","primary","no","no","cellular","nov",138,-1,"no"
46,"married","secondary","no","no","unknown","may",93,-1,"no"
42,"married","unknown","yes","no","cellular","apr",241,336,"no"
35,"married","primary","yes","no","cellular","may",170,180,"no"
34,"married","secondary","no","no","cellular","may",171,181,"yes"
39,"married","primary","no","no","unknown","jun",158,-1,"no"
31,"married","tertiary","yes","no","unknown","may",313,-1,"no"
27,"married","tertiary","yes","no","cellular","jul",818,-1,"no"
48,"married","secondary","yes","no","unknown","jun",157,-1,"no"
55,"married","secondary","no","no","unknown","jun",614,-1,"yes"
30,"single","tertiary","yes","no","cellular","apr",52,-1,"no"
26,"married","unknown","yes","no","unknown","may",346,-1,"no"
35,"married","secondary","yes","no","unknown","may",245,-1,"no"
57,"married","tertiary","no","no","cellular","aug",68,-1,"no"
52,"divorced","unknown","no","no","cellular","aug",168,-1,"no"
59,"married","secondary","no","no","cellular","jul",286,-1,"no"
42,"divorced","tertiary","yes","no","cellular","jun",300,389,"yes"
63,"married","secondary","no","no","cellular","feb",45,93,"no"
41,"married","secondary","yes","yes","cellular","nov",132,-1,"no"
47,"married","secondary","no","no","cellular","feb",269,187,"yes"
36,"married","secondary","yes","no","unknown","jun",44,-1,"no"
44,"married","secondary","no","yes","telephone","jul",122,-1,"no"
45,"divorced","tertiary","no","no","cellular","jul",103,-1,"no"
23,"single","secondary","no","no","telephone","jun",79,-1,"no"
42,"married","secondary","yes","yes","cellular","apr",181,270,"no"
31,"single","tertiary","yes","no","cellular","aug",565,-1,"no"
28,"single","secondary","no","yes","cellular","jul",171,-1,"no"
29,"single","tertiary","yes","no","cellular","may",157,-1,"no"
27,"single","tertiary","no","no","cellular","feb",449,-1,"no"
36,"married","secondary","yes","yes","cellular","sep",120,-1,"no"
38,"married","unknown","no","no","cellular","nov",349,183,"yes"
38,"married","tertiary","no","no","cellular","aug",170,-1,"no"
55,"married","unknown","yes","no","unknown","may",764,-1,"no"
28,"married","secondary","yes","no","cellular","may",369,-1,"no"
44,"married","secondary","yes","no","cellular","may",18,178,"no"
28,"single","secondary","yes","no","unknown","may",152,-1,"no"
45,"single","tertiary","no","no","cellular","nov",230,-1,"no"
25,"single","secondary","yes","no","unknown","may",164,-1,"no"
49,"married","tertiary","no","no","cellular","apr",163,186,"no"
32,"single","secondary","yes","no","cellular","may",242,365,"no"
36,"married","tertiary","no","no","unknown","jun",91,-1,"no"
31,"married","secondary","yes","no","cellular","may",274,-1,"no"
31,"single","secondary","no","no","cellular","aug",1504,-1,"no"
58,"married","secondary","yes","no","cellular","jul",119,-1,"no"
46,"married","tertiary","yes","no","unknown","jun",375,-1,"no"
49,"single","primary","yes","no","unknown","may",72,-1,"no"
53,"married","primary","no","no","unknown","oct",71,-1,"no"
50,"married","secondary","yes","no","unknown","may",673,-1,"no"
57,"married","tertiary","no","no","cellular","apr",378,-1,"yes"
23,"married","tertiary","yes","no","cellular","may",259,-1,"no"
22,"single","secondary","no","no","cellular","mar",133,-1,"no"
51,"divorced","tertiary","no","no","unknown","may",143,-1,"no"
52,"married","unknown","yes","no","cellular","nov",567,-1,"no"
26,"single","secondary","yes","no","cellular","may",283,-1,"no"
27,"single","tertiary","no","no","cellular","jan",866,-1,"yes"
34,"single","secondary","yes","no","unknown","may",252,-1,"no"
40,"single","tertiary","yes","no","unknown","may",64,-1,"no"
55,"married","secondary","no","no","cellular","aug",79,-1,"no"
29,"divorced","tertiary","yes","yes","unknown","may",449,-1,"no"
37,"married","tertiary","yes","no","cellular","aug",323,91,"no"
33,"married","primary","no","no","cellular","aug",209,-1,"no"
33,"married","secondary","yes","yes","cellular","jul",379,-1,"no"
45,"married","primary","yes","yes","unknown","may",215,-1,"no"
31,"divorced","secondary","yes","no","cellular","jul",146,-1,"no"
32,"single","tertiary","yes","no","cellular","aug",958,-1,"yes"
40,"married","tertiary","yes","no","unknown","may",135,-1,"no"
30,"married","secondary","yes","yes","unknown","jun",48,-1,"no"
36,"married","secondary","no","no","cellular","aug",250,-1,"no"
42,"single","tertiary","yes","yes","cellular","nov",112,-1,"no"
38,"married","secondary","yes","no","unknown","jun",50,-1,"no"
33,"married","secondary","yes","no","cellular","nov",231,-1,"no"
27,"single","secondary","no","no","telephone","jun",30,-1,"no"
59,"married","secondary","yes","no","cellular","apr",197,-1,"no"
47,"married","secondary","yes","no","unknown","jun",83,-1,"no"
42,"married","tertiary","no","no","cellular","aug",183,-1,"no"
59,"divorced","secondary","no","no","cellular","jun",395,-1,"no"
39,"married","primary","no","no","cellular","aug",111,-1,"no"
42,"married","secondary","no","no","cellular","mar",549,203,"no"
42,"divorced","secondary","yes","no","cellular","may",219,-1,"no"
37,"single","primary","yes","no","cellular","may",103,367,"no"
67,"married","primary","no","no","cellular","jan",499,91,"yes"
53,"married","unknown","no","no","cellular","aug",207,-1,"no"
27,"single","tertiary","yes","no","unknown","may",789,-1,"yes"
43,"married","primary","no","no","telephone","feb",195,-1,"no"
41,"married","tertiary","no","no","cellular","nov",328,-1,"no"
34,"married","primary","yes","no","unknown","may",85,-1,"no"
38,"single","secondary","no","no","cellular","jul",129,182,"no"
22,"single","primary","yes","no","unknown","may",106,-1,"no"
37,"divorced","secondary","yes","no","unknown","may",172,-1,"no"
41,"married","secondary","yes","yes","cellular","apr",261,322,"no"
46,"married","tertiary","yes","no","unknown","may",42,-1,"no"
37,"married","tertiary","no","no","cellular","jul",89,-1,"no"
32,"single","secondary","yes","no","cellular","nov",224,183,"no"
37,"married","secondary","yes","no","unknown","may",428,-1,"no"
50,"single","secondary","yes","no","cellular","jul",174,-1,"no"
33,"married","tertiary","yes","yes","cellular","aug",103,-1,"no"
43,"married","primary","yes","no","telephone","nov",202,184,"no"
32,"single","secondary","no","yes","cellular","jul",99,-1,"no"
35,"married","secondary","no","no","cellular","aug",87,-1,"no"
30,"married","tertiary","no","no","cellular","jul",363,-1,"no"
40,"married","tertiary","no","no","cellular","aug",832,-1,"no"
36,"single","tertiary","yes","no","cellular","apr",226,-1,"no"
45,"married","secondary","yes","yes","telephone","jul",78,-1,"no"
43,"married","secondary","no","no","unknown","may",483,-1,"no"
43,"divorced","primary","no","no","cellular","nov",1154,-1,"yes"
29,"married","secondary","yes","no","unknown","may",117,-1,"no"
32,"single","tertiary","yes","no","cellular","apr",362,271,"no"
34,"single","secondary","yes","no","unknown","may",290,-1,"no"
33,"single","secondary","no","no","cellular","jan",844,-1,"no"
58,"married","secondary","yes","no","unknown","may",516,-1,"no"
35,"married","secondary","yes","yes","unknown","may",85,-1,"no"
47,"divorced","tertiary","no","no","unknown","jun",124,-1,"no"
22,"single","secondary","no","no","cellular","jul",337,181,"yes"
26,"single","tertiary","yes","no","cellular","may",477,-1,"no"
52,"married","secondary","yes","no","cellular","may",45,-1,"no"
32,"single","secondary","yes","yes","cellular","apr",110,-1,"no"
38,"married","secondary","yes","yes","cellular","may",210,-1,"no"
40,"single","tertiary","no","no","cellular","jun",491,207,"yes"
29,"single","tertiary","yes","no","cellular","jan",119,251,"no"
51,"married","secondary","no","no","cellular","aug",132,-1,"no"
27,"single","secondary","no","no","unknown","may",193,-1,"no"
47,"married","secondary","yes","no","unknown","may",367,-1,"no"
26,"married","secondary","yes","no","cellular","apr",213,317,"no"
52,"married","primary","yes","yes","unknown","may",201,-1,"no"
27,"single","tertiary","no","no","cellular","jan",76,-1,"no"
30,"married","tertiary","no","no","cellular","aug",187,-1,"no"
34,"married","secondary","yes","yes","unknown","may",194,-1,"no"
40,"married","secondary","no","no","cellular","oct",717,-1,"yes"
56,"married","secondary","no","yes","cellular","jul",170,-1,"no"
42,"single","tertiary","yes","no","cellular","apr",494,-1,"no"
27,"single","unknown","yes","no","unknown","may",371,-1,"no"
70,"married","primary","no","no","cellular","feb",82,181,"no"
46,"married","secondary","no","no","cellular","jul",385,-1,"yes"
48,"married","secondary","no","no","unknown","jun",111,-1,"no"
57,"married","secondary","yes","no","cellular","may",539,-1,"no"
37,"single","secondary","yes","no","unknown","may",237,-1,"no"
43,"married","secondary","yes","no","unknown","may",1721,-1,"yes"
47,"married","secondary","yes","no","cellular","jul",56,-1,"no"
42,"married","secondary","no","no","unknown","jun",349,-1,"no"
53,"married","secondary","no","yes","unknown","may",95,-1,"no"
28,"single","tertiary","yes","no","cellular","aug",419,91,"no"
36,"married","primary","yes","yes","unknown","may",293,-1,"no"
21,"married","primary","yes","yes","cellular","may",409,361,"yes"
35,"single","tertiary","yes","no","cellular","may",19,-1,"no"
34,"married","tertiary","no","no","cellular","aug",92,-1,"no"
35,"married","tertiary","no","no","cellular","aug",436,-1,"no"
36,"single","secondary","yes","yes","cellular","nov",109,189,"no"
58,"married","secondary","no","no","cellular","aug",153,-1,"no"
36,"married","secondary","no","no","unknown","jun",316,-1,"no"
54,"married","primary","no","no","telephone","aug",128,-1,"no"
31,"single","secondary","yes","no","cellular","may",166,111,"no"
60,"married","secondary","no","yes","cellular","jul",337,-1,"no"
29,"married","tertiary","no","no","cellular","aug",83,105,"no"
35,"single","tertiary","no","no","cellular","aug",90,-1,"no"
39,"single","tertiary","no","no","cellular","jul",56,-1,"no"
19,"single","primary","no","no","cellular","mar",271,-1,"yes"
44,"married","primary","yes","no","unknown","may",220,-1,"no"
43,"single","primary","no","yes","cellular","jul",662,-1,"yes"
48,"divorced","secondary","yes","no","cellular","may",54,362,"no"
44,"divorced","tertiary","yes","yes","unknown","may",127,-1,"no"
57,"married","secondary","yes","no","unknown","may",63,-1,"no"
44,"married","secondary","yes","no","unknown","may",128,-1,"no"
42,"married","tertiary","yes","yes","cellular","nov",63,-1,"no"
29,"single","secondary","no","no","cellular","may",333,-1,"no"
34,"single","tertiary","no","no","cellular","may",213,-1,"yes"
31,"married","tertiary","yes","no","cellular","aug",231,-1,"no"
54,"single","secondary","no","no","unknown","jun",330,-1,"no"
33,"divorced","secondary","yes","no","unknown","may",496,-1,"no"
32,"married","tertiary","no","yes","cellular","feb",142,-1,"no"
30,"married","secondary","yes","no","unknown","may",466,-1,"no"
46,"married","tertiary","no","no","cellular","aug",121,-1,"no"
43,"married","secondary","no","yes","unknown","may",180,-1,"no"
40,"married","tertiary","no","no","cellular","jul",318,317,"no"
45,"married","secondary","yes","no","cellular","may",234,-1,"no"
48,"married","tertiary","no","no","unknown","jun",516,-1,"no"
30,"single","tertiary","no","yes","cellular","aug",252,-1,"no"
51,"married","secondary","no","no","telephone","jul",27,-1,"no"
34,"single","secondary","yes","no","cellular","sep",121,100,"yes"
41,"divorced","tertiary","no","no","cellular","apr",314,239,"yes"
59,"married","secondary","no","no","cellular","oct",738,183,"yes"
56,"married","secondary","yes","no","cellular","may",301,368,"no"
44,"married","secondary","no","no","cellular","jul",166,-1,"no"
60,"divorced","secondary","no","no","cellular","aug",433,-1,"no"
43,"single","secondary","no","no","cellular","jul",97,-1,"no"
30,"single","secondary","yes","no","cellular","jul",352,-1,"no"
52,"married","secondary","no","no","cellular","aug",84,-1,"no"
39,"married","secondary","yes","yes","cellular","may",206,355,"no"
49,"single","tertiary","yes","no","cellular","jun",407,92,"yes"
59,"married","primary","no","yes","cellular","feb",88,208,"no"
35,"single","secondary","no","no","cellular","apr",71,-1,"no"
28,"single","primary","no","no","cellular","apr",132,-1,"no"
37,"married","secondary","yes","no","cellular","may",412,-1,"no"
38,"divorced","tertiary","yes","no","unknown","may",68,-1,"no"
33,"married","secondary","yes","no","cellular","jul",208,-1,"no"
31,"single","secondary","yes","no","unknown","may",169,-1,"no"
57,"divorced","secondary","no","no","cellular","feb",348,-1,"no"
30,"married","secondary","no","no","cellular","aug",91,-1,"no"
32,"married","tertiary","yes","no","unknown","may",128,-1,"no"
28,"single","secondary","no","yes","cellular","jan",133,-1,"no"
26,"single","secondary","no","no","telephone","oct",171,-1,"yes"
33,"single","tertiary","no","no","telephone","aug",41,-1,"no"
33,"divorced","secondary","yes","no","unknown","may",139,-1,"no"
32,"single","tertiary","yes","no","unknown","may",860,-1,"yes"
26,"single","secondary","yes","no","cellular","may",101,-1,"no"
51,"married","primary","yes","no","cellular","jul",324,-1,"no"
66,"married","primary","no","no","cellular","feb",474,172,"yes"
54,"married","secondary","yes","no","cellular","may",369,-1,"no"
44,"married","tertiary","yes","yes","cellular","nov",286,191,"no"
76,"married","secondary","no","no","telephone","apr",263,-1,"yes"
22,"single","secondary","no","no","cellular","apr",125,-1,"yes"
46,"married","secondary","yes","yes","cellular","nov",111,155,"no"
47,"married","tertiary","no","yes","cellular","nov",86,-1,"no"
34,"married","tertiary","yes","no","cellular","nov",118,164,"no"
31,"married","secondary","yes","no","unknown","may",150,-1,"no"
33,"single","tertiary","no","no","cellular","aug",124,-1,"no"
31,"married","secondary","yes","yes","unknown","may",260,-1,"no"
73,"married","unknown","no","no","telephone","oct",434,57,"yes"
51,"married","tertiary","no","no","cellular","aug",147,-1,"no"
30,"single","secondary","no","yes","cellular","jan",194,205,"no"
34,"single","tertiary","no","no","cellular","may",245,168,"no"
40,"single","tertiary","no","no","cellular","feb",147,209,"no"
31,"single","secondary","yes","no","unknown","may",217,-1,"no"
47,"married","primary","no","no","cellular","nov",462,-1,"yes"
47,"single","tertiary","no","no","cellular","apr",96,-1,"no"
33,"married","tertiary","yes","yes","cellular","aug",212,-1,"no"
29,"married","secondary","yes","no","unknown","jun",262,-1,"no"
41,"married","secondary","yes","yes","telephone","jul",124,-1,"no"
48,"married","secondary","yes","no","cellular","aug",85,-1,"no"
46,"married","secondary","yes","no","cellular","aug",56,-1,"no"
55,"married","secondary","yes","no","cellular","may",312,-1,"no"
25,"single","secondary","yes","no","telephone","may",44,-1,"no"
47,"single","secondary","yes","no","telephone","may",58,334,"no"
49,"single","tertiary","no","no","unknown","jun",133,-1,"no"
54,"married","primary","no","no","unknown","jun",200,-1,"no"
55,"divorced","secondary","yes","no","cellular","apr",296,270,"yes"
30,"single","secondary","no","no","cellular","nov",312,-1,"no"
30,"married","tertiary","yes","yes","cellular","nov",436,178,"yes"
29,"single","secondary","yes","no","unknown","may",230,-1,"no"
51,"married","tertiary","no","no","cellular","may",109,-1,"no"
40,"married","secondary","no","yes","cellular","jul",103,-1,"no"
27,"married","tertiary","no","no","cellular","jul",306,-1,"no"
48,"married","secondary","yes","yes","cellular","jul",112,-1,"no"
49,"married","secondary","yes","no","cellular","nov",201,-1,"no"
38,"divorced","tertiary","no","no","cellular","jul",160,-1,"no"
59,"divorced","secondary","no","no","telephone","feb",251,-1,"no"
40,"single","secondary","no","no","unknown","jun",471,-1,"no"
40,"married","secondary","no","no","unknown","jun",236,-1,"no"
37,"divorced","primary","no","no","unknown","jun",27,-1,"no"
31,"single","secondary","yes","yes","cellular","may",530,-1,"yes"
53,"married","secondary","yes","no","cellular","aug",160,-1,"no"
41,"single","secondary","yes","no","unknown","jun",190,-1,"no"
39,"married","primary","no","no","cellular","jul",261,-1,"no"
47,"married","secondary","no","no","cellular","aug",162,-1,"no"
38,"married","tertiary","no","no","cellular","oct",322,-1,"no"
32,"married","secondary","yes","no","cellular","nov",192,5,"no"
33,"married","secondary","yes","no","unknown","may",67,-1,"no"
38,"married","tertiary","yes","no","cellular","apr",691,-1,"no"
33,"married","tertiary","no","no","cellular","jan",202,83,"yes"
49,"married","tertiary","no","no","cellular","jan",165,-1,"no"
43,"married","unknown","yes","no","cellular","nov",48,-1,"no"
58,"married","unknown","no","no","unknown","jun",1403,-1,"no"
43,"married","secondary","yes","no","unknown","may",14,-1,"no"
38,"married","unknown","yes","no","unknown","may",100,-1,"no"
38,"married","secondary","yes","no","cellular","feb",306,-1,"no"
45,"married","secondary","yes","no","cellular","may",113,360,"no"
48,"married","secondary","yes","no","cellular","jul",95,-1,"no"
26,"single","secondary","no","no","cellular","oct",133,-1,"no"
60,"married","primary","no","no","cellular","jul",147,-1,"no"
48,"married","primary","no","no","unknown","jun",136,-1,"no"
59,"married","secondary","no","no","cellular","nov",175,100,"no"
37,"married","primary","yes","no","unknown","may",122,-1,"no"
47,"married","tertiary","no","no","cellular","aug",47,-1,"no"
24,"single","secondary","yes","no","unknown","jun",158,-1,"no"
33,"married","secondary","no","no","telephone","nov",61,-1,"no"
38,"single","secondary","yes","no","cellular","jul",370,-1,"no"
46,"married","secondary","no","yes","cellular","aug",243,-1,"no"
72,"married","tertiary","no","no","telephone","jul",116,-1,"no"
32,"married","primary","yes","no","cellular","may",275,370,"no"
39,"single","secondary","no","yes","cellular","nov",224,-1,"no"
52,"married","primary","no","yes","cellular","jul",124,-1,"no"
36,"married","tertiary","yes","no","cellular","apr",68,-1,"no"
44,"married","tertiary","yes","yes","unknown","may",127,-1,"no"
43,"married","primary","yes","no","unknown","may",47,-1,"no"
57,"married","unknown","no","no","cellular","jul",54,-1,"no"
29,"single","tertiary","no","no","cellular","apr",222,-1,"no"
32,"married","primary","yes","yes","unknown","jun",8,-1,"no"
36,"married","secondary","yes","yes","cellular","jul",1201,-1,"yes"
55,"single","secondary","yes","no","unknown","may",178,-1,"no"
44,"married","tertiary","yes","no","cellular","aug",360,-1,"no"
41,"single","secondary","no","no","cellular","nov",98,153,"no"
43,"married","secondary","yes","no","unknown","may",132,-1,"no"
32,"married","tertiary","no","no","unknown","may",569,-1,"no"
39,"married","secondary","yes","no","cellular","may",247,-1,"no"
31,"married","secondary","yes","no","cellular","nov",474,-1,"no"
34,"single","tertiary","yes","no","cellular","nov",165,-1,"no"
51,"married","unknown","no","no","cellular","jul",52,-1,"no"
31,"single","tertiary","no","no","cellular","feb",211,-1,"no"
27,"single","secondary","yes","no","unknown","may",191,-1,"no"
27,"single","secondary","yes","no","cellular","may",146,349,"no"
45,"single","primary","yes","no","cellular","apr",110,263,"no"
28,"single","secondary","yes","yes","cellular","sep",259,98,"yes"
46,"married","secondary","no","no","cellular","aug",1181,-1,"yes"
49,"married","primary","no","no","cellular","nov",108,-1,"no"
30,"divorced","secondary","no","no","cellular","sep",72,-1,"no"
50,"divorced","primary","no","yes","cellular","jul",208,-1,"no"
31,"single","secondary","yes","no","cellular","nov",239,182,"no"
36,"married","secondary","yes","no","unknown","jun",38,-1,"no"
52,"single","tertiary","no","no","unknown","jun",431,-1,"no"
26,"single","tertiary","no","yes","cellular","jul",393,-1,"no"
42,"single","primary","yes","yes","cellular","jul",178,-1,"no"
33,"married","secondary","yes","no","cellular","feb",56,274,"no"
57,"married","primary","yes","no","unknown","may",38,-1,"no"
33,"married","secondary","yes","no","telephone","may",32,-1,"no"
30,"married","tertiary","yes","yes","cellular","jul",187,-1,"no"
51,"married","primary","yes","no","cellular","jul",176,-1,"no"
32,"married","secondary","yes","no","unknown","may",135,-1,"no"
29,"married","tertiary","yes","no","cellular","aug",453,1,"no"
51,"divorced","secondary","yes","no","cellular","may",498,263,"no"
29,"divorced","secondary","no","no","unknown","may",125,-1,"no"
30,"single","tertiary","no","no","cellular","sep",272,184,"yes"
59,"married","tertiary","no","no","unknown","jun",647,-1,"no"
39,"married","secondary","yes","yes","cellular","may",337,330,"no"
