age,marital,education,housing,loan,contact,month,duration,pdays,TermDeposit,contacted_before
44,divorced,secondary,no,yes,cellular,jul,275,,no,0
39,married,primary,yes,no,unknown,may,35,,no,0
33,married,secondary,yes,yes,unknown,may,29,,no,0
38,married,unknown,yes,no,unknown,may,87,,no,0
49,married,primary,no,no,telephone,aug,214,,no,0
46,single,tertiary,no,no,cellular,aug,411,,no,0
34,single,secondary,yes,no,unknown,may,194,,no,0
61,married,tertiary,yes,no,cellular,apr,114,,no,0
36,married,tertiary,no,no,cellular,aug,58,,no,0
38,married,secondary,yes,no,cellular,jul,143,,no,0
50,married,primary,no,no,unknown,jun,21,,no,0
28,married,secondary,no,no,cellular,feb,220,,no,0
51,single,tertiary,yes,no,unknown,nov,287,,no,0
33,divorced,secondary,yes,yes,cellular,jan,263,239.0,no,1
42,married,secondary,no,no,cellular,aug,113,,no,0
35,divorced,tertiary,yes,no,cellular,aug,210,124.0,no,1
40,single,secondary,no,no,cellular,nov,411,8.0,no,1
36,married,secondary,no,no,unknown,jun,481,,no,0
41,married,tertiary,yes,no,telephone,jul,80,,no,0
46,married,secondary,yes,no,cellular,apr,427,337.0,no,1
25,single,secondary,no,no,cellular,mar,141,180.0,yes,1
39,married,secondary,yes,no,cellular,apr,939,,yes,0
31,single,tertiary,yes,yes,cellular,jan,572,,no,0
28,single,secondary,no,no,cellular,may,259,63.0,no,1
47,married,unknown,no,no,cellular,aug,358,,yes,0
36,married,secondary,yes,yes,cellular,may,132,,no,0
29,single,tertiary,yes,yes,cellular,jan,499,248.0,no,1
32,married,secondary,yes,no,unknown,may,923,,yes,0
32,married,tertiary,yes,yes,cellular,nov,44,182.0,no,1
30,married,secondary,yes,no,unknown,may,114,,no,0
55,single,secondary,no,no,unknown,jun,14,,no,0
37,married,secondary,yes,yes,cellular,may,151,351.0,no,1
31,divorced,secondary,no,no,telephone,aug,9,,no,0
52,married,secondary,no,no,unknown,jun,83,,no,0
54,married,primary,yes,no,telephone,apr,40,,no,0
46,married,secondary,no,no,cellular,nov,240,119.0,no,1
59,married,secondary,yes,no,cellular,aug,1241,,yes,0
48,divorced,primary,yes,no,unknown,may,832,,yes,0
43,married,secondary,yes,no,cellular,jul,89,,no,0
44,single,tertiary,yes,no,cellular,nov,54,,no,0
27,single,tertiary,no,no,cellular,aug,171,91.0,no,1
53,married,tertiary,no,no,cellular,feb,66,,no,0
30,single,secondary,no,no,cellular,jul,358,,no,0
56,married,tertiary,no,no,cellular,aug,148,,no,0
52,divorced,tertiary,yes,yes,unknown,jun,741,,yes,0
41,married,tertiary,yes,no,unknown,may,37,,no,0
30,single,unknown,yes,no,cellular,apr,187,,no,0
37,married,secondary,no,no,cellular,feb,276,167.0,no,1
47,married,secondary,yes,no,cellular,apr,20,,no,0
36,married,secondary,yes,no,cellular,may,86,,no,0
48,married,secondary,no,yes,cellular,jul,302,,no,0
36,single,tertiary,no,no,cellular,apr,567,595.0,yes,1
47,married,secondary,yes,no,cellular,may,230,354.0,no,1
32,single,tertiary,no,no,unknown,dec,10,,no,0
58,married,secondary,yes,no,cellular,apr,286,,no,0
46,married,primary,no,no,cellular,aug,322,,no,0
34,married,primary,yes,no,unknown,may,192,,no,0
37,single,secondary,no,yes,cellular,jul,661,,yes,0
36,married,secondary,yes,no,telephone,jan,99,259.0,no,1
52,married,secondary,yes,no,telephone,nov,102,188.0,no,1
37,single,secondary,yes,no,cellular,feb,96,271.0,no,1
44,married,primary,yes,no,unknown,may,113,,no,0
26,single,tertiary,no,no,cellular,feb,136,,no,0
43,divorced,secondary,no,no,cellular,nov,1468,,yes,0
31,married,tertiary,no,no,cellular,apr,739,,yes,0
30,married,tertiary,no,no,cellular,aug,137,,no,0
42,married,secondary,no,no,cellular,aug,314,,no,0
66,married,tertiary,no,no,cellular,jan,156,,no,0
36,married,tertiary,no,no,cellular,jul,150,,no,0
38,married,primary,no,no,cellular,jul,267,,no,0
40,married,secondary,yes,yes,cellular,nov,173,,no,0
31,married,secondary,yes,no,cellular,nov,391,,no,0
41,married,secondary,yes,no,unknown,may,221,,no,0
54,married,secondary,yes,no,cellular,may,65,342.0,no,1
44,married,secondary,yes,yes,unknown,jun,271,,no,0
33,divorced,secondary,no,no,cellular,feb,207,,no,0
35,married,tertiary,yes,no,cellular,jul,65,,no,0
36,married,secondary,yes,no,unknown,may,482,,no,0
47,married,tertiary,no,yes,cellular,aug,898,,no,0
31,single,secondary,no,no,cellular,jul,167,181.0,no,1
45,married,secondary,yes,yes,cellular,jan,625,,no,0
26,single,secondary,yes,no,unknown,jun,18,,no,0
53,married,secondary,no,no,cellular,aug,78,,no,0
50,married,tertiary,no,yes,cellular,aug,50,,no,0
43,married,secondary,yes,no,telephone,may,128,324.0,no,1
33,married,secondary,yes,no,cellular,apr,322,,no,0
30,single,unknown,yes,no,cellular,nov,1206,,no,0
42,married,tertiary,yes,no,cellular,nov,149,186.0,no,1
51,divorced,tertiary,no,no,cellular,aug,84,,no,0
51,divorced,tertiary,yes,no,cellular,nov,72,,no,0
49,married,primary,yes,yes,unknown,may,520,,yes,0
43,single,tertiary,no,no,unknown,jun,147,,no,0
30,married,secondary,yes,no,cellular,jul,15,,no,0
42,married,tertiary,no,no,cellular,feb,156,,yes,0
32,married,secondary,yes,yes,cellular,aug,132,,no,0
40,married,secondary,yes,no,unknown,may,735,,no,0
56,married,primary,yes,no,telephone,may,179,,no,0
43,married,tertiary,no,no,cellular,dec,150,195.0,yes,1
53,divorced,tertiary,no,no,cellular,aug,173,,no,0
45,married,secondary,no,no,unknown,jun,442,,no,0
47,married,primary,yes,yes,cellular,aug,166,,no,0
35,single,secondary,yes,no,cellular,may,85,,no,0
58,married,secondary,no,no,cellular,jan,536,,no,0
50,single,tertiary,no,no,unknown,jun,338,,no,0
35,single,tertiary,no,no,cellular,jun,651,,yes,0
39,married,secondary,no,no,cellular,aug,102,,no,0
29,single,tertiary,no,no,cellular,aug,130,94.0,yes,1
39,single,tertiary,yes,no,cellular,nov,147,170.0,no,1
43,married,secondary,no,no,cellular,jul,129,,no,0
60,married,secondary,no,yes,cellular,aug,87,,no,0
43,divorced,secondary,yes,no,cellular,jan,74,,no,0
60,married,unknown,yes,no,unknown,jun,32,,no,0
48,married,primary,yes,no,cellular,feb,144,209.0,no,1
45,single,tertiary,no,no,cellular,nov,125,,no,0
39,divorced,secondary,yes,yes,cellular,oct,222,,yes,0
54,married,secondary,yes,no,cellular,aug,164,,no,0
42,married,tertiary,yes,yes,unknown,may,193,,no,0
46,married,secondary,no,no,cellular,aug,565,,yes,0
30,married,tertiary,yes,no,cellular,jan,464,258.0,no,1
52,married,primary,yes,no,unknown,may,60,,no,0
41,married,secondary,yes,no,cellular,may,208,325.0,no,1
36,single,secondary,yes,no,cellular,nov,139,,no,0
39,married,tertiary,yes,no,unknown,jun,268,,no,0
31,single,secondary,no,yes,cellular,jul,230,,no,0
54,married,tertiary,yes,yes,unknown,may,12,,no,0
39,divorced,tertiary,yes,no,cellular,nov,1337,126.0,no,1
38,married,secondary,yes,yes,unknown,jun,406,,no,0
51,divorced,primary,no,no,telephone,jan,360,,no,0
31,single,secondary,no,yes,cellular,aug,186,,no,0
36,married,tertiary,no,no,cellular,aug,558,,no,0
47,married,tertiary,no,no,cellular,mar,80,,yes,0
31,married,secondary,yes,no,cellular,apr,342,,no,0
37,married,secondary,no,yes,unknown,jun,89,,no,0
52,married,primary,yes,no,unknown,may,30,,no,0
30,married,secondary,yes,no,cellular,apr,294,275.0,no,1
32,married,secondary,no,no,cellular,jan,366,,yes,0
41,married,primary,yes,no,unknown,may,423,,no,0
30,single,secondary,yes,yes,unknown,may,220,,no,0
33,single,secondary,no,yes,cellular,nov,966,,no,0
47,married,primary,no,no,unknown,jun,148,,no,0
60,divorced,secondary,no,no,cellular,feb,282,,no,0
42,married,primary,no,no,unknown,jun,19,,no,0
37,married,tertiary,no,no,cellular,aug,23,,no,0
35,married,secondary,no,no,unknown,may,274,,no,0
26,single,tertiary,yes,no,telephone,nov,5,,no,0
31,married,tertiary,yes,no,unknown,jun,138,,no,0
31,married,primary,yes,no,unknown,may,104,,no,0
31,married,primary,yes,no,cellular,feb,256,190.0,no,1
52,single,secondary,yes,no,cellular,jul,159,,no,0
28,married,secondary,yes,no,cellular,may,74,,no,0
47,married,secondary,yes,yes,unknown,may,370,,no,0
59,married,secondary,no,no,unknown,jun,77,,no,0
59,divorced,primary,no,yes,cellular,jul,116,,no,0
46,single,tertiary,no,yes,cellular,nov,104,,no,0
32,single,tertiary,yes,no,unknown,may,264,,no,0
42,married,secondary,no,no,cellular,nov,124,,no,0
42,married,unknown,yes,no,unknown,may,299,,no,0
35,divorced,secondary,yes,no,cellular,feb,74,24.0,no,1
38,single,tertiary,no,yes,telephone,jul,32,,no,0
39,married,secondary,yes,yes,cellular,may,204,336.0,no,1
39,married,tertiary,yes,no,unknown,jun,46,,no,0
57,married,primary,no,no,cellular,nov,902,,no,0
33,married,tertiary,no,no,unknown,may,1287,,no,0
47,divorced,secondary,no,no,cellular,feb,253,,no,0
42,married,primary,no,no,unknown,jun,79,,no,0
37,single,secondary,no,no,cellular,jul,11,,no,0
34,married,tertiary,yes,no,cellular,jul,359,,no,0
59,married,secondary,yes,no,unknown,may,232,,no,0
48,married,secondary,no,no,cellular,aug,273,,no,0
41,married,tertiary,yes,no,cellular,jul,74,,no,0
47,married,tertiary,no,no,cellular,jul,408,,no,0
53,married,unknown,no,no,telephone,feb,137,,no,0
60,married,secondary,no,no,cellular,jul,190,,no,0
29,single,tertiary,no,no,cellular,feb,264,,yes,0
38,divorced,secondary,yes,no,unknown,jun,61,,no,0
45,divorced,secondary,yes,no,unknown,jun,144,,no,0
46,married,secondary,yes,no,cellular,jul,61,,no,0
42,married,primary,yes,no,cellular,jul,98,,no,0
57,married,primary,no,no,cellular,aug,169,,no,0
48,married,secondary,yes,yes,cellular,jul,225,,no,0
54,married,secondary,no,no,cellular,may,820,,yes,0
25,single,secondary,no,no,cellular,feb,215,92.0,yes,1
35,married,primary,no,no,cellular,nov,322,,no,0
31,married,tertiary,yes,no,cellular,feb,572,238.0,yes,1
54,married,tertiary,no,no,unknown,jun,113,,no,0
32,single,primary,yes,no,cellular,may,90,,no,0
46,married,tertiary,yes,yes,cellular,nov,288,,no,0
35,married,secondary,yes,no,cellular,jul,402,,no,0
45,married,tertiary,yes,no,unknown,jun,332,,no,0
39,single,secondary,yes,no,unknown,jun,348,,no,0
34,married,secondary,yes,no,cellular,feb,97,85.0,yes,1
28,divorced,primary,yes,no,unknown,may,867,,no,0
52,married,secondary,yes,no,cellular,apr,201,272.0,no,1
31,married,secondary,yes,yes,cellular,may,92,,no,0
41,married,secondary,yes,no,cellular,jul,245,,no,0
35,married,secondary,no,no,cellular,apr,295,303.0,no,1
37,divorced,tertiary,yes,no,cellular,apr,60,,no,0
28,single,secondary,no,no,cellular,may,155,,yes,0
50,married,tertiary,no,yes,cellular,oct,96,,yes,0
32,married,secondary,yes,no,cellular,may,77,,no,0
44,single,tertiary,yes,yes,cellular,apr,345,249.0,no,1
38,single,secondary,no,no,cellular,feb,275,,no,0
44,divorced,secondary,yes,no,unknown,jun,66,,no,0
39,divorced,tertiary,no,no,cellular,may,170,,no,0
29,single,secondary,yes,yes,cellular,may,16,355.0,no,1
48,married,secondary,yes,no,cellular,jan,255,,no,0
42,married,primary,yes,no,cellular,feb,81,273.0,no,1
34,single,secondary,no,yes,cellular,jan,136,262.0,no,1
32,married,secondary,yes,no,unknown,may,189,,no,0
39,married,tertiary,no,no,cellular,may,181,184.0,no,1
33,single,tertiary,no,no,cellular,aug,127,,no,0
29,single,primary,yes,no,unknown,jun,2653,,yes,0
37,married,unknown,yes,no,unknown,may,1106,,no,0
46,married,secondary,yes,no,unknown,may,259,,no,0
33,married,secondary,yes,no,cellular,jul,735,,yes,0
32,single,tertiary,yes,yes,cellular,apr,419,,no,0
55,married,secondary,no,no,cellular,aug,265,91.0,yes,1
47,married,primary,yes,no,unknown,may,164,,no,0
29,single,tertiary,no,no,cellular,may,430,50.0,yes,1
27,single,tertiary,yes,no,unknown,may,244,,no,0
41,single,secondary,yes,no,cellular,apr,258,,no,0
37,married,primary,no,yes,cellular,jul,15,,no,0
36,married,tertiary,yes,no,cellular,jul,74,,no,0
46,married,secondary,yes,no,cellular,mar,229,,yes,0
54,married,secondary,no,no,cellular,may,309,93.0,no,1
29,married,secondary,yes,no,cellular,jul,89,,no,0
52,married,primary,yes,no,cellular,may,198,170.0,no,1
29,married,tertiary,yes,no,unknown,jun,72,,no,0
27,single,secondary,yes,no,unknown,may,198,,no,0
36,married,primary,yes,no,cellular,jun,244,,yes,0
46,divorced,tertiary,yes,no,cellular,may,189,,no,0
50,divorced,secondary,no,no,unknown,jun,716,,yes,0
30,married,primary,yes,yes,unknown,may,244,,no,0
30,single,unknown,yes,no,unknown,may,225,,no,0
49,divorced,secondary,no,yes,cellular,jul,439,,no,0
26,single,tertiary,no,no,cellular,jul,262,,no,0
32,single,secondary,yes,yes,cellular,apr,169,316.0,no,1
36,married,primary,yes,no,unknown,may,255,,no,0
34,single,secondary,yes,no,cellular,may,9,,no,0
59,married,primary,no,no,unknown,jun,39,,no,0
49,married,secondary,yes,no,cellular,apr,223,182.0,yes,1
29,single,primary,yes,yes,cellular,feb,72,274.0,no,1
43,divorced,tertiary,no,no,cellular,sep,83,113.0,yes,1
27,single,tertiary,no,no,telephone,mar,39,,no,0
32,married,secondary,yes,no,unknown,may,203,,no,0
30,single,primary,no,no,unknown,jun,11,,no,0
48,married,secondary,no,no,cellular,nov,20,,no,0
30,single,secondary,yes,no,unknown,jun,747,,yes,0
46,married,unknown,no,no,unknown,nov,722,,no,0
57,single,secondary,yes,no,cellular,may,99,,no,0
38,married,secondary,no,no,cellular,jul,635,,yes,0
48,married,tertiary,no,no,cellular,aug,14,,no,0
73,married,secondary,no,no,cellular,may,157,28.0,no,1
48,divorced,secondary,yes,no,cellular,jul,84,,no,0
55,married,secondary,no,no,telephone,jul,153,,no,0
26,single,secondary,no,no,cellular,may,445,,yes,0
35,married,secondary,yes,no,cellular,jul,173,,no,0
39,married,secondary,yes,yes,unknown,may,35,,no,0
46,married,secondary,yes,no,cellular,apr,226,,no,0
30,single,tertiary,no,no,cellular,sep,77,,no,0
40,married,primary,yes,yes,unknown,may,56,,no,0
35,single,secondary,yes,no,unknown,may,81,,no,0
46,married,unknown,yes,no,cellular,may,725,,yes,0
34,single,secondary,yes,no,cellular,nov,963,,yes,0
31,married,secondary,yes,no,cellular,jul,211,,no,0
37,married,tertiary,no,no,cellular,jul,224,,yes,0
36,married,secondary,yes,no,cellular,apr,254,,no,0
34,single,secondary,no,no,cellular,jun,282,126.0,yes,1
34,married,secondary,yes,no,cellular,aug,67,,no,0
52,divorced,secondary,yes,no,cellular,apr,498,,no,0
26,married,primary,yes,no,unknown,may,99,,no,0
37,married,tertiary,yes,no,cellular,jul,70,,no,0
42,married,secondary,yes,no,unknown,may,66,,no,0
47,married,tertiary,no,no,cellular,jul,87,,no,0
39,married,primary,no,no,cellular,nov,201,,no,0
41,single,secondary,yes,no,telephone,nov,661,,no,0
48,married,tertiary,no,no,cellular,aug,162,,no,0
42,single,tertiary,yes,no,telephone,feb,43,,no,0
51,married,secondary,yes,yes,cellular,nov,346,,no,0
34,married,secondary,no,no,cellular,nov,114,,no,0
29,married,tertiary,yes,no,unknown,may,304,,no,0
51,married,secondary,yes,no,cellular,may,361,364.0,no,1
38,married,secondary,yes,no,unknown,jun,235,,no,0
47,married,secondary,yes,no,telephone,jul,105,,no,0
30,single,tertiary,no,no,cellular,nov,87,,no,0
33,single,tertiary,yes,no,cellular,may,59,,no,0
60,married,tertiary,no,no,cellular,aug,101,,no,0
59,divorced,primary,yes,no,unknown,may,165,,no,0
31,single,secondary,no,no,cellular,may,529,,no,0
46,single,tertiary,no,no,telephone,jun,94,,no,0
40,married,tertiary,yes,no,unknown,may,198,,no,0
25,single,secondary,no,no,cellular,jun,252,92.0,yes,1
27,single,primary,yes,no,cellular,may,276,301.0,no,1
60,married,primary,no,no,cellular,feb,480,189.0,no,1
27,married,secondary,yes,no,cellular,jul,124,,no,0
55,married,tertiary,no,no,cellular,aug,59,,no,0
31,divorced,secondary,no,no,cellular,jan,138,164.0,no,1
47,married,secondary,yes,no,unknown,may,943,,yes,0
37,single,tertiary,no,no,cellular,nov,110,,no,0
60,married,tertiary,no,no,cellular,jun,195,,no,0
39,married,secondary,yes,no,cellular,feb,84,267.0,no,1
38,married,secondary,yes,no,cellular,apr,45,153.0,no,1
31,single,secondary,yes,no,cellular,may,239,,no,0
25,single,secondary,yes,no,unknown,jun,214,,no,0
51,married,primary,no,no,unknown,jun,92,,no,0
43,single,secondary,no,no,unknown,may,243,,no,0
32,married,primary,yes,no,cellular,may,130,,no,0
41,married,secondary,yes,no,cellular,may,90,348.0,no,1
54,married,secondary,yes,no,unknown,may,27,,no,0
65,married,secondary,yes,no,cellular,oct,349,183.0,yes,1
55,married,tertiary,no,no,unknown,jun,49,,no,0
49,single,tertiary,no,no,cellular,apr,191,,no,0
59,divorced,secondary,yes,no,cellular,nov,319,165.0,no,1
49,married,primary,yes,yes,cellular,may,99,,no,0
30,single,primary,yes,no,cellular,may,148,345.0,no,1
59,divorced,secondary,no,yes,telephone,jul,176,,no,0
48,single,secondary,yes,no,unknown,jun,245,,no,0
45,married,secondary,no,no,cellular,aug,95,,no,0
33,married,secondary,no,yes,cellular,jul,92,,no,0
52,single,unknown,yes,no,telephone,may,82,335.0,no,1
50,married,secondary,yes,no,telephone,may,352,175.0,no,1
53,married,primary,no,no,cellular,jan,470,,yes,0
40,married,tertiary,yes,yes,cellular,jul,843,,no,0
38,married,unknown,no,no,unknown,jun,57,,no,0
80,married,secondary,no,no,telephone,oct,219,,no,0
42,single,secondary,yes,no,unknown,may,146,,no,0
38,married,secondary,yes,no,cellular,apr,503,,no,0
30,married,secondary,yes,yes,unknown,may,107,,no,0
40,married,secondary,no,no,unknown,jun,30,,no,0
53,married,secondary,no,no,cellular,aug,59,,no,0
32,single,secondary,no,yes,cellular,feb,432,,yes,0
44,single,primary,no,no,telephone,jul,564,,no,0
33,married,primary,yes,no,unknown,may,304,,no,0
55,single,secondary,yes,no,unknown,may,34,,no,0
33,single,secondary,yes,no,cellular,may,133,353.0,no,1
43,married,secondary,yes,no,cellular,feb,137,264.0,no,1
30,married,secondary,yes,no,cellular,apr,476,,no,0
40,married,secondary,yes,no,cellular,nov,365,100.0,no,1
31,single,secondary,no,no,unknown,may,413,,no,0
40,married,unknown,yes,no,unknown,may,465,,no,0
50,married,secondary,yes,yes,telephone,jul,141,,no,0
30,single,tertiary,no,yes,cellular,jul,91,,no,0
72,single,unknown,no,yes,cellular,mar,66,,no,0
40,divorced,secondary,no,no,cellular,nov,98,,no,0
44,married,secondary,yes,no,cellular,apr,122,136.0,no,1
55,married,tertiary,no,no,cellular,aug,116,,no,0
38,married,primary,no,no,cellular,jul,33,,no,0
48,single,secondary,no,no,unknown,jun,1005,,no,0
55,married,secondary,no,no,cellular,jul,538,,no,0
34,married,secondary,no,no,cellular,aug,67,,no,0
58,married,secondary,no,no,unknown,may,362,,no,0
51,single,secondary,no,no,unknown,jun,78,,no,0
25,single,secondary,yes,no,unknown,may,156,,no,0
39,married,tertiary,no,yes,cellular,jul,182,,no,0
54,married,secondary,yes,yes,cellular,nov,137,,no,0
27,single,primary,yes,no,cellular,may,54,,no,0
36,married,secondary,no,no,cellular,aug,125,,no,0
46,married,secondary,no,no,telephone,jul,43,,no,0
32,married,tertiary,yes,no,cellular,may,1111,,yes,0
40,married,tertiary,yes,no,cellular,jul,1018,,no,0
58,married,secondary,yes,no,unknown,jun,319,,no,0
41,married,secondary,yes,no,cellular,jul,91,,no,0
31,married,secondary,yes,no,cellular,jul,119,,no,0
28,single,tertiary,yes,no,unknown,may,293,,no,0
27,single,tertiary,no,no,cellular,apr,165,,yes,0
36,married,secondary,no,no,unknown,jun,1093,,yes,0
31,married,tertiary,no,yes,unknown,jul,143,,no,0
35,married,secondary,yes,no,unknown,may,1056,,no,0
45,married,primary,no,no,cellular,aug,317,,no,0
45,single,secondary,yes,no,cellular,apr,754,143.0,no,1
51,divorced,secondary,no,no,telephone,feb,23,,no,0
55,married,tertiary,no,no,cellular,aug,545,,no,0
38,single,primary,yes,no,cellular,jan,70,,no,0
35,single,secondary,yes,no,cellular,apr,8,,no,0
37,married,secondary,no,no,cellular,jul,179,,no,0
36,single,tertiary,no,no,cellular,apr,260,,yes,0
47,single,tertiary,no,no,unknown,jun,993,,yes,0
37,single,secondary,no,no,cellular,jan,1600,,yes,0
24,single,secondary,no,no,cellular,jul,106,,no,0
32,single,secondary,yes,no,cellular,apr,135,521.0,no,1
50,married,secondary,yes,no,cellular,aug,69,,no,0
36,married,tertiary,yes,no,cellular,jun,132,392.0,no,1
28,single,tertiary,yes,no,cellular,apr,205,82.0,yes,1
46,married,secondary,no,no,cellular,aug,210,,no,0
49,married,secondary,yes,yes,cellular,may,199,167.0,no,1
40,married,secondary,no,no,unknown,jun,87,,no,0
39,married,secondary,yes,yes,cellular,jan,199,234.0,no,1
34,married,secondary,yes,no,unknown,may,170,,no,0
48,divorced,tertiary,yes,no,unknown,jun,64,,no,0
32,married,secondary,yes,yes,unknown,may,214,,no,0
57,married,secondary,no,no,telephone,jan,585,192.0,yes,1
53,married,secondary,yes,no,unknown,may,155,,no,0
72,married,secondary,no,no,cellular,dec,546,,yes,0
37,single,tertiary,no,no,cellular,sep,238,464.0,no,1
56,married,tertiary,yes,no,cellular,jul,156,,no,0
35,married,tertiary,no,no,cellular,apr,144,,no,0
59,married,secondary,no,no,telephone,jul,10,,no,0
49,married,unknown,yes,no,unknown,may,241,,no,0
52,married,primary,no,no,cellular,aug,273,,no,0
47,married,unknown,no,no,cellular,aug,455,,no,0
42,married,secondary,no,no,cellular,aug,67,,no,0
53,married,tertiary,yes,no,cellular,feb,128,,no,0
41,married,secondary,yes,no,unknown,jun,20,,no,0
56,married,secondary,yes,yes,cellular,jul,98,,no,0
37,single,secondary,no,no,cellular,jan,79,,no,0
46,married,tertiary,no,no,cellular,aug,87,,no,0
29,married,secondary,yes,yes,cellular,jul,141,,no,0
42,married,secondary,yes,no,cellular,jun,271,92.0,yes,1
31,married,secondary,no,no,cellular,aug,720,,yes,0
28,single,tertiary,yes,yes,unknown,may,300,,no,0
32,divorced,tertiary,yes,no,cellular,jan,131,127.0,no,1
34,married,tertiary,yes,no,cellular,feb,189,,no,0
52,married,secondary,yes,no,unknown,may,132,,no,0
39,married,primary,yes,no,cellular,may,290,,no,0
31,married,tertiary,no,no,cellular,jun,192,93.0,yes,1
43,married,secondary,yes,no,unknown,jun,14,,no,0
32,single,secondary,no,no,cellular,aug,71,,no,0
50,married,primary,yes,no,unknown,may,221,,no,0
51,married,unknown,no,no,cellular,jun,458,,yes,0
50,divorced,secondary,yes,no,unknown,jun,113,,no,0
54,married,secondary,no,yes,cellular,jan,105,,no,0
38,married,secondary,yes,no,cellular,jul,13,,no,0
55,married,primary,no,no,cellular,aug,118,,no,0
46,married,secondary,yes,no,unknown,may,50,,no,0
35,married,secondary,yes,no,cellular,may,125,175.0,no,1
49,married,secondary,yes,no,cellular,jul,155,,no,0
51,married,secondary,no,yes,unknown,jun,155,,no,0
54,married,primary,no,no,cellular,jul,115,,no,0
52,married,unknown,yes,no,unknown,may,253,,no,0
24,single,secondary,yes,no,cellular,may,7,,no,0
42,married,secondary,yes,no,cellular,may,67,,no,0
37,single,primary,no,no,unknown,jun,131,,no,0
51,married,primary,no,no,cellular,aug,121,,no,0
27,single,tertiary,yes,no,unknown,may,897,,yes,0
36,married,secondary,yes,no,unknown,jun,202,,no,0
57,married,unknown,no,no,unknown,jun,340,,no,0
30,single,secondary,yes,no,unknown,may,116,,no,0
41,single,primary,yes,no,cellular,may,198,167.0,no,1
36,married,tertiary,no,no,cellular,may,322,,yes,0
56,married,secondary,no,no,cellular,aug,70,,no,0
25,divorced,secondary,no,yes,cellular,jul,483,,no,0
49,divorced,tertiary,no,no,cellular,mar,111,585.0,no,1
31,single,tertiary,no,no,cellular,jul,64,,no,0
36,married,tertiary,no,no,unknown,jun,222,,no,0
49,married,primary,no,no,cellular,jul,51,,no,0
31,single,secondary,yes,no,cellular,may,127,,no,0
41,divorced,tertiary,yes,no,unknown,may,270,,no,0
32,married,secondary,yes,no,unknown,may,294,,no,0
39,single,secondary,yes,no,cellular,may,247,,no,0
30,single,tertiary,yes,yes,unknown,may,261,,no,0
25,single,secondary,no,no,cellular,jul,246,,no,0
26,single,tertiary,no,no,cellular,jul,178,,no,0
36,married,secondary,no,no,unknown,jun,243,,no,0
47,married,secondary,no,no,cellular,aug,618,,no,0
39,married,primary,yes,no,unknown,may,181,,no,0
29,single,secondary,yes,no,unknown,may,214,,no,0
43,married,tertiary,yes,no,unknown,may,166,,no,0
38,single,primary,yes,yes,cellular,may,84,290.0,no,1
51,divorced,secondary,no,no,telephone,jul,273,,no,0
39,married,secondary,yes,yes,unknown,may,240,,no,0
38,married,secondary,no,no,cellular,jul,624,,no,0
44,divorced,secondary,yes,no,cellular,apr,142,,no,0
49,married,secondary,yes,no,unknown,jun,51,,no,0
41,single,tertiary,no,no,cellular,dec,352,182.0,no,1
51,married,tertiary,yes,yes,cellular,jul,252,,no,0
41,married,secondary,yes,no,cellular,nov,1055,177.0,no,1
53,divorced,secondary,no,no,unknown,jun,150,,no,0
28,single,tertiary,no,no,cellular,may,69,99.0,no,1
25,single,secondary,no,no,cellular,jul,144,,no,0
35,divorced,secondary,yes,no,cellular,nov,187,,yes,0
38,married,secondary,yes,no,unknown,may,59,,no,0
59,divorced,primary,yes,no,telephone,jul,69,,no,0
37,divorced,secondary,no,no,cellular,jan,293,162.0,no,1
48,single,secondary,yes,no,unknown,may,198,,no,0
35,single,secondary,no,no,unknown,may,268,,no,0
36,married,primary,no,no,cellular,apr,151,,no,0
54,divorced,primary,yes,no,unknown,jun,173,,no,0
48,single,secondary,yes,no,cellular,may,214,358.0,no,1
49,single,secondary,no,no,unknown,may,14,,no,0
29,single,secondary,yes,yes,unknown,jun,106,,no,0
25,single,secondary,yes,no,unknown,may,393,,no,0
40,married,secondary,yes,yes,unknown,may,263,,no,0
34,married,primary,no,no,cellular,jan,278,97.0,no,1
35,married,secondary,yes,no,cellular,jan,99,245.0,no,1
46,married,tertiary,yes,no,unknown,may,374,,no,0
37,divorced,secondary,yes,no,unknown,may,182,,no,0
32,married,secondary,yes,no,unknown,may,260,,no,0
28,single,secondary,yes,no,unknown,may,158,,no,0
22,single,secondary,yes,no,cellular,apr,84,343.0,no,1
26,single,primary,yes,no,cellular,apr,271,300.0,no,1
39,married,secondary,yes,no,cellular,jul,311,,no,0
34,married,tertiary,yes,no,cellular,apr,28,345.0,no,1
59,divorced,primary,no,no,unknown,jun,404,,no,0
33,single,secondary,yes,no,unknown,may,1128,,no,0
28,single,tertiary,yes,no,cellular,sep,201,,yes,0
35,married,secondary,yes,no,cellular,jul,230,,no,0
34,single,tertiary,no,no,cellular,aug,211,,no,0
43,married,secondary,yes,no,cellular,nov,504,,yes,0
25,single,tertiary,yes,no,cellular,may,263,348.0,no,1
39,married,secondary,yes,no,cellular,apr,436,,no,0
40,single,primary,yes,no,unknown,jun,152,,no,0
44,married,unknown,yes,no,telephone,jul,84,,no,0
58,married,tertiary,no,no,cellular,aug,49,,no,0
71,married,primary,no,no,cellular,sep,246,,no,0
50,married,primary,no,no,unknown,jun,107,,no,0
49,married,tertiary,yes,no,cellular,nov,42,188.0,no,1
23,single,secondary,yes,no,cellular,may,283,,no,0
48,married,primary,no,yes,cellular,aug,418,,yes,0
29,single,secondary,yes,yes,unknown,jun,250,,no,0
31,single,tertiary,no,no,cellular,aug,9,,no,0
36,married,primary,no,no,unknown,jul,584,,yes,0
42,divorced,secondary,yes,no,unknown,may,112,,no,0
44,married,secondary,yes,no,cellular,feb,218,,no,0
44,divorced,primary,no,no,cellular,jul,432,,no,0
47,divorced,secondary,no,no,unknown,jun,63,,no,0
39,married,secondary,yes,no,cellular,jul,342,,yes,0
33,married,secondary,yes,no,cellular,may,244,,no,0
39,married,tertiary,no,no,cellular,aug,140,,no,0
46,single,secondary,no,no,telephone,jul,46,,no,0
42,single,primary,yes,no,unknown,may,156,,no,0
47,married,secondary,no,yes,cellular,jul,360,,no,0
54,divorced,secondary,yes,no,cellular,feb,341,,no,0
33,single,tertiary,no,no,cellular,aug,332,,no,0
53,married,primary,no,no,cellular,aug,145,,no,0
31,single,secondary,no,no,cellular,jul,252,184.0,yes,1
45,married,tertiary,no,yes,cellular,jul,12,,no,0
51,divorced,unknown,no,yes,unknown,jul,167,,no,0
41,married,secondary,no,no,cellular,sep,134,121.0,no,1
38,divorced,secondary,no,no,cellular,aug,63,,no,0
56,single,secondary,yes,no,cellular,nov,367,,no,0
35,married,unknown,yes,no,unknown,may,843,,yes,0
36,married,tertiary,no,no,cellular,sep,349,53.0,no,1
31,single,tertiary,yes,no,cellular,feb,15,261.0,no,1
48,married,primary,no,no,cellular,jan,362,,no,0
36,single,secondary,no,no,cellular,aug,876,,yes,0
47,married,secondary,no,no,cellular,nov,353,,no,0
50,married,secondary,no,no,telephone,jun,113,,no,0
49,single,secondary,yes,yes,cellular,nov,454,,yes,0
43,married,tertiary,yes,yes,cellular,nov,82,97.0,no,1
30,married,primary,yes,no,cellular,may,55,,no,0
36,married,secondary,yes,no,unknown,may,24,,no,0
25,single,secondary,yes,no,unknown,may,615,,yes,0
53,married,tertiary,yes,no,cellular,jul,85,,no,0
45,married,tertiary,yes,no,unknown,may,657,,no,0
45,single,tertiary,yes,yes,cellular,may,81,,no,0
42,married,primary,yes,no,unknown,jun,46,,no,0
44,married,secondary,yes,no,cellular,jul,149,,no,0
50,divorced,secondary,yes,no,cellular,aug,101,,no,0
33,married,secondary,yes,no,unknown,may,365,,no,0
48,married,primary,no,no,cellular,nov,123,,no,0
47,married,primary,no,no,telephone,jul,167,,no,0
60,divorced,tertiary,no,no,cellular,may,243,271.0,no,1
60,married,secondary,no,no,cellular,aug,124,,no,0
31,married,secondary,yes,no,unknown,may,408,,no,0
43,married,tertiary,no,no,cellular,jul,646,,no,0
51,married,secondary,no,no,cellular,nov,118,,no,0
33,divorced,tertiary,yes,yes,cellular,may,82,306.0,no,1
29,married,secondary,yes,no,unknown,jun,85,,no,0
49,married,tertiary,no,no,cellular,aug,27,,no,0
28,married,secondary,yes,yes,cellular,may,165,300.0,no,1
31,single,secondary,yes,no,cellular,aug,74,,no,0
35,married,secondary,no,no,cellular,nov,178,,no,0
55,divorced,tertiary,no,no,cellular,aug,1019,63.0,yes,1
44,divorced,tertiary,no,no,cellular,aug,118,,no,0
48,married,secondary,no,no,cellular,aug,139,,no,0
30,single,secondary,no,yes,cellular,jul,117,,no,0
46,married,primary,no,no,unknown,may,177,,no,0
37,married,secondary,yes,no,cellular,may,8,,no,0
41,married,secondary,yes,no,cellular,may,729,,yes,0
39,divorced,secondary,no,no,cellular,aug,73,,no,0
23,single,secondary,yes,no,unknown,jun,217,,no,0
32,married,tertiary,yes,yes,cellular,apr,72,,no,0
37,married,tertiary,no,no,unknown,may,36,,no,0
44,divorced,secondary,yes,yes,unknown,may,97,,no,0
30,married,tertiary,yes,no,unknown,may,122,,no,0
36,married,tertiary,yes,yes,unknown,may,958,,yes,0
32,single,secondary,yes,no,cellular,jan,61,,no,0
26,single,tertiary,yes,yes,cellular,feb,269,,yes,0
32,single,tertiary,no,no,cellular,may,16,,no,0
32,single,tertiary,no,no,cellular,jul,407,,no,0
40,single,primary,yes,no,cellular,may,109,,no,0
54,married,secondary,yes,no,unknown,may,192,,no,0
34,married,tertiary,no,no,cellular,aug,235,,no,0
44,married,primary,no,no,unknown,jun,291,,no,0
34,divorced,secondary,no,yes,unknown,may,339,,no,0
23,single,secondary,yes,no,cellular,may,222,,no,0
40,divorced,primary,yes,no,unknown,may,962,,no,0
38,single,secondary,no,no,cellular,feb,315,180.0,yes,1
40,married,secondary,no,no,unknown,jun,253,,no,0
38,single,secondary,no,yes,cellular,jul,172,,no,0
49,married,secondary,no,no,cellular,nov,201,113.0,no,1
47,divorced,primary,yes,no,cellular,apr,473,339.0,no,1
51,divorced,primary,yes,no,cellular,may,341,,no,0
51,married,secondary,no,no,telephone,jul,145,,no,0
48,married,primary,yes,yes,cellular,aug,36,,no,0
39,divorced,tertiary,no,yes,cellular,aug,74,,no,0
60,divorced,tertiary,no,yes,cellular,may,464,321.0,yes,1
58,married,tertiary,yes,no,cellular,apr,750,164.0,yes,1
49,divorced,secondary,yes,no,cellular,jul,85,,no,0
54,single,secondary,no,no,cellular,nov,149,,no,0
52,married,secondary,no,no,cellular,aug,314,,no,0
25,married,secondary,no,no,telephone,jul,218,,no,0
27,married,secondary,yes,no,unknown,jun,749,,no,0
31,single,tertiary,no,no,cellular,nov,74,,no,0
46,divorced,tertiary,no,yes,cellular,jul,96,,no,0
58,married,primary,no,no,telephone,jun,336,,no,0
33,single,primary,no,no,cellular,jul,263,,no,0
30,married,secondary,yes,yes,cellular,aug,92,,no,0
38,married,secondary,yes,no,cellular,may,32,308.0,no,1
55,divorced,tertiary,no,no,cellular,nov,48,154.0,no,1
42,married,secondary,no,yes,unknown,jun,47,,no,0
42,married,secondary,no,no,cellular,aug,91,,no,0
32,single,secondary,yes,no,cellular,nov,379,,no,0
49,married,tertiary,no,no,cellular,aug,102,,no,0
51,married,tertiary,no,no,cellular,aug,896,,no,0
32,married,tertiary,yes,no,cellular,apr,77,133.0,no,1
34,divorced,secondary,no,no,cellular,apr,137,430.0,no,1
24,single,tertiary,yes,no,cellular,jul,267,,yes,0
45,married,secondary,yes,no,cellular,nov,143,166.0,no,1
37,married,tertiary,yes,no,unknown,may,149,,no,0
37,married,secondary,yes,yes,unknown,may,157,,no,0
47,married,secondary,no,no,cellular,aug,175,,no,0
33,divorced,tertiary,yes,no,cellular,jan,259,259.0,no,1
40,married,primary,yes,no,cellular,apr,1156,,no,0
29,married,tertiary,yes,no,cellular,jan,61,265.0,no,1
53,married,primary,no,no,cellular,jul,1169,,yes,0
37,married,tertiary,yes,yes,cellular,jul,332,,no,0
26,single,secondary,no,no,unknown,may,54,,no,0
29,married,secondary,yes,no,cellular,jul,644,,no,0
32,divorced,secondary,yes,yes,cellular,apr,211,,no,0
48,married,secondary,no,no,cellular,aug,459,,no,0
60,divorced,secondary,no,yes,telephone,jul,357,,no,0
73,single,secondary,no,no,cellular,mar,562,181.0,yes,1
34,married,secondary,yes,yes,cellular,jul,127,,no,0
33,single,secondary,yes,no,cellular,feb,121,256.0,no,1
55,divorced,secondary,yes,no,unknown,jun,99,,no,0
43,married,secondary,yes,no,unknown,may,107,,no,0
51,divorced,secondary,yes,no,unknown,may,247,,no,0
27,single,secondary,yes,no,unknown,may,238,,no,0
44,married,tertiary,no,no,cellular,jul,571,,yes,0
45,married,tertiary,no,no,unknown,jun,100,,no,0
43,married,primary,yes,no,cellular,jul,180,,no,0
34,married,primary,yes,no,unknown,jun,130,,no,0
28,single,tertiary,no,no,cellular,apr,384,80.0,yes,1
35,married,tertiary,yes,no,unknown,jun,281,,no,0
49,married,secondary,no,yes,unknown,jun,10,,no,0
36,married,primary,yes,no,unknown,jun,132,,no,0
59,married,primary,no,no,cellular,aug,184,,no,0
35,single,unknown,no,no,telephone,jan,122,,no,0
40,married,primary,yes,no,telephone,nov,111,156.0,no,1
26,married,secondary,no,no,cellular,apr,209,,yes,0
30,married,secondary,yes,no,unknown,may,115,,no,0
30,single,secondary,yes,no,cellular,jul,81,,no,0
58,single,secondary,yes,no,cellular,apr,861,321.0,no,1
53,divorced,tertiary,yes,no,unknown,may,217,,no,0
26,single,secondary,yes,no,unknown,jun,239,,no,0
34,single,secondary,no,no,cellular,jan,27,,no,0
38,single,secondary,yes,no,cellular,may,193,,no,0
50,divorced,primary,yes,no,unknown,may,92,,no,0
49,married,secondary,no,yes,cellular,aug,168,,no,0
34,divorced,tertiary,yes,no,cellular,may,239,,no,0
50,married,tertiary,yes,no,cellular,nov,163,113.0,no,1
66,married,secondary,no,no,cellular,oct,189,,no,0
26,single,secondary,no,yes,cellular,may,172,,no,0
39,married,tertiary,no,no,telephone,jul,41,,no,0
85,married,unknown,no,no,telephone,jan,140,,no,0
48,single,tertiary,no,yes,cellular,jan,121,190.0,no,1
43,married,tertiary,no,no,cellular,aug,25,,no,0
45,divorced,primary,no,no,cellular,jul,758,,no,0
31,married,secondary,yes,no,cellular,may,394,,yes,0
29,single,tertiary,yes,no,cellular,may,44,,no,0
34,married,tertiary,no,no,cellular,sep,300,44.0,yes,1
31,single,secondary,yes,yes,cellular,may,1205,,yes,0
31,single,secondary,yes,no,unknown,may,87,,no,0
41,single,tertiary,yes,no,cellular,may,258,90.0,yes,1
35,single,tertiary,no,no,cellular,nov,370,,no,0
48,married,primary,yes,no,unknown,may,70,,no,0
30,married,secondary,no,yes,unknown,jun,23,,no,0
33,married,secondary,yes,no,unknown,may,247,,no,0
35,married,secondary,yes,no,cellular,jul,219,,no,0
37,single,tertiary,no,no,unknown,may,416,,no,0
35,single,tertiary,yes,no,unknown,may,554,,no,0
34,married,tertiary,yes,yes,cellular,jul,129,,no,0
56,married,secondary,no,no,cellular,nov,150,,no,0
56,married,secondary,no,yes,telephone,jul,197,,no,0
45,married,tertiary,yes,no,cellular,may,337,,no,0
41,married,tertiary,no,no,cellular,jul,21,,no,0
25,married,tertiary,no,no,cellular,dec,400,,yes,0
59,married,secondary,no,no,telephone,jul,1140,,no,0
59,married,secondary,no,no,cellular,jul,62,,no,0
62,married,tertiary,no,no,cellular,apr,113,182.0,no,1
45,married,primary,no,no,unknown,jun,98,,no,0
55,married,secondary,no,no,cellular,aug,129,,no,0
38,single,tertiary,yes,yes,cellular,jan,103,247.0,no,1
33,married,primary,yes,no,unknown,may,296,,no,0
41,married,secondary,yes,no,unknown,may,114,,no,0
33,married,secondary,yes,yes,unknown,may,323,,no,0
44,married,secondary,yes,no,unknown,may,253,,no,0
38,married,tertiary,yes,no,cellular,jul,139,,no,0
52,married,primary,no,no,telephone,dec,91,217.0,no,1
30,single,secondary,no,no,cellular,nov,51,,no,0
37,married,primary,yes,no,unknown,may,137,,no,0
59,married,primary,no,no,telephone,jul,215,,no,0
39,married,secondary,no,yes,cellular,aug,94,,no,0
31,single,secondary,yes,no,cellular,may,228,370.0,no,1
41,married,primary,yes,no,cellular,nov,145,,no,0
30,married,secondary,yes,no,cellular,feb,192,,no,0
28,married,secondary,yes,yes,unknown,may,866,,no,0
56,married,unknown,no,no,unknown,jun,471,,no,0
36,married,secondary,yes,no,unknown,may,456,,no,0
42,married,primary,no,no,unknown,jun,850,,no,0
38,divorced,tertiary,yes,no,cellular,may,295,343.0,no,1
41,single,tertiary,no,no,cellular,nov,164,,no,0
33,married,secondary,yes,no,cellular,nov,193,,no,0
33,single,primary,yes,no,unknown,may,193,,no,0
35,single,tertiary,yes,yes,unknown,jun,95,,no,0
27,single,secondary,yes,no,telephone,may,289,,no,0
31,married,primary,no,no,unknown,jun,532,,no,0
56,divorced,tertiary,no,no,cellular,feb,108,199.0,no,1
23,single,secondary,yes,no,unknown,may,180,,no,0
31,married,tertiary,yes,no,unknown,may,206,,no,0
66,married,primary,no,no,cellular,aug,401,,no,0
27,single,tertiary,yes,no,unknown,may,391,,no,0
34,single,tertiary,no,no,cellular,aug,37,,no,0
48,divorced,secondary,yes,yes,cellular,may,100,361.0,no,1
44,married,tertiary,no,no,telephone,jul,168,,no,0
39,single,secondary,yes,no,unknown,may,462,,no,0
40,married,secondary,yes,no,cellular,may,508,173.0,no,1
47,married,secondary,yes,no,cellular,nov,127,176.0,no,1
57,married,tertiary,no,no,telephone,jul,539,,no,0
39,married,secondary,yes,no,unknown,may,126,,no,0
43,married,secondary,no,no,cellular,jul,103,,no,0
38,single,secondary,no,yes,cellular,jul,260,,no,0
39,married,tertiary,yes,yes,unknown,jun,185,,no,0
38,single,secondary,yes,no,cellular,apr,1691,264.0,yes,1
59,married,secondary,no,yes,cellular,jul,246,,no,0
44,divorced,secondary,yes,no,cellular,jul,835,,no,0
29,married,tertiary,yes,no,cellular,may,41,,no,0
30,married,tertiary,no,no,cellular,aug,112,,no,0
36,married,primary,no,no,cellular,feb,148,,no,0
31,single,tertiary,no,no,cellular,apr,116,,no,0
31,divorced,secondary,yes,yes,cellular,jul,913,,yes,0
49,married,secondary,no,no,cellular,aug,278,,no,0
35,married,secondary,yes,yes,cellular,nov,83,144.0,no,1
48,married,tertiary,yes,no,cellular,jan,134,169.0,no,1
32,married,tertiary,no,yes,unknown,oct,71,,no,0
42,married,primary,yes,no,telephone,jul,59,,no,0
53,married,primary,yes,no,unknown,may,121,,no,0
60,married,secondary,no,yes,cellular,feb,260,195.0,no,1
40,divorced,secondary,no,no,cellular,may,449,,yes,0
31,single,tertiary,yes,no,cellular,feb,90,,no,0
32,divorced,secondary,yes,no,cellular,feb,342,260.0,no,1
26,single,secondary,yes,no,cellular,sep,230,93.0,yes,1
44,married,tertiary,yes,yes,cellular,jul,54,,no,0
31,single,tertiary,no,no,cellular,jul,225,,no,0
35,single,tertiary,no,no,cellular,jan,105,,no,0
57,divorced,unknown,no,no,unknown,jun,335,,no,0
30,single,tertiary,yes,no,unknown,may,138,,no,0
50,married,tertiary,no,no,unknown,jun,117,,no,0
31,single,tertiary,yes,no,unknown,may,202,,no,0
26,single,tertiary,no,no,cellular,feb,11,,no,0
31,single,tertiary,yes,no,cellular,may,380,,no,0
58,married,primary,yes,yes,cellular,aug,163,,no,0
33,married,secondary,no,no,cellular,aug,87,1.0,no,1
48,married,tertiary,yes,no,cellular,may,235,,no,0
56,married,secondary,no,no,unknown,jun,74,,no,0
26,single,tertiary,yes,no,cellular,may,216,,no,0
34,single,secondary,yes,no,cellular,apr,437,,no,0
26,single,secondary,yes,no,cellular,may,667,,yes,0
58,married,secondary,no,no,cellular,may,165,287.0,yes,1
33,single,tertiary,no,no,cellular,feb,126,88.0,yes,1
42,married,secondary,yes,no,cellular,nov,96,,no,0
37,single,secondary,no,no,unknown,jun,527,,no,0
60,married,secondary,yes,no,telephone,jul,196,,no,0
51,single,tertiary,yes,no,cellular,nov,168,,no,0
57,married,tertiary,yes,no,unknown,may,339,,no,0
24,single,unknown,yes,no,unknown,may,109,,no,0
47,married,tertiary,no,no,cellular,aug,228,,no,0
45,married,secondary,no,no,cellular,may,204,,no,0
31,single,primary,yes,no,unknown,may,411,,no,0
55,married,secondary,no,no,cellular,jun,201,,yes,0
28,single,secondary,yes,no,unknown,may,267,,no,0
39,married,secondary,no,no,cellular,feb,137,189.0,no,1
36,married,tertiary,no,no,cellular,jul,74,,no,0
44,married,tertiary,no,no,unknown,jun,125,,no,0
46,married,secondary,yes,yes,cellular,may,60,,no,0
37,married,secondary,yes,no,unknown,may,158,,no,0
57,single,secondary,yes,no,cellular,jul,98,,no,0
59,married,primary,yes,no,cellular,jul,408,,no,0
47,married,secondary,yes,no,unknown,may,577,,no,0
55,married,tertiary,no,no,cellular,aug,273,,no,0
42,married,secondary,yes,no,cellular,nov,46,171.0,no,1
30,single,tertiary,no,no,cellular,apr,243,,no,0
33,single,secondary,yes,no,unknown,may,142,,no,0
39,married,primary,yes,no,unknown,may,173,,no,0
42,married,secondary,yes,no,unknown,may,259,,no,0
35,married,tertiary,yes,yes,cellular,feb,76,5.0,no,1
28,single,secondary,yes,no,cellular,jan,205,,no,0
38,single,secondary,yes,no,cellular,may,114,,no,0
28,single,secondary,yes,no,cellular,may,87,,no,0
41,married,tertiary,yes,no,unknown,may,335,,no,0
35,single,secondary,no,no,telephone,nov,215,,no,0
39,married,secondary,yes,yes,unknown,jun,252,,no,0
52,married,secondary,no,no,cellular,aug,112,,no,0
46,married,tertiary,yes,no,unknown,jun,153,,no,0
39,single,secondary,no,no,cellular,nov,333,105.0,no,1
29,single,secondary,yes,no,unknown,may,177,,no,0
42,single,secondary,yes,no,unknown,sep,6,524.0,no,1
33,single,secondary,yes,no,cellular,may,302,356.0,no,1
29,married,secondary,yes,no,cellular,may,339,362.0,no,1
53,married,primary,yes,yes,cellular,aug,119,,no,0
30,single,secondary,no,no,cellular,feb,110,,no,0
34,single,secondary,yes,no,cellular,nov,121,,no,0
59,divorced,secondary,no,no,cellular,feb,213,,no,0
44,married,secondary,yes,no,cellular,nov,205,,no,0
32,divorced,secondary,yes,no,unknown,may,218,,no,0
45,married,tertiary,yes,yes,cellular,jul,199,,no,0
57,married,secondary,no,no,cellular,nov,198,,no,0
28,single,secondary,no,no,cellular,jul,87,184.0,yes,1
53,married,tertiary,no,no,cellular,aug,224,86.0,no,1
56,married,secondary,yes,no,unknown,jun,44,,no,0
50,divorced,secondary,no,no,cellular,jul,65,,no,0
36,married,secondary,no,no,unknown,jun,283,,no,0
66,married,secondary,no,yes,cellular,feb,232,181.0,yes,1
33,married,secondary,yes,yes,cellular,nov,17,198.0,no,1
34,married,secondary,yes,yes,telephone,jul,92,,no,0
51,married,primary,yes,no,unknown,may,673,,no,0
59,married,tertiary,no,no,cellular,nov,48,,no,0
40,married,secondary,yes,no,cellular,jul,145,,no,0
27,single,secondary,yes,no,cellular,feb,416,,yes,0
30,married,secondary,yes,no,cellular,may,69,,no,0
44,divorced,secondary,no,no,cellular,apr,1594,148.0,yes,1
55,married,secondary,yes,yes,unknown,may,61,,no,0
44,divorced,secondary,no,yes,telephone,jul,672,,no,0
29,single,secondary,yes,no,cellular,apr,161,316.0,no,1
28,single,secondary,yes,no,cellular,may,55,,no,0
25,single,tertiary,yes,no,cellular,may,223,89.0,yes,1
42,divorced,tertiary,yes,no,unknown,jun,254,,no,0
49,married,tertiary,yes,no,cellular,nov,408,,no,0
45,divorced,primary,no,no,cellular,jul,878,,yes,0
61,divorced,secondary,no,no,cellular,sep,145,391.0,no,1
27,married,secondary,yes,no,unknown,jun,216,,no,0
41,divorced,secondary,yes,yes,unknown,may,65,,no,0
35,single,unknown,yes,no,cellular,nov,68,,no,0
32,single,tertiary,no,no,cellular,aug,181,,no,0
34,married,secondary,yes,no,unknown,may,91,,no,0
42,divorced,tertiary,no,no,cellular,aug,85,,no,0
45,married,primary,yes,no,unknown,may,68,,no,0
30,single,secondary,no,yes,cellular,jul,110,,no,0
46,married,secondary,no,no,cellular,jul,1187,,no,0
46,married,secondary,yes,yes,cellular,jul,232,,no,0
32,single,primary,yes,no,unknown,may,61,,no,0
59,divorced,unknown,yes,no,unknown,may,248,,no,0
39,married,secondary,yes,no,cellular,apr,649,,no,0
32,married,secondary,yes,no,cellular,may,80,,no,0
33,married,secondary,yes,yes,unknown,may,22,,no,0
34,married,tertiary,yes,no,cellular,aug,262,99.0,yes,1
28,single,secondary,no,no,unknown,jun,25,,no,0
40,married,secondary,no,no,cellular,jul,255,,no,0
33,married,tertiary,yes,no,unknown,aug,12,,no,0
49,married,tertiary,no,no,cellular,dec,439,185.0,yes,1
56,married,secondary,no,no,telephone,jul,39,,no,0
48,divorced,tertiary,yes,no,cellular,apr,725,,no,0
32,single,secondary,yes,yes,unknown,may,162,,no,0
34,single,unknown,yes,no,cellular,may,612,,yes,0
50,married,tertiary,yes,no,cellular,may,258,329.0,no,1
24,single,tertiary,no,no,cellular,jul,257,,yes,0
31,married,unknown,no,no,cellular,nov,584,,no,0
54,single,tertiary,yes,no,unknown,jun,68,,no,0
36,single,unknown,yes,no,unknown,may,515,,yes,0
30,single,unknown,no,no,cellular,feb,96,175.0,no,1
53,divorced,secondary,yes,no,unknown,may,812,,no,0
45,married,secondary,no,yes,cellular,jul,312,,no,0
40,single,secondary,yes,no,unknown,jun,65,,no,0
31,married,secondary,yes,no,unknown,may,226,,no,0
46,divorced,secondary,yes,no,cellular,jul,100,,no,0
31,single,secondary,yes,yes,cellular,jul,104,,no,0
32,divorced,secondary,yes,no,cellular,may,286,,no,0
30,single,tertiary,yes,no,cellular,apr,108,,no,0
60,married,primary,no,no,cellular,apr,118,,no,0
40,married,primary,yes,no,unknown,may,145,,no,0
48,married,secondary,yes,no,unknown,may,98,,no,0
41,married,tertiary,yes,no,cellular,jun,288,,no,0
32,married,secondary,no,no,cellular,may,113,,no,0
29,single,secondary,yes,no,cellular,may,172,346.0,no,1
51,married,primary,no,yes,unknown,jun,75,,no,0
30,married,primary,yes,no,unknown,may,299,,no,0
32,married,primary,yes,no,cellular,nov,820,,yes,0
57,married,secondary,no,no,cellular,jan,73,,no,0
30,married,tertiary,yes,no,cellular,jul,209,,no,0
34,single,tertiary,no,no,cellular,aug,196,455.0,yes,1
31,single,tertiary,yes,no,unknown,may,48,,no,0
32,single,primary,yes,no,cellular,may,72,,no,0
57,married,secondary,no,no,cellular,jun,195,,no,0
30,married,tertiary,no,no,cellular,aug,351,,no,0
26,married,secondary,yes,no,unknown,jun,60,,no,0
40,married,secondary,yes,no,unknown,may,112,,no,0
42,married,tertiary,yes,no,unknown,may,254,,no,0
30,married,primary,yes,no,cellular,jul,225,,no,0
30,married,secondary,yes,no,cellular,apr,99,267.0,no,1
29,single,tertiary,yes,no,cellular,jul,199,,no,0
29,single,tertiary,yes,no,unknown,jun,105,,no,0
33,married,secondary,no,no,unknown,may,189,,no,0
49,married,secondary,yes,yes,unknown,jun,92,,no,0
33,married,secondary,yes,no,unknown,jun,106,,no,0
28,single,secondary,no,no,cellular,feb,15,,no,0
23,married,tertiary,yes,no,unknown,may,796,,no,0
42,single,unknown,no,no,cellular,jul,73,,no,0
40,married,secondary,yes,no,cellular,dec,110,232.0,no,1
40,married,primary,yes,no,telephone,may,11,,no,0
53,married,secondary,yes,no,cellular,nov,89,,no,0
30,single,primary,yes,no,cellular,apr,686,,no,0
51,married,tertiary,no,no,cellular,aug,266,,no,0
29,married,secondary,yes,no,cellular,apr,343,316.0,no,1
48,divorced,secondary,yes,no,cellular,jul,285,,no,0
58,married,primary,yes,no,unknown,may,144,,no,0
57,married,secondary,no,no,cellular,feb,154,,no,0
29,married,primary,yes,no,cellular,apr,353,,no,0
41,married,secondary,no,yes,cellular,jul,72,,no,0
36,single,tertiary,no,no,unknown,jun,1137,,yes,0
56,married,secondary,yes,no,unknown,may,289,,no,0
47,single,tertiary,no,no,telephone,feb,17,,no,0
35,married,secondary,yes,no,telephone,apr,19,,no,0
43,married,primary,no,no,unknown,jun,973,,yes,0
58,married,tertiary,no,no,cellular,aug,211,,no,0
32,married,tertiary,yes,no,cellular,may,265,,no,0
50,married,secondary,no,no,unknown,jun,53,,no,0
33,single,secondary,yes,no,unknown,may,96,,no,0
53,married,tertiary,no,no,cellular,aug,51,,no,0
38,single,secondary,yes,yes,unknown,may,44,,no,0
23,single,tertiary,no,no,unknown,aug,7,,no,0
60,married,unknown,no,no,unknown,jun,174,,no,0
60,married,primary,no,no,telephone,jul,130,,no,0
34,divorced,tertiary,no,no,cellular,feb,314,156.0,yes,1
54,married,tertiary,no,no,cellular,jul,34,,no,0
31,married,secondary,no,no,telephone,nov,196,117.0,no,1
32,single,secondary,yes,no,telephone,may,36,176.0,no,1
44,married,tertiary,no,no,cellular,aug,122,,no,0
54,married,tertiary,no,no,cellular,aug,333,,no,0
38,married,tertiary,yes,no,cellular,feb,366,,no,0
52,married,unknown,no,no,unknown,jun,58,,no,0
34,married,secondary,yes,yes,cellular,jul,131,,no,0
28,single,secondary,yes,yes,cellular,may,431,,yes,0
40,divorced,tertiary,yes,no,unknown,may,184,,no,0
46,married,primary,yes,yes,telephone,jul,270,,no,0
35,single,secondary,no,yes,cellular,aug,215,,no,0
41,married,secondary,yes,no,unknown,jun,80,,no,0
28,single,tertiary,yes,yes,unknown,jun,222,,no,0
61,married,tertiary,no,no,cellular,feb,503,,yes,0
29,single,tertiary,no,no,cellular,may,491,,yes,0
36,single,secondary,no,no,cellular,aug,67,,no,0
30,single,secondary,no,no,telephone,aug,44,,no,0
56,married,primary,no,no,unknown,jun,153,,no,0
33,married,secondary,yes,no,unknown,jun,400,,no,0
42,single,secondary,no,no,cellular,aug,81,,no,0
41,divorced,tertiary,yes,no,cellular,nov,21,,no,0
56,divorced,tertiary,no,no,unknown,jun,36,,no,0
39,married,tertiary,no,no,cellular,apr,342,22.0,yes,1
50,married,tertiary,no,no,cellular,jul,188,,no,0
58,married,primary,no,no,cellular,aug,171,,no,0
28,married,secondary,yes,yes,cellular,jul,164,,no,0
52,married,primary,no,no,cellular,aug,77,,no,0
30,single,secondary,no,no,cellular,jan,143,,yes,0
48,divorced,secondary,no,no,cellular,nov,134,,no,0
26,single,secondary,no,no,cellular,aug,138,69.0,no,1
39,married,secondary,yes,no,cellular,jul,179,,no,0
35,divorced,tertiary,yes,no,telephone,oct,171,,yes,0
31,married,secondary,yes,no,cellular,may,232,,no,0
46,married,primary,no,no,telephone,feb,151,,no,0
36,married,tertiary,no,no,cellular,jul,172,,no,0
36,married,secondary,yes,no,unknown,may,99,,no,0
27,married,secondary,yes,no,unknown,may,131,,no,0
31,single,tertiary,no,no,cellular,apr,209,,yes,0
44,married,primary,no,no,unknown,may,158,,no,0
32,married,secondary,no,no,cellular,nov,253,,no,0
42,married,unknown,no,no,cellular,apr,368,,yes,0
36,single,tertiary,no,no,unknown,jun,219,,no,0
32,single,tertiary,no,no,cellular,aug,175,,no,0
51,married,secondary,no,no,cellular,sep,345,,yes,0
23,married,secondary,yes,no,cellular,may,199,358.0,no,1
30,single,tertiary,no,yes,cellular,jul,11,,no,0
29,married,tertiary,yes,no,cellular,jul,191,,no,0
42,married,primary,yes,no,cellular,may,11,,no,0
60,divorced,tertiary,no,yes,cellular,jul,76,,no,0
39,married,tertiary,no,no,cellular,aug,88,,no,0
33,married,primary,yes,no,cellular,may,304,,no,0
43,married,secondary,yes,no,cellular,may,181,300.0,no,1
54,married,unknown,no,no,cellular,aug,753,,no,0
39,married,primary,yes,no,cellular,may,340,312.0,no,1
19,single,primary,no,no,cellular,oct,96,97.0,no,1
34,single,secondary,yes,no,unknown,may,192,,no,0
53,married,secondary,yes,no,cellular,may,27,344.0,no,1
45,married,primary,no,yes,cellular,jan,79,,no,0
53,single,secondary,no,no,cellular,jan,287,,no,0
37,single,tertiary,no,no,cellular,feb,7,,no,0
31,married,tertiary,no,no,cellular,apr,297,86.0,yes,1
57,married,secondary,yes,yes,cellular,may,63,,no,0
33,single,tertiary,no,no,cellular,aug,107,,no,0
42,married,tertiary,no,no,unknown,jun,40,,no,0
49,married,secondary,yes,no,unknown,may,276,,no,0
53,married,secondary,yes,no,unknown,may,107,,no,0
49,married,primary,no,no,unknown,jun,171,,no,0
43,married,tertiary,yes,no,unknown,jun,11,,no,0
44,married,tertiary,no,no,cellular,aug,98,,no,0
54,married,tertiary,no,no,cellular,aug,160,,no,0
48,divorced,primary,no,yes,telephone,jul,494,,no,0
37,single,tertiary,no,no,cellular,jul,280,,no,0
53,married,secondary,no,no,cellular,nov,6,,no,0
33,divorced,secondary,no,no,cellular,jan,119,,no,0
41,married,secondary,yes,no,cellular,nov,157,,no,0
22,single,tertiary,no,no,cellular,jun,155,,no,0
54,divorced,tertiary,no,no,cellular,aug,67,,no,0
52,married,tertiary,no,no,cellular,feb,341,,yes,0
43,single,tertiary,no,no,cellular,jul,603,,no,0
60,divorced,tertiary,no,no,cellular,jul,108,,no,0
45,married,tertiary,yes,yes,cellular,nov,740,,no,0
32,single,tertiary,no,no,cellular,mar,278,,yes,0
45,divorced,primary,no,yes,unknown,jul,407,,no,0
37,married,secondary,yes,no,unknown,may,149,,no,0
49,married,primary,no,no,telephone,jul,127,,no,0
37,single,secondary,no,no,cellular,aug,75,,no,0
54,married,secondary,yes,no,cellular,nov,264,,no,0
40,married,tertiary,no,no,cellular,oct,138,136.0,no,1
51,single,tertiary,no,no,telephone,jan,968,,yes,0
44,single,secondary,no,no,cellular,apr,133,,yes,0
45,married,primary,yes,no,unknown,may,460,,yes,0
46,married,primary,no,yes,cellular,jul,90,,no,0
26,single,tertiary,no,no,cellular,mar,87,91.0,yes,1
51,married,primary,yes,no,cellular,nov,174,195.0,no,1
29,single,tertiary,yes,no,cellular,may,179,,no,0
56,divorced,tertiary,yes,no,telephone,may,325,,no,0
34,married,secondary,yes,no,unknown,jun,90,,no,0
34,single,tertiary,yes,no,unknown,may,205,,no,0
29,single,tertiary,yes,no,cellular,may,245,356.0,no,1
59,married,secondary,no,no,unknown,jun,396,,no,0
41,divorced,secondary,yes,no,unknown,may,32,,no,0
24,married,secondary,yes,no,unknown,may,77,,no,0
29,single,secondary,no,no,unknown,may,323,,no,0
47,divorced,tertiary,yes,no,cellular,jan,139,,no,0
40,married,secondary,yes,no,cellular,may,173,,no,0
48,married,primary,no,no,cellular,jan,166,,no,0
30,married,secondary,no,no,cellular,jul,241,,no,0
32,married,tertiary,no,no,cellular,apr,532,,yes,0
40,married,primary,yes,no,cellular,apr,1332,,yes,0
39,single,secondary,yes,no,cellular,jun,108,32.0,no,1
32,married,primary,yes,no,cellular,nov,591,,no,0
50,divorced,secondary,yes,yes,cellular,jul,270,,no,0
39,married,primary,yes,no,unknown,may,109,,no,0
55,married,secondary,no,no,unknown,may,166,,no,0
50,married,primary,yes,no,cellular,jul,111,,no,0
30,married,primary,yes,no,unknown,may,125,,no,0
35,married,secondary,yes,yes,cellular,apr,63,,no,0
37,single,secondary,yes,no,unknown,jun,207,,no,0
32,married,secondary,yes,yes,cellular,feb,42,,no,0
30,single,tertiary,no,no,unknown,jun,301,,no,0
35,married,secondary,yes,no,cellular,apr,474,,no,0
26,single,tertiary,yes,no,cellular,may,171,,no,0
42,married,tertiary,no,no,cellular,aug,302,,no,0
33,married,secondary,no,no,unknown,sep,35,,no,0
48,single,primary,yes,no,cellular,may,17,,no,0
47,married,tertiary,yes,no,cellular,apr,145,323.0,no,1
65,married,secondary,no,no,telephone,mar,904,,yes,0
24,married,primary,yes,no,unknown,may,62,,no,0
27,married,unknown,yes,no,cellular,may,525,,yes,0
25,single,secondary,yes,no,cellular,jul,487,,no,0
60,married,secondary,yes,no,cellular,jul,266,,no,0
23,single,secondary,no,no,unknown,aug,22,,no,0
50,married,primary,no,no,cellular,aug,584,,no,0
46,married,tertiary,no,no,cellular,aug,205,,no,0
36,divorced,tertiary,no,yes,cellular,jul,43,,no,0
50,married,secondary,yes,yes,cellular,may,55,,no,0
45,married,secondary,yes,yes,cellular,may,180,,no,0
56,married,secondary,yes,yes,unknown,jun,151,,no,0
45,married,unknown,yes,no,unknown,may,124,,no,0
32,single,secondary,no,no,cellular,feb,305,,no,0
37,married,secondary,no,yes,cellular,jul,1000,,yes,0
53,married,tertiary,yes,no,cellular,nov,371,96.0,no,1
47,divorced,tertiary,no,no,cellular,jul,122,,no,0
49,married,secondary,no,no,cellular,nov,63,,no,0
33,married,secondary,yes,no,cellular,nov,77,127.0,no,1
30,single,secondary,yes,no,cellular,apr,196,,no,0
41,married,primary,no,yes,cellular,jul,309,,no,0
30,married,tertiary,yes,no,cellular,aug,249,,no,0
48,married,primary,no,yes,cellular,nov,120,,no,0
48,married,secondary,yes,yes,cellular,may,97,343.0,no,1
80,married,secondary,no,no,telephone,aug,199,181.0,no,1
31,single,tertiary,no,no,cellular,jul,67,,no,0
31,married,secondary,yes,no,cellular,apr,251,,no,0
35,married,secondary,no,no,unknown,sep,13,,no,0
46,married,primary,no,no,cellular,aug,127,,no,0
53,married,tertiary,no,no,cellular,jul,95,182.0,no,1
56,married,primary,no,no,cellular,oct,631,149.0,no,1
48,married,secondary,no,no,unknown,jun,148,,no,0
31,divorced,tertiary,no,no,cellular,aug,1576,,yes,0
37,married,primary,yes,no,unknown,may,233,,no,0
34,single,tertiary,no,no,cellular,feb,427,,no,0
31,single,tertiary,no,no,cellular,jan,364,,no,0
37,single,secondary,yes,no,cellular,nov,9,185.0,no,1
35,single,unknown,no,no,cellular,jul,344,87.0,yes,1
33,married,secondary,yes,no,unknown,may,207,,no,0
54,divorced,secondary,no,no,cellular,jul,208,,no,0
54,married,secondary,no,yes,cellular,oct,595,187.0,yes,1
30,single,secondary,yes,no,cellular,jul,51,,no,0
25,single,tertiary,yes,no,unknown,jun,579,,no,0
42,married,primary,no,no,cellular,jul,111,,no,0
47,married,tertiary,no,no,cellular,aug,557,,no,0
49,divorced,tertiary,no,no,cellular,nov,88,,no,0
59,married,secondary,no,no,cellular,feb,92,,no,0
30,single,secondary,no,no,cellular,jun,115,,no,0
42,single,secondary,yes,no,cellular,may,113,,no,0
32,married,secondary,no,no,cellular,mar,217,,yes,0
36,single,secondary,no,no,unknown,jun,187,,no,0
35,married,secondary,yes,no,cellular,mar,301,90.0,yes,1
35,married,secondary,yes,no,cellular,may,265,,no,0
56,married,secondary,yes,no,cellular,apr,249,,no,0
32,single,secondary,no,no,cellular,jul,280,,no,0
33,single,secondary,no,yes,cellular,aug,118,,no,0
52,divorced,secondary,no,yes,cellular,nov,591,,no,0
33,married,secondary,no,no,cellular,aug,250,,no,0
37,single,tertiary,no,no,cellular,jul,60,,no,0
50,married,secondary,yes,no,cellular,jul,717,,no,0
39,married,secondary,yes,no,cellular,apr,244,,no,0
36,married,tertiary,no,no,cellular,apr,41,,no,0
37,married,secondary,no,no,unknown,jun,215,,no,0
37,married,secondary,yes,no,cellular,nov,232,,no,0
33,married,tertiary,no,no,cellular,jul,170,,no,0
48,married,secondary,yes,no,cellular,jul,448,,no,0
38,married,tertiary,no,no,cellular,nov,147,,no,0
35,single,tertiary,yes,no,cellular,may,37,302.0,no,1
28,single,secondary,no,no,cellular,jan,237,,no,0
35,married,tertiary,yes,yes,cellular,jul,86,,no,0
39,married,secondary,yes,no,cellular,feb,146,264.0,yes,1
32,married,secondary,yes,no,cellular,aug,118,,no,0
39,married,primary,no,no,unknown,jun,133,,no,0
57,married,primary,no,no,cellular,may,700,92.0,yes,1
43,married,primary,yes,no,cellular,apr,351,337.0,no,1
29,married,secondary,yes,no,cellular,apr,399,,no,0
43,single,secondary,yes,no,cellular,apr,58,228.0,no,1
46,married,secondary,yes,no,unknown,may,20,,no,0
53,married,primary,yes,no,unknown,jun,155,,no,0
37,single,secondary,yes,no,unknown,may,200,,no,0
55,divorced,primary,no,yes,telephone,jan,88,,no,0
42,divorced,tertiary,yes,no,cellular,may,222,370.0,no,1
50,married,secondary,yes,yes,cellular,jan,197,244.0,no,1
59,divorced,secondary,yes,no,cellular,nov,221,,no,0
35,divorced,secondary,yes,no,cellular,jul,87,,no,0
44,single,tertiary,yes,no,unknown,jun,312,,no,0
28,married,primary,yes,no,unknown,may,218,,no,0
67,married,tertiary,no,no,cellular,aug,190,,no,0
39,single,primary,yes,no,unknown,may,183,,no,0
57,divorced,tertiary,yes,no,cellular,jul,147,,no,0
27,single,secondary,yes,no,unknown,may,78,,no,0
48,married,secondary,yes,no,cellular,nov,169,196.0,yes,1
34,single,secondary,no,no,cellular,may,134,185.0,no,1
59,married,primary,no,no,cellular,jul,133,,no,0
51,married,secondary,yes,no,unknown,may,272,,no,0
32,married,tertiary,no,no,cellular,feb,175,,no,0
53,married,primary,no,no,cellular,jan,78,,no,0
33,married,tertiary,yes,no,cellular,apr,381,243.0,no,1
38,divorced,tertiary,no,no,cellular,jan,296,,no,0
72,married,unknown,no,no,cellular,aug,400,,no,0
59,divorced,tertiary,yes,yes,unknown,may,264,,no,0
61,divorced,primary,no,no,cellular,apr,40,,no,0
34,married,tertiary,no,no,cellular,feb,327,,no,0
35,single,secondary,yes,no,cellular,may,63,,no,0
27,single,primary,yes,yes,cellular,may,267,311.0,no,1
33,married,secondary,yes,no,cellular,nov,188,,no,0
25,single,secondary,yes,no,cellular,may,85,71.0,no,1
33,single,secondary,yes,no,cellular,may,11,297.0,no,1
53,married,tertiary,yes,no,unknown,may,336,,no,0
40,married,primary,yes,no,cellular,may,143,370.0,no,1
48,single,tertiary,no,no,cellular,aug,961,,yes,0
56,married,secondary,yes,no,unknown,may,152,,no,0
37,divorced,secondary,yes,no,cellular,nov,178,170.0,no,1
60,married,secondary,no,no,unknown,jun,419,,no,0
38,married,tertiary,no,no,cellular,nov,53,161.0,no,1
37,single,secondary,yes,no,telephone,may,115,,no,0
30,single,secondary,yes,no,unknown,may,27,,no,0
53,married,tertiary,no,no,cellular,jul,78,,no,0
35,single,tertiary,no,yes,cellular,jul,220,,no,0
65,married,unknown,no,no,cellular,may,593,178.0,no,1
57,divorced,secondary,yes,no,unknown,may,268,,no,0
42,divorced,primary,yes,no,cellular,feb,102,,no,0
54,married,secondary,yes,no,unknown,may,183,,no,0
41,married,secondary,yes,no,cellular,may,911,,yes,0
53,married,tertiary,no,no,unknown,may,105,,no,0
29,married,unknown,yes,no,unknown,may,150,,no,0
31,single,secondary,yes,no,cellular,nov,51,140.0,no,1
35,married,tertiary,no,no,unknown,jun,18,,no,0
34,divorced,secondary,yes,no,cellular,jul,54,,no,0
53,married,tertiary,yes,no,cellular,may,111,356.0,no,1
38,married,primary,yes,no,unknown,jun,224,,no,0
39,divorced,secondary,yes,no,cellular,jul,55,,no,0
50,divorced,secondary,yes,no,unknown,may,1340,,yes,0
45,married,secondary,no,yes,cellular,aug,140,,no,0
51,married,tertiary,yes,yes,cellular,aug,263,84.0,no,1
44,married,secondary,yes,no,cellular,apr,276,,no,0
39,married,unknown,yes,no,cellular,feb,64,,no,0
34,married,secondary,no,no,unknown,may,1677,,yes,0
32,single,tertiary,yes,no,cellular,nov,148,,no,0
34,married,secondary,no,no,cellular,aug,835,,yes,0
53,married,tertiary,no,no,cellular,nov,117,,no,0
60,married,primary,no,no,telephone,may,15,,no,0
23,single,secondary,no,no,cellular,may,538,184.0,yes,1
39,married,primary,yes,no,telephone,jul,81,,no,0
33,single,tertiary,no,no,cellular,apr,86,,no,0
33,married,tertiary,yes,no,unknown,may,463,,no,0
40,married,secondary,yes,yes,cellular,may,24,,no,0
31,single,tertiary,no,no,cellular,aug,419,,no,0
44,married,secondary,no,no,cellular,jul,125,,no,0
31,married,tertiary,yes,no,cellular,aug,221,,no,0
25,single,secondary,yes,no,unknown,jun,167,,no,0
26,divorced,secondary,yes,no,cellular,may,556,,no,0
46,single,secondary,yes,no,cellular,oct,427,,yes,0
34,married,secondary,no,no,cellular,aug,106,,no,0
28,single,tertiary,yes,no,cellular,aug,78,79.0,no,1
45,married,secondary,yes,no,cellular,apr,188,,no,0
28,single,secondary,yes,no,unknown,may,97,,no,0
44,married,primary,no,no,cellular,jul,331,,no,0
47,married,primary,yes,yes,unknown,may,53,,no,0
35,single,secondary,yes,no,unknown,may,243,,no,0
51,married,primary,yes,no,unknown,may,142,,no,0
38,married,secondary,no,no,unknown,jun,105,,no,0
43,married,secondary,no,no,cellular,jul,307,,no,0
57,divorced,secondary,no,yes,unknown,jun,420,,no,0
30,married,tertiary,no,no,cellular,nov,375,,no,0
32,single,secondary,yes,no,cellular,aug,322,,no,0
37,married,secondary,no,no,unknown,may,336,,no,0
43,divorced,primary,yes,no,unknown,jun,236,,no,0
40,married,secondary,yes,no,unknown,may,167,,no,0
56,married,tertiary,yes,no,cellular,may,100,168.0,no,1
43,divorced,secondary,yes,no,cellular,jul,68,,no,0
31,single,tertiary,no,no,cellular,aug,138,,no,0
58,divorced,secondary,yes,no,telephone,may,114,368.0,no,1
63,married,tertiary,no,no,cellular,sep,219,,yes,0
41,married,tertiary,yes,yes,unknown,may,146,,no,0
51,married,secondary,no,no,cellular,jul,301,,no,0
48,married,tertiary,no,no,cellular,apr,35,,no,0
49,single,primary,yes,no,cellular,jul,979,,yes,0
37,single,tertiary,yes,no,cellular,feb,102,155.0,no,1
27,single,secondary,no,no,cellular,feb,98,,no,0
30,single,tertiary,no,no,cellular,jul,219,91.0,yes,1
37,married,secondary,no,no,unknown,may,652,,no,0
71,married,tertiary,no,no,telephone,mar,577,,yes,0
40,married,tertiary,yes,no,cellular,may,222,363.0,no,1
54,married,primary,no,yes,cellular,jul,90,,no,0
54,married,primary,yes,no,unknown,may,324,,no,0
43,single,unknown,no,no,cellular,jan,159,226.0,no,1
50,married,tertiary,yes,no,unknown,may,170,,no,0
33,married,tertiary,yes,no,cellular,aug,94,,no,0
45,married,primary,yes,no,unknown,may,528,,yes,0
50,married,secondary,yes,no,unknown,may,216,,no,0
25,married,secondary,no,no,unknown,jul,11,,no,0
31,single,tertiary,yes,no,cellular,aug,165,,no,0
34,married,secondary,yes,no,cellular,feb,287,201.0,no,1
34,married,tertiary,yes,no,cellular,jul,102,,no,0
41,married,secondary,yes,no,cellular,may,523,334.0,no,1
35,married,secondary,yes,yes,unknown,jul,128,,no,0
53,married,unknown,no,no,unknown,jun,92,,no,0
48,divorced,tertiary,no,no,cellular,jul,874,,yes,0
45,married,secondary,yes,yes,unknown,may,71,,no,0
52,divorced,primary,yes,no,cellular,may,7,340.0,no,1
59,divorced,tertiary,no,no,telephone,jul,196,,no,0
41,married,primary,yes,yes,unknown,may,335,,no,0
31,single,tertiary,no,no,cellular,sep,99,,no,0
42,single,secondary,no,no,telephone,jan,44,,no,0
28,single,tertiary,yes,no,cellular,may,567,,no,0
58,divorced,secondary,yes,no,cellular,nov,111,188.0,no,1
53,married,primary,yes,no,unknown,jun,384,,no,0
33,married,secondary,no,no,cellular,aug,205,,no,0
32,single,secondary,no,no,cellular,jul,830,,yes,0
72,married,secondary,no,no,cellular,nov,208,91.0,yes,1
46,married,secondary,yes,yes,cellular,jul,361,,no,0
26,single,tertiary,no,no,cellular,feb,176,,no,0
54,married,unknown,yes,no,unknown,may,145,,no,0
54,divorced,primary,no,no,unknown,jun,184,,no,0
61,married,tertiary,yes,no,cellular,oct,377,520.0,yes,1
46,married,secondary,no,no,cellular,aug,395,,no,0
41,single,secondary,yes,no,cellular,apr,375,,no,0
39,married,tertiary,no,no,cellular,may,211,391.0,no,1
38,divorced,secondary,yes,no,cellular,feb,650,,yes,0
52,married,tertiary,no,no,cellular,nov,467,92.0,yes,1
42,married,secondary,no,yes,unknown,may,63,,no,0
36,married,tertiary,yes,yes,telephone,jul,304,,no,0
39,single,secondary,yes,no,unknown,may,70,,no,0
37,single,tertiary,yes,no,cellular,may,77,,no,0
40,married,tertiary,no,no,cellular,aug,170,112.0,no,1
53,divorced,primary,yes,no,unknown,may,1980,,yes,0
35,single,secondary,yes,no,cellular,may,313,,no,0
31,married,secondary,yes,no,unknown,may,504,,no,0
64,married,secondary,no,no,cellular,aug,157,14.0,no,1
57,married,secondary,no,no,telephone,nov,508,,no,0
56,divorced,tertiary,yes,no,cellular,may,505,,no,0
86,married,primary,no,no,cellular,mar,272,,no,0
31,married,tertiary,yes,no,telephone,may,90,,no,0
30,married,primary,no,no,cellular,oct,79,,no,0
43,single,secondary,yes,yes,unknown,may,131,,no,0
29,married,tertiary,yes,no,unknown,jun,311,,no,0
45,divorced,secondary,yes,no,unknown,may,99,,no,0
57,married,secondary,no,no,telephone,oct,141,,yes,0
46,married,secondary,no,no,unknown,jun,20,,no,0
59,married,secondary,yes,no,unknown,may,217,,no,0
41,married,secondary,no,no,cellular,aug,156,,no,0
30,married,secondary,no,no,cellular,jun,67,108.0,no,1
60,married,secondary,yes,no,cellular,jul,380,,no,0
59,divorced,unknown,yes,no,cellular,jul,293,,no,0
49,divorced,tertiary,yes,yes,unknown,nov,56,103.0,no,1
30,divorced,primary,yes,no,cellular,may,49,349.0,no,1
41,married,secondary,yes,no,telephone,nov,281,,no,0
30,single,tertiary,no,no,cellular,aug,145,84.0,yes,1
30,married,primary,yes,no,unknown,may,147,,no,0
41,married,primary,no,no,unknown,jun,272,,no,0
43,married,primary,yes,no,cellular,may,225,,no,0
42,married,tertiary,yes,no,unknown,may,65,,no,0
54,married,primary,yes,no,unknown,jun,158,,no,0
49,married,tertiary,yes,yes,cellular,jul,102,,no,0
36,married,unknown,yes,yes,unknown,may,17,,no,0
27,single,primary,yes,no,unknown,may,445,,no,0
48,divorced,secondary,no,yes,unknown,may,7,670.0,no,1
47,single,secondary,no,no,cellular,jul,399,,no,0
31,married,primary,yes,no,telephone,may,43,349.0,no,1
45,married,secondary,no,no,unknown,jun,164,,no,0
31,single,tertiary,no,no,cellular,dec,184,196.0,no,1
36,single,secondary,no,no,telephone,feb,36,8.0,no,1
49,married,primary,no,yes,telephone,jul,236,,no,0
53,married,tertiary,no,no,cellular,may,211,88.0,yes,1
28,married,secondary,yes,no,telephone,may,21,,no,0
44,married,secondary,yes,no,cellular,jan,180,,no,0
34,divorced,secondary,no,yes,cellular,nov,110,,no,0
34,single,secondary,yes,no,cellular,apr,525,,no,0
35,divorced,tertiary,no,no,cellular,nov,130,,no,0
58,divorced,secondary,yes,no,cellular,may,270,,no,0
54,married,unknown,no,no,cellular,apr,167,350.0,no,1
34,single,tertiary,yes,yes,unknown,jun,18,,no,0
38,married,tertiary,yes,no,cellular,apr,239,147.0,no,1
58,married,primary,yes,no,unknown,may,138,,no,0
28,single,tertiary,no,no,telephone,may,198,,no,0
46,married,secondary,no,yes,cellular,nov,200,,no,0
42,married,secondary,no,no,cellular,sep,285,,yes,0
32,married,unknown,yes,no,unknown,may,12,,no,0
29,single,secondary,yes,yes,unknown,may,171,,no,0
56,married,secondary,no,yes,cellular,nov,111,,no,0
37,married,secondary,no,no,cellular,aug,163,,no,0
40,divorced,tertiary,yes,no,cellular,jul,149,,no,0
35,single,secondary,no,no,cellular,jul,1005,134.0,yes,1
39,single,tertiary,yes,no,cellular,aug,140,,no,0
25,single,tertiary,yes,no,unknown,may,124,,no,0
27,single,secondary,yes,no,unknown,may,805,,no,0
38,married,secondary,no,no,unknown,may,63,,no,0
36,married,tertiary,yes,no,cellular,apr,151,150.0,no,1
44,married,tertiary,yes,no,unknown,jun,268,,no,0
44,single,secondary,yes,no,cellular,apr,101,328.0,no,1
37,single,tertiary,yes,no,cellular,nov,21,113.0,no,1
27,single,tertiary,no,no,cellular,jan,533,,no,0
50,divorced,unknown,yes,no,unknown,may,179,,no,0
43,married,tertiary,no,yes,cellular,jul,94,,no,0
39,divorced,secondary,yes,no,unknown,may,151,,no,0
38,married,secondary,yes,yes,unknown,may,172,,no,0
58,divorced,tertiary,no,yes,unknown,oct,11,,yes,0
32,married,secondary,no,no,cellular,jan,112,,no,0
53,married,unknown,yes,no,cellular,jun,282,385.0,yes,1
48,divorced,tertiary,no,yes,cellular,jan,251,,no,0
50,married,secondary,no,no,cellular,aug,281,,no,0
35,single,tertiary,yes,no,cellular,may,162,,no,0
30,single,secondary,yes,yes,unknown,jun,335,,no,0
39,married,secondary,yes,no,unknown,may,323,,no,0
34,married,secondary,yes,no,unknown,may,317,,no,0
39,married,secondary,yes,no,cellular,may,454,364.0,yes,1
32,single,tertiary,no,no,cellular,may,137,,no,0
44,married,primary,yes,no,telephone,may,408,350.0,no,1
39,married,secondary,no,no,cellular,jul,132,,no,0
21,single,tertiary,no,no,cellular,aug,323,,yes,0
55,married,primary,no,no,cellular,aug,632,,yes,0
41,divorced,tertiary,no,yes,unknown,jun,132,,no,0
59,married,primary,no,no,unknown,jun,192,,no,0
47,divorced,secondary,yes,no,unknown,may,389,,no,0
57,married,secondary,no,no,cellular,aug,127,,no,0
35,divorced,secondary,no,no,cellular,aug,24,,no,0
53,married,secondary,yes,yes,cellular,jan,155,261.0,no,1
52,married,secondary,no,no,telephone,feb,381,213.0,no,1
28,single,secondary,yes,no,unknown,jun,537,,no,0
40,single,secondary,no,no,cellular,mar,219,91.0,yes,1
37,single,tertiary,yes,no,cellular,nov,14,,no,0
32,married,secondary,yes,no,cellular,may,519,166.0,yes,1
26,married,tertiary,no,no,cellular,nov,109,160.0,no,1
34,single,tertiary,no,no,cellular,aug,383,,no,0
42,married,primary,yes,no,cellular,may,757,170.0,yes,1
38,married,secondary,no,no,cellular,aug,13,,no,0
39,single,secondary,no,no,cellular,jun,383,296.0,yes,1
49,married,primary,yes,yes,cellular,may,568,285.0,no,1
29,single,secondary,yes,yes,unknown,may,456,,no,0
43,single,secondary,yes,no,cellular,feb,390,,no,0
52,married,tertiary,no,no,cellular,aug,106,,no,0
31,single,tertiary,no,no,cellular,sep,231,94.0,yes,1
45,married,secondary,yes,yes,telephone,jul,74,,no,0
44,married,secondary,no,yes,cellular,jul,194,,no,0
39,divorced,secondary,yes,yes,cellular,jul,374,,no,0
48,married,secondary,yes,no,unknown,jun,357,,no,0
53,divorced,secondary,yes,no,cellular,apr,171,337.0,no,1
44,married,tertiary,yes,no,unknown,may,421,,no,0
54,divorced,secondary,yes,no,cellular,may,168,,no,0
61,married,primary,no,no,cellular,feb,113,,yes,0
83,married,primary,no,no,cellular,sep,109,276.0,no,1
52,married,secondary,yes,yes,telephone,may,146,,no,0
38,single,secondary,yes,no,cellular,may,84,,no,0
56,divorced,primary,no,no,cellular,jul,39,,no,0
55,married,primary,yes,no,unknown,may,176,,no,0
32,single,tertiary,yes,no,cellular,aug,132,,no,0
46,married,secondary,yes,no,telephone,may,15,,no,0
34,married,secondary,yes,no,cellular,nov,301,,no,0
57,divorced,secondary,no,no,cellular,jul,730,,no,0
47,married,secondary,no,no,cellular,jan,218,177.0,no,1
39,single,secondary,yes,no,cellular,feb,166,258.0,no,1
37,married,secondary,no,no,cellular,sep,421,95.0,no,1
35,married,tertiary,no,no,cellular,may,283,362.0,no,1
26,single,secondary,yes,no,unknown,may,504,,no,0
36,single,tertiary,yes,no,cellular,nov,566,182.0,yes,1
58,married,primary,yes,no,unknown,jun,763,,no,0
42,divorced,tertiary,no,no,cellular,aug,78,,no,0
48,married,secondary,yes,no,unknown,jun,246,,no,0
36,married,secondary,yes,no,unknown,jun,228,,no,0
35,married,tertiary,yes,no,cellular,feb,82,,no,0
44,married,secondary,yes,no,cellular,apr,150,257.0,no,1
45,married,primary,no,no,cellular,aug,211,,no,0
38,married,secondary,yes,no,cellular,nov,1556,,yes,0
31,single,secondary,yes,no,unknown,may,132,,no,0
43,divorced,secondary,yes,no,cellular,apr,85,,no,0
33,single,secondary,yes,yes,cellular,apr,242,,no,0
46,married,tertiary,yes,yes,unknown,may,200,,no,0
32,single,tertiary,yes,no,cellular,may,147,307.0,no,1
55,married,secondary,no,no,cellular,sep,180,238.0,no,1
59,married,unknown,no,no,unknown,jun,8,,no,0
58,married,tertiary,no,no,cellular,jul,120,,no,0
33,single,secondary,yes,no,cellular,nov,58,122.0,no,1
50,married,secondary,yes,no,unknown,may,554,,no,0
54,married,secondary,no,yes,cellular,nov,401,100.0,no,1
51,married,secondary,yes,no,unknown,may,411,,no,0
54,married,secondary,no,no,unknown,jun,96,,no,0
58,married,secondary,no,no,telephone,jul,28,,no,0
37,married,secondary,no,no,cellular,oct,344,182.0,yes,1
36,married,tertiary,yes,no,cellular,jul,62,,no,0
34,single,tertiary,yes,no,cellular,jul,387,,no,0
33,single,secondary,yes,no,telephone,apr,125,249.0,no,1
44,married,secondary,yes,no,unknown,jun,218,,no,0
58,married,secondary,no,no,telephone,feb,398,189.0,no,1
33,single,secondary,yes,no,unknown,may,181,,no,0
59,divorced,secondary,yes,no,cellular,jan,602,253.0,yes,1
29,married,unknown,yes,no,cellular,may,422,363.0,no,1
33,married,secondary,yes,no,cellular,aug,205,182.0,yes,1
55,married,tertiary,yes,no,unknown,may,142,,no,0
56,divorced,tertiary,no,no,cellular,aug,318,91.0,yes,1
31,single,tertiary,yes,no,unknown,may,146,,no,0
55,single,secondary,yes,no,cellular,nov,655,,no,0
35,married,secondary,yes,no,cellular,may,343,351.0,no,1
49,married,secondary,no,no,cellular,feb,124,180.0,no,1
36,married,primary,no,yes,cellular,jul,215,,no,0
33,single,secondary,yes,yes,cellular,apr,100,,no,0
41,divorced,secondary,no,no,cellular,feb,92,,no,0
36,single,tertiary,no,no,cellular,feb,629,,yes,0
40,single,secondary,yes,no,unknown,may,179,,no,0
35,single,tertiary,no,no,cellular,sep,497,,yes,0
56,married,secondary,yes,no,unknown,may,416,,no,0
54,married,primary,no,yes,telephone,jul,346,,no,0
41,married,primary,yes,yes,unknown,jun,157,,no,0
72,married,secondary,no,no,telephone,sep,456,,no,0
41,married,secondary,yes,no,cellular,apr,234,,no,0
32,divorced,secondary,no,yes,cellular,jul,1373,,yes,0
32,married,primary,yes,no,cellular,may,324,,no,0
30,single,tertiary,yes,no,unknown,may,375,,no,0
46,married,secondary,no,no,cellular,nov,1855,,yes,0
41,married,tertiary,yes,yes,unknown,may,159,,no,0
40,married,tertiary,no,no,cellular,aug,208,,no,0
42,married,tertiary,no,no,cellular,aug,121,,no,0
38,married,secondary,yes,no,unknown,may,97,,no,0
39,single,secondary,no,no,unknown,jun,133,,no,0
47,married,tertiary,no,no,cellular,aug,17,,no,0
56,married,tertiary,yes,no,telephone,may,186,,no,0
26,single,secondary,yes,no,unknown,may,170,,no,0
37,single,tertiary,no,no,unknown,jun,1123,,yes,0
33,single,secondary,yes,no,cellular,apr,508,,no,0
51,married,secondary,yes,no,unknown,may,927,,yes,0
48,married,primary,yes,no,unknown,jun,11,,no,0
26,single,secondary,no,no,cellular,may,776,97.0,yes,1
28,married,secondary,no,yes,cellular,jul,183,,no,0
37,married,secondary,no,no,unknown,jun,45,,no,0
36,married,tertiary,yes,no,unknown,may,280,,no,0
48,single,tertiary,no,no,cellular,aug,23,,no,0
59,married,secondary,yes,yes,unknown,jun,290,,no,0
57,married,secondary,no,no,cellular,nov,39,,no,0
52,married,secondary,no,no,cellular,aug,94,,no,0
33,single,tertiary,no,no,cellular,aug,53,,no,0
47,divorced,secondary,no,no,cellular,jul,134,,no,0
34,single,primary,yes,yes,cellular,nov,207,,no,0
61,married,secondary,yes,no,unknown,may,88,,no,0
36,married,secondary,yes,no,cellular,feb,62,,no,0
46,married,secondary,yes,no,telephone,apr,48,,no,0
32,married,secondary,yes,yes,unknown,may,143,,no,0
33,single,secondary,yes,no,cellular,nov,273,182.0,no,1
30,single,secondary,yes,no,cellular,nov,85,,no,0
35,married,tertiary,yes,no,unknown,jun,230,,yes,0
38,married,secondary,yes,yes,unknown,jun,174,,no,0
34,married,secondary,yes,no,unknown,may,120,,no,0
52,married,tertiary,yes,yes,cellular,may,541,343.0,no,1
39,married,secondary,yes,no,unknown,may,151,,no,0
29,divorced,secondary,yes,no,cellular,may,1279,,yes,0
27,married,primary,yes,no,cellular,jul,435,,no,0
37,married,tertiary,yes,no,cellular,jul,193,,no,0
42,divorced,unknown,yes,no,cellular,jul,129,,no,0
32,married,secondary,yes,no,cellular,apr,518,261.0,no,1
52,married,secondary,no,no,cellular,aug,265,,no,0
31,married,tertiary,yes,yes,cellular,jul,1441,,yes,0
33,single,tertiary,no,no,cellular,aug,247,,no,0
35,married,secondary,no,no,unknown,jun,8,,no,0
33,married,tertiary,no,no,cellular,aug,34,,no,0
49,married,secondary,yes,no,cellular,jul,179,,no,0
38,married,tertiary,no,no,cellular,jul,98,,no,0
48,married,secondary,no,yes,cellular,feb,47,222.0,no,1
63,married,secondary,no,no,cellular,apr,61,,no,0
32,divorced,secondary,yes,yes,cellular,jul,808,,no,0
33,married,secondary,yes,no,unknown,may,190,,no,0
35,married,secondary,no,no,unknown,may,143,,no,0
58,married,primary,no,no,cellular,aug,168,,no,0
31,married,primary,yes,no,cellular,may,256,,no,0
38,married,secondary,yes,no,unknown,may,264,,no,0
50,married,tertiary,yes,no,unknown,may,57,,no,0
33,single,tertiary,no,no,unknown,jun,213,,no,0
49,married,primary,yes,no,unknown,jun,84,,no,0
38,single,tertiary,no,no,telephone,jul,70,,no,0
48,married,primary,yes,no,unknown,may,263,,no,0
32,married,secondary,yes,no,cellular,nov,340,,no,0
27,single,secondary,yes,no,cellular,may,294,,no,0
59,married,primary,no,no,cellular,feb,462,,no,0
59,married,tertiary,yes,yes,cellular,may,685,366.0,yes,1
29,single,tertiary,yes,no,telephone,may,34,,no,0
42,married,secondary,yes,no,cellular,may,395,361.0,no,1
49,married,tertiary,no,yes,cellular,jul,196,,no,0
29,married,secondary,yes,no,cellular,may,345,310.0,no,1
51,married,secondary,yes,no,unknown,may,172,,no,0
47,married,secondary,yes,no,cellular,may,197,363.0,no,1
51,married,secondary,no,yes,cellular,jul,51,,no,0
41,married,primary,yes,no,cellular,may,201,,no,0
29,single,tertiary,no,no,cellular,jul,178,181.0,yes,1
44,single,tertiary,no,no,cellular,may,222,,no,0
56,married,secondary,no,yes,telephone,aug,220,,no,0
29,single,unknown,no,no,cellular,jan,330,,no,0
46,married,secondary,yes,no,cellular,jan,246,226.0,no,1
35,divorced,primary,yes,no,cellular,may,25,,no,0
32,single,tertiary,yes,no,cellular,may,414,35.0,yes,1
58,married,secondary,yes,no,cellular,jul,53,,no,0
35,divorced,secondary,yes,no,cellular,apr,46,,no,0
30,married,secondary,yes,no,unknown,may,281,,no,0
41,married,secondary,no,no,cellular,aug,411,,yes,0
54,divorced,tertiary,yes,no,telephone,may,413,,no,0
39,married,tertiary,no,no,unknown,jun,32,,no,0
46,married,tertiary,yes,yes,cellular,may,33,176.0,no,1
49,married,tertiary,yes,no,cellular,jul,68,,no,0
47,divorced,secondary,yes,yes,cellular,apr,279,148.0,no,1
59,married,secondary,no,no,cellular,jul,607,,no,0
48,married,secondary,yes,yes,cellular,nov,110,,no,0
23,single,tertiary,no,no,cellular,sep,393,183.0,yes,1
24,single,secondary,yes,no,cellular,may,956,,yes,0
56,divorced,primary,yes,yes,cellular,may,728,,yes,0
30,single,secondary,yes,no,cellular,may,73,297.0,no,1
33,married,secondary,yes,no,cellular,nov,184,,no,0
37,single,secondary,no,no,unknown,jun,8,,no,0
54,divorced,tertiary,yes,no,telephone,may,17,,no,0
36,married,secondary,no,no,cellular,jul,843,,yes,0
30,married,secondary,yes,no,unknown,may,306,,no,0
52,married,tertiary,yes,no,cellular,may,312,,no,0
42,married,tertiary,yes,yes,unknown,jun,66,,no,0
28,single,primary,yes,no,cellular,may,953,,no,0
35,married,tertiary,no,no,cellular,aug,301,,no,0
46,married,primary,no,no,unknown,jun,110,,no,0
41,married,tertiary,yes,no,cellular,may,154,,no,0
39,married,secondary,yes,no,cellular,may,502,7.0,no,1
47,married,primary,no,no,cellular,aug,88,,no,0
32,married,tertiary,no,no,cellular,aug,127,,no,0
47,divorced,tertiary,yes,no,cellular,jul,9,,no,0
32,married,primary,yes,no,cellular,jul,1151,,no,0
31,married,secondary,yes,no,cellular,apr,218,149.0,no,1
54,married,secondary,yes,no,unknown,jun,40,,no,0
43,married,unknown,no,no,cellular,apr,109,339.0,no,1
29,married,primary,yes,no,cellular,jul,35,,no,0
27,single,tertiary,no,no,cellular,mar,1081,,yes,0
47,married,tertiary,no,no,unknown,jun,282,,no,0
61,married,tertiary,no,no,cellular,apr,190,,yes,0
32,married,tertiary,no,no,cellular,aug,144,,no,0
43,married,primary,yes,no,unknown,may,16,,no,0
56,married,secondary,no,no,unknown,jun,123,,no,0
34,married,secondary,yes,yes,cellular,feb,494,198.0,no,1
60,divorced,secondary,no,no,cellular,jul,91,,no,0
58,single,secondary,no,no,cellular,dec,1139,114.0,no,1
35,married,tertiary,yes,no,cellular,nov,197,30.0,no,1
39,divorced,tertiary,yes,yes,cellular,nov,186,,no,0
44,divorced,tertiary,yes,no,cellular,feb,347,,no,0
32,single,secondary,yes,no,unknown,may,215,,no,0
49,married,secondary,yes,no,unknown,may,213,,no,0
51,married,tertiary,no,no,cellular,aug,105,,no,0
41,married,secondary,yes,no,cellular,nov,41,123.0,no,1
30,married,secondary,yes,no,unknown,may,117,,no,0
36,single,secondary,yes,no,unknown,may,300,,no,0
29,single,tertiary,yes,no,cellular,may,261,,no,0
28,single,tertiary,no,no,cellular,mar,191,,yes,0
35,married,tertiary,yes,yes,cellular,oct,727,182.0,no,1
45,married,secondary,yes,yes,cellular,may,553,288.0,yes,1
34,married,secondary,yes,no,unknown,may,63,,no,0
39,single,secondary,yes,no,unknown,may,38,,no,0
54,married,tertiary,no,no,unknown,jun,116,,no,0
63,married,tertiary,no,no,cellular,aug,258,,no,0
32,single,secondary,yes,no,cellular,jan,432,182.0,no,1
34,married,tertiary,yes,yes,unknown,may,125,,no,0
35,married,tertiary,no,no,cellular,mar,277,,no,0
34,single,tertiary,yes,no,cellular,may,26,,no,0
29,single,secondary,no,no,cellular,jan,350,,no,0
34,divorced,secondary,yes,no,cellular,jul,395,,no,0
51,single,secondary,no,no,unknown,may,402,,no,0
30,married,primary,yes,yes,cellular,nov,405,139.0,no,1
32,married,secondary,no,no,cellular,aug,80,,no,0
37,married,secondary,yes,yes,cellular,jul,187,,no,0
58,married,primary,no,no,unknown,jun,183,,no,0
44,married,secondary,no,yes,unknown,jun,911,,yes,0
28,single,secondary,yes,no,cellular,may,22,,no,0
40,single,secondary,no,no,cellular,nov,998,,yes,0
43,divorced,secondary,yes,no,unknown,may,552,,yes,0
26,single,secondary,no,no,cellular,feb,406,,no,0
34,married,tertiary,no,no,cellular,feb,301,,yes,0
54,divorced,secondary,yes,no,unknown,may,197,,no,0
56,married,tertiary,yes,no,cellular,nov,543,,yes,0
47,married,primary,yes,no,unknown,may,207,,no,0
42,single,unknown,no,no,cellular,apr,328,,yes,0
58,married,unknown,no,no,cellular,jul,891,,yes,0
40,married,secondary,yes,no,unknown,may,306,,no,0
28,married,secondary,yes,no,unknown,may,206,,no,0
30,married,tertiary,no,no,cellular,aug,202,83.0,no,1
29,married,secondary,yes,no,unknown,jun,402,,no,0
50,divorced,tertiary,no,no,cellular,aug,132,,no,0
57,married,primary,no,no,cellular,aug,117,,no,0
54,divorced,tertiary,no,yes,cellular,jul,136,,no,0
55,married,secondary,no,no,cellular,nov,87,,no,0
48,single,secondary,yes,no,cellular,jul,544,,no,0
60,married,secondary,no,no,telephone,aug,676,181.0,yes,1
60,married,tertiary,no,no,cellular,aug,624,,yes,0
47,single,secondary,yes,no,unknown,may,303,,no,0
93,married,unknown,no,no,cellular,aug,476,13.0,yes,1
46,divorced,tertiary,no,no,cellular,aug,491,,no,0
49,married,secondary,no,no,cellular,aug,70,,no,0
30,single,tertiary,yes,no,cellular,may,119,,no,0
35,divorced,primary,no,no,unknown,may,422,,no,0
33,married,secondary,yes,no,cellular,jul,163,,no,0
36,married,secondary,yes,no,cellular,apr,194,,no,0
49,married,primary,yes,no,unknown,may,267,,no,0
34,married,tertiary,yes,no,unknown,may,650,,no,0
44,single,primary,no,no,unknown,jun,227,,no,0
51,married,secondary,yes,no,unknown,may,228,,no,0
54,divorced,primary,yes,no,cellular,apr,317,,no,0
48,married,secondary,no,no,telephone,feb,102,,no,0
33,single,secondary,yes,no,cellular,feb,61,275.0,no,1
45,married,secondary,yes,no,cellular,may,96,360.0,no,1
45,married,tertiary,no,no,cellular,jan,90,172.0,no,1
44,divorced,secondary,yes,no,unknown,may,788,,yes,0
28,single,secondary,yes,no,unknown,may,195,,no,0
52,divorced,secondary,no,yes,unknown,nov,248,,no,0
32,married,secondary,yes,no,cellular,nov,289,,no,0
37,married,secondary,no,no,cellular,jan,389,181.0,no,1
41,married,secondary,yes,no,unknown,may,249,,no,0
36,married,primary,yes,no,cellular,may,108,367.0,no,1
36,single,tertiary,no,no,cellular,aug,106,,no,0
32,married,tertiary,no,no,cellular,aug,159,,no,0
46,married,secondary,yes,no,unknown,may,142,,no,0
24,single,primary,yes,no,cellular,may,520,345.0,no,1
34,single,secondary,yes,no,unknown,may,102,,no,0
37,married,secondary,yes,no,cellular,may,298,10.0,yes,1
49,single,tertiary,no,no,telephone,jun,293,211.0,yes,1
49,divorced,tertiary,yes,no,cellular,jan,145,223.0,no,1
29,single,tertiary,no,no,cellular,may,270,,yes,0
45,married,primary,no,no,unknown,jun,253,,no,0
46,divorced,secondary,yes,no,cellular,nov,178,183.0,no,1
47,married,secondary,no,yes,cellular,jul,325,,no,0
50,married,tertiary,yes,no,cellular,may,200,259.0,no,1
29,married,tertiary,yes,no,cellular,may,430,,no,0
34,married,tertiary,no,no,cellular,aug,108,,no,0
36,married,secondary,yes,no,cellular,nov,993,,yes,0
44,married,secondary,no,no,cellular,jul,56,,no,0
31,single,secondary,no,no,cellular,may,95,,no,0
56,single,primary,yes,no,unknown,may,95,,no,0
31,single,secondary,yes,no,cellular,nov,174,180.0,no,1
56,married,primary,no,no,cellular,apr,441,,no,0
20,single,secondary,no,no,cellular,aug,101,,no,0
34,married,tertiary,no,no,cellular,aug,331,,no,0
40,married,tertiary,no,no,unknown,jun,197,,no,0
34,married,tertiary,yes,no,cellular,aug,12,,no,0
49,married,primary,yes,no,unknown,may,25,,no,0
43,married,primary,yes,no,cellular,apr,792,,no,0
26,single,secondary,yes,no,cellular,may,80,329.0,no,1
51,divorced,primary,yes,no,unknown,may,24,,no,0
50,married,secondary,no,no,cellular,aug,71,,no,0
37,married,primary,yes,yes,unknown,may,170,,no,0
50,married,secondary,no,no,cellular,aug,168,,no,0
29,single,unknown,no,no,cellular,jan,726,,yes,0
41,married,secondary,yes,no,cellular,nov,397,173.0,no,1
44,married,secondary,yes,no,cellular,jul,74,,no,0
35,divorced,secondary,yes,no,unknown,jun,908,,yes,0
58,married,secondary,yes,no,cellular,aug,221,99.0,yes,1
36,single,tertiary,yes,no,unknown,may,155,,no,0
47,married,tertiary,no,no,unknown,jun,39,,no,0
34,married,secondary,yes,no,unknown,may,143,,no,0
44,married,tertiary,no,no,cellular,aug,312,,no,0
47,married,secondary,yes,no,cellular,may,261,369.0,no,1
48,married,secondary,no,no,cellular,aug,597,,no,0
29,single,tertiary,yes,no,unknown,may,539,,yes,0
51,single,secondary,yes,yes,unknown,may,67,,no,0
38,married,secondary,no,no,cellular,jun,167,298.0,no,1
51,divorced,secondary,no,no,cellular,jul,71,,no,0
50,married,tertiary,no,no,unknown,jun,174,,no,0
54,married,primary,yes,no,unknown,may,103,,no,0
38,divorced,secondary,no,no,unknown,jun,430,,no,0
28,single,tertiary,yes,no,telephone,aug,157,119.0,yes,1
29,single,secondary,no,no,telephone,aug,151,106.0,no,1
36,married,tertiary,yes,no,cellular,may,75,,no,0
50,married,primary,yes,no,unknown,may,210,,no,0
46,married,primary,yes,no,cellular,may,304,,no,0
33,single,tertiary,no,no,cellular,aug,76,,no,0
57,divorced,tertiary,no,no,telephone,nov,76,,no,0
36,single,secondary,yes,no,telephone,may,52,,no,0
35,married,secondary,yes,yes,cellular,may,161,,no,0
34,divorced,secondary,yes,no,cellular,may,153,,no,0
41,married,unknown,yes,no,cellular,feb,604,204.0,no,1
37,married,tertiary,yes,no,cellular,may,149,13.0,no,1
44,married,secondary,no,no,cellular,feb,45,,no,0
32,married,secondary,no,no,cellular,feb,166,,no,0
42,married,secondary,no,no,cellular,aug,111,1.0,no,1
50,divorced,secondary,yes,no,cellular,apr,413,,no,0
34,married,tertiary,yes,no,cellular,apr,117,,no,0
75,divorced,primary,no,no,cellular,sep,228,185.0,no,1
41,single,secondary,no,yes,unknown,jun,583,,yes,0
42,divorced,primary,yes,no,unknown,may,126,,no,0
43,married,tertiary,yes,no,cellular,may,167,,no,0
47,divorced,tertiary,no,yes,unknown,may,126,,no,0
38,divorced,primary,yes,no,cellular,apr,355,151.0,no,1
51,single,primary,no,no,cellular,jan,51,,no,0
38,single,unknown,no,no,unknown,jun,21,,no,0
36,single,unknown,no,yes,cellular,feb,163,,no,0
31,single,tertiary,yes,no,cellular,nov,89,,no,0
37,married,secondary,no,no,cellular,aug,499,,no,0
31,single,secondary,no,no,cellular,aug,115,,no,0
45,married,secondary,yes,no,unknown,may,139,,no,0
33,single,tertiary,no,no,cellular,aug,13,,no,0
27,single,secondary,no,no,telephone,may,15,366.0,no,1
26,married,primary,yes,no,cellular,jul,246,,no,0
44,married,secondary,yes,no,cellular,apr,383,,no,0
29,single,secondary,yes,no,cellular,may,453,,no,0
26,single,tertiary,no,yes,cellular,mar,159,,no,0
34,single,secondary,no,no,cellular,oct,197,,no,0
49,divorced,tertiary,yes,no,unknown,jun,310,,no,0
36,married,secondary,yes,no,cellular,may,185,,no,0
24,married,secondary,yes,yes,unknown,may,187,,no,0
59,married,secondary,yes,no,telephone,may,48,,no,0
54,married,primary,yes,yes,cellular,aug,48,,no,0
33,married,secondary,yes,no,unknown,may,211,,no,0
31,single,secondary,no,no,cellular,feb,129,,no,0
60,married,primary,yes,no,cellular,apr,68,343.0,no,1
47,married,secondary,yes,no,cellular,may,309,306.0,yes,1
50,married,tertiary,yes,no,cellular,may,47,,no,0
48,married,tertiary,no,no,telephone,nov,248,,yes,0
42,single,unknown,no,no,cellular,jul,305,,no,0
49,married,tertiary,no,no,cellular,nov,106,155.0,no,1
29,married,tertiary,yes,yes,unknown,may,1088,,no,0
31,married,tertiary,yes,yes,cellular,jul,664,,yes,0
41,married,secondary,yes,no,cellular,feb,182,,no,0
35,single,secondary,yes,no,unknown,may,140,,no,0
44,married,secondary,no,no,cellular,nov,363,,no,0
44,divorced,secondary,yes,no,cellular,jul,1669,,yes,0
49,married,tertiary,no,no,unknown,jun,63,,no,0
57,married,secondary,no,no,unknown,jun,97,,no,0
58,married,secondary,yes,no,cellular,nov,161,,no,0
49,single,secondary,yes,no,unknown,may,1257,,yes,0
53,divorced,tertiary,no,no,cellular,jan,201,,no,0
34,married,primary,yes,no,cellular,apr,423,,no,0
34,married,primary,yes,no,unknown,may,167,,no,0
40,divorced,secondary,no,no,cellular,feb,123,,no,0
44,married,secondary,yes,no,unknown,may,281,,no,0
59,married,secondary,yes,yes,cellular,jul,416,,yes,0
38,single,secondary,yes,no,cellular,apr,249,,no,0
33,married,tertiary,yes,no,cellular,jul,191,,no,0
38,married,secondary,no,yes,cellular,jul,114,,no,0
38,married,tertiary,no,no,cellular,aug,183,,no,0
53,married,secondary,no,no,cellular,aug,70,,no,0
57,married,tertiary,no,no,cellular,aug,162,,no,0
32,single,secondary,yes,yes,cellular,may,76,,no,0
37,married,secondary,yes,yes,cellular,jul,543,,yes,0
33,divorced,secondary,yes,yes,unknown,may,94,,no,0
45,married,secondary,yes,no,cellular,jul,98,,no,0
38,single,tertiary,yes,no,cellular,feb,201,182.0,no,1
50,married,primary,no,no,cellular,nov,189,,no,0
40,married,secondary,yes,no,cellular,jul,217,,no,0
55,married,secondary,no,no,cellular,aug,236,,no,0
32,single,tertiary,no,no,cellular,aug,116,,no,0
52,married,secondary,no,yes,cellular,jul,460,,no,0
52,married,secondary,no,no,telephone,jul,38,,no,0
33,married,tertiary,yes,yes,cellular,aug,70,,no,0
40,married,secondary,yes,no,unknown,jun,1082,,no,0
32,married,secondary,yes,no,unknown,may,466,,no,0
32,married,secondary,yes,no,unknown,may,198,,no,0
24,single,secondary,no,no,cellular,nov,256,92.0,yes,1
31,single,secondary,no,yes,cellular,feb,521,,no,0
33,single,secondary,no,no,cellular,aug,208,,no,0
38,married,secondary,yes,no,telephone,apr,193,314.0,no,1
30,single,secondary,yes,no,unknown,may,241,,no,0
40,married,secondary,yes,yes,unknown,jun,268,,no,0
50,married,secondary,yes,yes,unknown,jun,626,,no,0
35,married,tertiary,no,no,cellular,mar,69,,no,0
48,married,secondary,yes,no,cellular,aug,162,,no,0
25,single,secondary,no,yes,telephone,jul,17,,no,0
59,married,primary,no,yes,cellular,aug,62,,no,0
53,married,primary,yes,no,cellular,nov,854,170.0,no,1
36,married,primary,yes,no,cellular,apr,238,326.0,no,1
44,married,secondary,no,no,unknown,jun,25,,no,0
41,married,tertiary,yes,no,cellular,may,788,,yes,0
51,married,unknown,yes,no,cellular,jul,162,,no,0
31,married,tertiary,no,no,cellular,aug,110,,no,0
27,single,secondary,yes,yes,cellular,jul,125,,no,0
32,married,tertiary,no,no,cellular,aug,851,,no,0
56,married,tertiary,no,yes,cellular,aug,86,,no,0
32,married,tertiary,yes,no,cellular,feb,182,,no,0
30,single,secondary,yes,no,unknown,may,87,,no,0
38,single,tertiary,yes,no,unknown,may,185,,no,0
32,single,secondary,yes,no,unknown,may,144,,no,0
32,married,secondary,yes,no,unknown,may,27,,no,0
34,single,secondary,no,yes,cellular,nov,104,,no,0
27,single,secondary,no,no,cellular,oct,261,,no,0
58,married,secondary,no,yes,telephone,jul,109,,no,0
52,married,secondary,yes,no,cellular,feb,198,,no,0
27,single,tertiary,yes,no,unknown,may,72,,no,0
41,married,secondary,no,no,cellular,aug,140,,no,0
34,single,tertiary,no,no,cellular,aug,505,,yes,0
31,married,primary,yes,no,unknown,may,287,,no,0
48,married,secondary,yes,yes,cellular,jul,304,,no,0
36,married,secondary,yes,no,unknown,jun,394,,yes,0
43,divorced,secondary,no,no,cellular,aug,119,95.0,no,1
36,married,tertiary,yes,yes,cellular,jul,119,,no,0
31,single,tertiary,no,no,cellular,oct,180,96.0,no,1
58,married,secondary,yes,no,unknown,jun,111,,no,0
26,single,secondary,no,yes,cellular,jul,304,,no,0
42,married,secondary,yes,yes,cellular,jul,42,,no,0
32,single,tertiary,yes,no,cellular,apr,259,145.0,no,1
35,single,secondary,yes,no,cellular,may,7,,no,0
45,married,unknown,yes,no,unknown,may,377,,no,0
28,single,secondary,no,yes,cellular,jul,165,,no,0
35,married,secondary,yes,yes,cellular,jul,147,,no,0
33,divorced,secondary,yes,no,cellular,nov,411,173.0,no,1
58,married,secondary,no,yes,cellular,nov,112,,no,0
39,married,tertiary,no,no,cellular,aug,93,,no,0
35,single,tertiary,yes,no,cellular,nov,112,,no,0
35,married,primary,yes,no,telephone,feb,508,,no,0
38,married,secondary,no,no,cellular,aug,259,,no,0
45,married,primary,yes,no,telephone,may,119,371.0,no,1
29,married,secondary,yes,no,unknown,may,233,,no,0
35,married,secondary,yes,no,unknown,jul,7,,no,0
38,single,tertiary,yes,no,cellular,nov,370,184.0,no,1
41,married,secondary,yes,yes,unknown,may,374,,no,0
43,single,tertiary,yes,no,cellular,jul,70,,no,0
38,married,secondary,yes,no,unknown,may,248,,no,0
48,single,secondary,no,yes,cellular,jul,313,,no,0
60,single,secondary,no,no,cellular,jul,205,,no,0
52,married,primary,yes,no,unknown,may,298,,no,0
31,single,secondary,no,no,cellular,feb,50,,no,0
26,single,secondary,yes,no,unknown,jun,297,,no,0
60,married,secondary,no,no,cellular,jul,396,386.0,yes,1
43,married,tertiary,no,no,unknown,jun,38,,no,0
59,married,unknown,no,no,cellular,aug,146,,no,0
30,divorced,secondary,yes,no,unknown,may,96,,no,0
38,married,primary,yes,no,unknown,jun,324,,no,0
36,married,secondary,yes,no,unknown,may,59,,no,0
48,married,secondary,yes,no,unknown,may,697,,no,0
46,single,secondary,yes,no,telephone,may,22,,no,0
28,single,secondary,yes,no,unknown,may,411,,no,0
42,married,secondary,yes,no,unknown,may,138,,no,0
47,married,secondary,yes,no,cellular,feb,276,269.0,no,1
32,married,secondary,yes,yes,cellular,jul,189,,no,0
46,divorced,secondary,yes,no,unknown,may,192,,no,0
70,married,tertiary,no,no,cellular,apr,172,186.0,no,1
46,married,secondary,no,no,telephone,jun,218,,no,0
39,divorced,tertiary,yes,no,cellular,jul,1083,,no,0
28,single,tertiary,yes,no,cellular,feb,336,,no,0
36,married,primary,yes,no,cellular,apr,223,,no,0
41,married,secondary,no,no,cellular,jul,847,,no,0
30,married,tertiary,no,no,cellular,aug,95,,no,0
29,single,secondary,yes,no,cellular,may,754,,yes,0
37,single,secondary,no,no,unknown,may,574,,no,0
31,single,secondary,no,no,cellular,aug,138,,no,0
33,married,secondary,no,no,cellular,aug,238,265.0,no,1
52,single,primary,no,no,unknown,jun,212,,no,0
56,divorced,primary,yes,no,cellular,may,132,,no,0
59,divorced,secondary,yes,yes,unknown,may,171,,no,0
45,married,secondary,yes,no,cellular,may,444,,no,0
33,single,secondary,no,no,cellular,aug,66,,no,0
36,married,primary,no,no,unknown,jun,149,,no,0
38,divorced,tertiary,no,no,cellular,aug,323,,no,0
23,single,secondary,yes,no,cellular,may,158,318.0,no,1
30,married,secondary,no,no,cellular,aug,101,,no,0
60,married,primary,no,no,cellular,may,160,83.0,no,1
34,married,secondary,yes,no,unknown,may,266,,no,0
53,married,primary,yes,no,unknown,may,267,,no,0
42,married,secondary,no,no,cellular,aug,119,,no,0
42,married,tertiary,no,no,cellular,nov,158,,no,0
30,single,tertiary,no,no,cellular,oct,463,95.0,yes,1
43,divorced,tertiary,yes,no,unknown,may,2087,,yes,0
32,married,secondary,yes,no,cellular,may,321,,no,0
62,married,tertiary,no,no,cellular,feb,181,,no,0
31,married,secondary,yes,yes,cellular,apr,1091,,yes,0
45,married,tertiary,no,no,cellular,jun,160,,no,0
53,married,unknown,no,no,cellular,aug,160,,no,0
58,married,tertiary,yes,no,cellular,jun,1361,391.0,no,1
44,divorced,secondary,yes,no,unknown,may,89,,no,0
54,divorced,primary,no,no,unknown,jun,58,,no,0
57,married,tertiary,no,no,cellular,feb,633,,no,0
43,divorced,secondary,no,no,telephone,jul,296,,no,0
55,divorced,secondary,yes,no,cellular,aug,174,,no,0
52,married,secondary,no,yes,cellular,jul,1029,,no,0
58,married,unknown,yes,no,cellular,may,57,366.0,no,1
38,single,tertiary,yes,no,unknown,jun,1422,,yes,0
40,married,secondary,yes,no,cellular,apr,642,304.0,no,1
28,married,primary,no,no,unknown,may,40,,no,0
52,married,unknown,yes,no,cellular,jul,101,,no,0
40,divorced,secondary,yes,no,unknown,jun,424,,no,0
30,married,tertiary,no,no,cellular,aug,605,,no,0
57,married,secondary,no,no,cellular,aug,197,,no,0
53,married,secondary,no,yes,cellular,nov,113,132.0,no,1
31,single,secondary,no,no,cellular,aug,744,88.0,yes,1
39,divorced,tertiary,no,no,unknown,may,815,,no,0
55,divorced,secondary,no,no,cellular,may,275,219.0,no,1
52,married,tertiary,yes,yes,cellular,nov,68,110.0,no,1
29,single,secondary,yes,yes,cellular,jul,293,,no,0
32,married,unknown,no,no,unknown,may,115,,no,0
31,married,secondary,yes,no,unknown,may,101,,no,0
63,married,unknown,no,no,cellular,feb,125,177.0,no,1
29,married,secondary,yes,no,cellular,may,50,,no,0
20,single,unknown,no,no,cellular,apr,98,,no,0
40,single,secondary,no,no,cellular,jul,156,,no,0
40,married,secondary,yes,no,unknown,may,192,,no,0
58,married,secondary,yes,no,unknown,jun,47,,no,0
53,married,primary,yes,yes,cellular,may,343,167.0,no,1
31,married,secondary,no,no,unknown,may,380,,no,0
43,married,secondary,no,no,cellular,jun,482,91.0,yes,1
53,married,secondary,no,no,telephone,jul,34,,no,0
30,single,secondary,yes,no,cellular,apr,218,330.0,no,1
28,single,tertiary,no,no,cellular,oct,786,,no,0
33,divorced,secondary,yes,no,cellular,may,124,,no,0
42,married,secondary,yes,yes,cellular,may,120,,no,0
46,single,tertiary,no,no,cellular,aug,218,,no,0
29,married,tertiary,no,no,cellular,may,344,88.0,yes,1
32,single,secondary,yes,yes,unknown,may,385,,no,0
36,married,secondary,yes,no,unknown,may,128,,no,0
40,single,secondary,yes,yes,cellular,apr,272,335.0,no,1
51,married,primary,no,no,cellular,aug,228,,no,0
33,single,secondary,yes,no,unknown,jun,32,,no,0
28,single,secondary,yes,yes,cellular,may,390,,yes,0
40,married,primary,yes,no,unknown,may,126,,no,0
40,married,secondary,yes,no,cellular,jul,39,,no,0
29,married,secondary,yes,yes,cellular,may,100,356.0,no,1
29,single,tertiary,yes,no,unknown,jun,20,,no,0
57,married,secondary,no,no,telephone,nov,90,,no,0
22,single,tertiary,yes,no,cellular,may,98,89.0,no,1
60,divorced,secondary,no,no,cellular,aug,318,,yes,0
60,married,tertiary,no,no,cellular,feb,121,95.0,no,1
32,single,secondary,no,yes,cellular,jul,387,,no,0
35,married,secondary,yes,no,cellular,may,345,,yes,0
30,single,primary,yes,no,cellular,feb,131,265.0,no,1
44,married,secondary,yes,no,cellular,may,240,,no,0
30,single,secondary,yes,no,cellular,may,267,354.0,no,1
28,single,secondary,yes,yes,unknown,may,158,,no,0
38,single,tertiary,yes,no,cellular,apr,479,,no,0
38,single,secondary,yes,no,cellular,may,364,343.0,no,1
48,married,secondary,yes,no,cellular,may,56,343.0,no,1
58,married,secondary,yes,no,telephone,jul,246,,no,0
42,married,tertiary,no,no,cellular,apr,102,,no,0
44,married,secondary,yes,yes,unknown,may,437,,no,0
57,married,secondary,no,no,cellular,feb,485,,no,0
48,married,secondary,yes,no,cellular,feb,62,,no,0
39,married,tertiary,no,no,unknown,jun,104,,no,0
39,married,secondary,no,no,unknown,jun,95,,no,0
36,married,tertiary,yes,no,cellular,nov,369,,no,0
59,divorced,primary,no,no,cellular,feb,150,,no,0
43,divorced,tertiary,no,yes,unknown,jun,344,,no,0
39,single,secondary,yes,no,cellular,nov,162,,no,0
35,single,tertiary,no,no,cellular,aug,86,,no,0
37,single,secondary,yes,no,cellular,apr,121,315.0,no,1
38,married,tertiary,yes,no,unknown,jun,221,,no,0
21,single,secondary,no,no,cellular,aug,487,,no,0
48,married,primary,no,no,cellular,aug,219,,no,0
77,married,tertiary,no,no,cellular,aug,286,,yes,0
29,married,secondary,yes,no,unknown,jun,562,,yes,0
34,married,secondary,yes,no,cellular,jul,132,,no,0
54,married,primary,yes,no,cellular,may,77,341.0,no,1
39,married,primary,yes,no,unknown,jun,350,,no,0
35,married,primary,yes,no,cellular,may,318,,no,0
45,married,secondary,no,no,telephone,may,180,,no,0
58,married,primary,no,no,cellular,aug,112,,no,0
26,married,unknown,yes,no,cellular,apr,1018,,no,0
23,single,secondary,yes,no,unknown,may,544,,no,0
44,married,tertiary,no,no,cellular,aug,317,,no,0
53,married,tertiary,yes,no,unknown,may,509,,no,0
38,married,secondary,no,no,unknown,jun,115,,no,0
45,married,tertiary,yes,no,cellular,apr,73,,no,0
52,married,tertiary,no,no,cellular,aug,161,,no,0
41,divorced,secondary,yes,no,cellular,may,123,365.0,no,1
32,single,secondary,no,no,cellular,aug,210,,no,0
24,single,secondary,no,no,unknown,jun,1075,,no,0
43,single,primary,no,no,cellular,jul,35,,no,0
51,married,primary,no,no,unknown,jun,86,,no,0
40,married,primary,no,no,unknown,jun,14,,no,0
45,married,tertiary,yes,no,cellular,nov,146,,no,0
54,married,secondary,yes,yes,cellular,jul,69,,no,0
46,divorced,secondary,yes,yes,cellular,may,195,,no,0
66,married,secondary,no,no,cellular,aug,72,,no,0
52,divorced,tertiary,no,no,cellular,jul,454,,no,0
57,married,tertiary,no,no,cellular,aug,250,107.0,no,1
30,married,tertiary,yes,no,cellular,nov,206,119.0,no,1
47,married,secondary,yes,no,unknown,jun,89,,no,0
58,married,secondary,no,no,cellular,aug,110,,no,0
26,single,tertiary,yes,no,cellular,sep,137,,yes,0
46,divorced,primary,yes,no,unknown,may,20,,no,0
41,divorced,tertiary,no,no,telephone,feb,147,,no,0
54,married,secondary,yes,no,unknown,jun,534,,no,0
58,married,secondary,no,no,unknown,jun,443,,no,0
44,divorced,tertiary,no,yes,cellular,nov,661,,no,0
36,married,secondary,yes,no,unknown,may,178,,no,0
37,single,unknown,no,no,cellular,sep,272,,yes,0
55,married,tertiary,no,yes,cellular,jul,126,,no,0
40,single,tertiary,yes,no,cellular,jul,449,,no,0
55,married,unknown,no,no,unknown,may,677,,no,0
37,married,primary,yes,no,unknown,may,217,,no,0
39,married,secondary,yes,no,cellular,may,94,338.0,no,1
28,single,tertiary,yes,no,cellular,aug,108,,no,0
39,married,tertiary,yes,no,unknown,may,278,,no,0
38,single,secondary,yes,yes,cellular,apr,71,345.0,no,1
37,divorced,secondary,yes,no,unknown,may,507,,no,0
38,married,secondary,yes,no,cellular,may,218,331.0,no,1
41,divorced,tertiary,no,no,cellular,aug,229,,no,0
26,single,tertiary,yes,no,cellular,may,445,371.0,no,1
42,married,secondary,yes,no,unknown,may,55,,no,0
47,married,secondary,yes,yes,unknown,may,136,,no,0
35,married,secondary,no,no,cellular,jul,248,,no,0
33,single,tertiary,yes,no,cellular,oct,209,427.0,yes,1
49,divorced,tertiary,yes,no,unknown,may,169,,no,0
35,married,primary,yes,no,cellular,jul,127,,no,0
32,married,primary,no,no,unknown,may,881,,no,0
43,married,secondary,yes,yes,cellular,jul,56,,no,0
55,divorced,tertiary,yes,no,cellular,feb,115,,no,0
50,divorced,primary,yes,no,cellular,may,67,,no,0
33,married,tertiary,no,no,cellular,oct,649,,yes,0
40,married,primary,yes,no,unknown,jun,20,,no,0
39,married,secondary,no,no,cellular,aug,76,,no,0
29,single,secondary,no,no,cellular,feb,214,,no,0
47,divorced,tertiary,yes,no,cellular,jul,137,,no,0
33,married,tertiary,no,no,cellular,may,119,,no,0
60,married,secondary,no,no,telephone,jun,351,,yes,0
36,divorced,tertiary,no,yes,cellular,jul,560,,yes,0
35,married,tertiary,yes,no,cellular,aug,174,,no,0
22,single,secondary,yes,no,unknown,may,59,,no,0
33,married,secondary,yes,yes,cellular,may,771,173.0,no,1
39,divorced,tertiary,no,yes,cellular,feb,265,,no,0
57,divorced,unknown,no,no,cellular,dec,222,231.0,yes,1
57,married,primary,yes,yes,cellular,may,108,371.0,no,1
43,married,primary,yes,no,cellular,nov,25,,no,0
43,married,secondary,no,no,unknown,jun,27,,no,0
34,married,secondary,yes,no,cellular,apr,428,,no,0
44,single,unknown,yes,no,cellular,jul,297,,no,0
52,married,tertiary,yes,no,unknown,jun,124,,no,0
38,married,secondary,yes,no,cellular,apr,187,332.0,no,1
31,married,primary,yes,no,cellular,may,119,,no,0
38,married,secondary,yes,no,unknown,jun,601,,no,0
42,married,secondary,yes,no,cellular,may,261,344.0,no,1
29,married,tertiary,no,no,cellular,feb,128,,no,0
31,single,tertiary,no,no,cellular,feb,100,,no,0
54,divorced,tertiary,yes,yes,telephone,nov,1034,,yes,0
59,married,secondary,no,no,cellular,nov,243,174.0,no,1
43,married,secondary,no,no,unknown,jun,216,,no,0
38,single,secondary,no,no,cellular,jan,240,92.0,no,1
40,married,tertiary,yes,no,telephone,may,95,,no,0
33,single,tertiary,yes,no,unknown,may,237,,no,0
30,single,secondary,yes,no,cellular,apr,90,151.0,no,1
31,single,primary,no,no,cellular,jan,707,2.0,yes,1
25,single,secondary,yes,no,telephone,may,170,,no,0
42,married,secondary,yes,no,cellular,apr,179,,no,0
35,married,tertiary,no,no,cellular,aug,885,,no,0
28,single,primary,yes,no,cellular,may,533,371.0,yes,1
50,single,tertiary,yes,no,cellular,jan,50,258.0,no,1
50,married,primary,yes,no,cellular,aug,526,,yes,0
39,divorced,secondary,yes,no,cellular,nov,141,,no,0
49,married,tertiary,no,no,cellular,jul,258,,no,0
29,single,secondary,yes,yes,cellular,may,51,345.0,no,1
37,single,tertiary,no,no,cellular,nov,188,165.0,no,1
33,married,primary,yes,yes,cellular,may,170,,no,0
25,divorced,tertiary,yes,no,cellular,may,273,,no,0
29,married,primary,yes,no,unknown,jun,187,,no,0
38,married,unknown,no,no,cellular,jul,233,,no,0
40,divorced,secondary,yes,no,unknown,may,121,,no,0
37,married,secondary,no,no,cellular,jun,657,,yes,0
45,married,tertiary,yes,no,cellular,feb,94,,no,0
38,married,primary,yes,no,cellular,feb,43,,no,0
27,single,secondary,no,no,telephone,apr,116,,no,0
47,married,primary,no,no,unknown,jun,191,,no,0
39,married,tertiary,yes,yes,unknown,may,102,,no,0
38,married,secondary,no,yes,cellular,jul,93,,no,0
40,married,primary,yes,no,cellular,apr,228,347.0,no,1
41,single,tertiary,no,no,cellular,nov,1121,,no,0
36,married,secondary,no,no,cellular,feb,297,,no,0
52,married,tertiary,yes,no,telephone,may,46,287.0,no,1
31,single,secondary,yes,no,cellular,may,270,366.0,no,1
38,married,secondary,yes,yes,cellular,may,146,,no,0
38,married,tertiary,yes,no,cellular,feb,89,209.0,no,1
53,married,secondary,yes,no,cellular,may,273,,no,0
30,single,tertiary,yes,no,unknown,jun,142,,no,0
44,married,primary,yes,no,unknown,may,36,,no,0
41,divorced,tertiary,no,no,cellular,feb,475,,no,0
31,single,secondary,yes,no,cellular,may,82,,no,0
35,married,secondary,yes,yes,unknown,may,60,,no,0
51,married,secondary,no,yes,unknown,jun,721,,yes,0
33,single,tertiary,yes,no,cellular,may,585,,yes,0
60,married,secondary,no,no,telephone,aug,268,,no,0
33,married,secondary,no,no,cellular,aug,80,,no,0
40,married,tertiary,yes,no,cellular,jul,96,,no,0
26,single,secondary,yes,no,cellular,may,57,,no,0
47,married,secondary,yes,no,cellular,may,577,368.0,no,1
47,married,secondary,no,no,cellular,aug,252,,no,0
29,single,tertiary,no,no,cellular,oct,542,148.0,yes,1
33,single,secondary,no,yes,cellular,aug,160,,no,0
46,married,primary,yes,no,unknown,jun,92,,no,0
51,married,primary,yes,no,telephone,jul,215,,no,0
28,single,tertiary,yes,no,unknown,may,98,,no,0
41,married,primary,yes,no,cellular,nov,290,165.0,no,1
46,divorced,secondary,no,no,cellular,jul,638,,no,0
35,married,tertiary,no,no,cellular,aug,222,182.0,yes,1
37,married,secondary,yes,no,unknown,may,412,,no,0
32,single,tertiary,no,no,unknown,may,757,,yes,0
54,married,secondary,no,no,unknown,jun,207,,no,0
35,married,tertiary,yes,no,cellular,jul,56,,no,0
35,married,secondary,no,no,unknown,jun,209,,no,0
54,married,secondary,no,no,cellular,mar,222,188.0,yes,1
35,married,unknown,yes,no,cellular,apr,97,318.0,no,1
30,married,tertiary,no,no,cellular,nov,364,175.0,no,1
51,married,secondary,no,no,cellular,feb,149,,no,0
56,divorced,secondary,yes,no,cellular,nov,682,,no,0
32,married,secondary,no,no,cellular,jan,119,,no,0
33,married,secondary,no,no,unknown,may,144,,no,0
33,single,secondary,yes,no,cellular,aug,58,,no,0
52,single,tertiary,yes,yes,unknown,may,132,,no,0
33,single,tertiary,no,no,cellular,nov,201,,no,0
46,married,primary,yes,yes,unknown,may,108,,no,0
43,married,secondary,no,no,cellular,jul,231,,no,0
35,married,secondary,yes,yes,unknown,may,208,,no,0
39,married,secondary,no,no,unknown,jun,264,,no,0
45,married,secondary,no,no,unknown,jun,13,,no,0
81,married,primary,no,no,cellular,oct,131,,yes,0
32,single,tertiary,yes,no,cellular,feb,172,92.0,no,1
35,single,secondary,no,yes,cellular,jan,109,,no,0
49,divorced,primary,no,no,cellular,jul,305,,no,0
41,married,primary,yes,no,unknown,may,120,,no,0
32,married,secondary,yes,yes,cellular,may,44,,no,0
24,single,secondary,no,no,cellular,jul,314,156.0,yes,1
29,single,tertiary,yes,no,cellular,jul,231,,no,0
32,single,secondary,yes,yes,unknown,jul,99,,no,0
39,single,tertiary,yes,no,cellular,jan,169,,no,0
48,married,primary,no,no,cellular,sep,589,186.0,no,1
54,married,secondary,no,no,unknown,may,151,,no,0
31,single,tertiary,yes,no,unknown,may,58,,no,0
46,divorced,secondary,yes,no,unknown,may,120,,no,0
45,single,tertiary,no,no,cellular,jul,230,,no,0
46,single,tertiary,yes,no,unknown,may,36,,no,0
31,single,tertiary,no,no,cellular,feb,577,,no,0
54,married,tertiary,no,no,cellular,aug,282,,no,0
39,married,primary,yes,no,unknown,jun,88,,no,0
45,single,secondary,yes,no,cellular,may,86,367.0,no,1
64,married,unknown,no,no,telephone,sep,378,,no,0
39,married,tertiary,yes,yes,cellular,aug,88,,no,0
60,divorced,primary,no,yes,telephone,jul,58,,no,0
38,married,secondary,no,no,unknown,jun,76,,no,0
56,married,unknown,no,no,cellular,aug,900,,no,0
36,single,primary,no,no,cellular,nov,341,,no,0
50,married,primary,no,yes,cellular,nov,61,136.0,no,1
33,married,primary,yes,no,cellular,may,246,,no,0
35,single,tertiary,no,no,cellular,aug,256,,no,0
52,married,secondary,yes,yes,cellular,jan,446,182.0,no,1
32,married,secondary,yes,no,unknown,may,84,,no,0
60,married,secondary,no,no,cellular,jan,139,171.0,no,1
34,married,secondary,no,yes,unknown,jul,193,,no,0
35,married,tertiary,yes,no,unknown,may,659,,no,0
33,married,secondary,no,no,cellular,nov,109,10.0,no,1
25,single,secondary,no,no,cellular,dec,262,,no,0
30,single,secondary,no,no,telephone,nov,519,,no,0
38,married,secondary,no,no,cellular,aug,195,197.0,yes,1
59,married,primary,no,yes,cellular,jul,25,,no,0
31,single,secondary,no,yes,cellular,jul,120,,no,0
36,married,secondary,no,no,cellular,jan,424,,no,0
33,married,tertiary,yes,no,unknown,sep,11,490.0,no,1
39,married,tertiary,yes,no,cellular,jul,97,,no,0
36,single,tertiary,no,no,cellular,may,211,90.0,yes,1
33,single,primary,no,no,cellular,feb,382,,no,0
38,married,secondary,yes,no,cellular,aug,71,,no,0
46,married,tertiary,yes,no,cellular,nov,284,,no,0
28,single,tertiary,no,no,cellular,sep,1042,200.0,yes,1
45,married,secondary,yes,no,unknown,may,609,,no,0
46,married,secondary,yes,yes,cellular,aug,122,,no,0
29,single,secondary,yes,yes,cellular,may,228,,no,0
57,married,secondary,no,no,cellular,jul,131,,no,0
36,divorced,secondary,yes,no,unknown,may,129,,no,0
25,single,secondary,yes,yes,unknown,jun,361,,no,0
36,married,secondary,yes,no,unknown,may,206,,no,0
28,single,secondary,no,no,cellular,feb,79,,yes,0
59,divorced,secondary,no,yes,cellular,feb,14,,no,0
35,married,secondary,no,yes,unknown,jun,107,,no,0
47,divorced,tertiary,no,no,cellular,feb,291,,no,0
56,married,primary,yes,no,cellular,may,1014,,no,0
38,married,secondary,yes,no,telephone,jul,264,,no,0
41,single,tertiary,yes,no,cellular,nov,150,,no,0
57,divorced,secondary,yes,no,unknown,may,173,,no,0
33,married,secondary,yes,no,unknown,may,410,,no,0
46,married,secondary,yes,yes,unknown,may,345,,no,0
30,single,secondary,no,yes,cellular,aug,43,,no,0
50,married,tertiary,yes,no,cellular,aug,36,,no,0
24,single,secondary,yes,no,cellular,may,85,358.0,no,1
31,married,primary,yes,no,cellular,apr,193,322.0,no,1
28,married,primary,yes,no,unknown,jun,41,,no,0
55,divorced,primary,no,no,telephone,feb,225,6.0,no,1
47,married,secondary,yes,no,cellular,nov,92,,no,0
48,married,secondary,yes,no,cellular,apr,152,336.0,no,1
56,married,primary,yes,no,telephone,may,462,,yes,0
40,married,unknown,no,yes,cellular,jul,161,,no,0
33,divorced,secondary,yes,no,unknown,may,148,,no,0
26,single,secondary,no,no,cellular,jun,113,109.0,no,1
47,married,primary,no,no,unknown,jun,180,,no,0
38,married,secondary,no,no,unknown,jul,84,,no,0
28,single,secondary,no,no,cellular,sep,115,,yes,0
31,single,tertiary,no,yes,cellular,jul,564,,yes,0
31,single,tertiary,no,no,cellular,aug,125,,no,0
47,married,tertiary,no,no,cellular,jun,154,,no,0
22,single,primary,yes,no,cellular,may,237,,no,0
52,single,tertiary,yes,no,cellular,nov,79,,no,0
30,single,tertiary,yes,no,cellular,aug,241,,no,0
25,married,tertiary,yes,no,cellular,jul,115,,no,0
41,married,secondary,yes,no,telephone,may,64,347.0,no,1
57,married,secondary,no,no,cellular,jun,88,,no,0
44,married,secondary,no,no,cellular,aug,159,,no,0
38,married,tertiary,yes,no,unknown,may,262,,no,0
32,married,secondary,yes,yes,cellular,aug,341,,no,0
21,married,secondary,yes,yes,unknown,may,168,,no,0
24,single,secondary,no,no,cellular,sep,256,,yes,0
54,married,tertiary,yes,no,unknown,may,83,,no,0
54,married,tertiary,no,no,cellular,aug,150,,no,0
51,married,secondary,no,no,cellular,aug,467,88.0,yes,1
27,married,secondary,yes,no,unknown,jun,188,,no,0
49,married,tertiary,yes,no,cellular,aug,152,,no,0
36,married,tertiary,no,no,cellular,aug,184,,no,0
42,married,primary,yes,yes,unknown,may,272,,no,0
26,single,secondary,yes,no,cellular,may,599,,no,0
77,married,primary,no,no,telephone,nov,212,277.0,yes,1
44,married,primary,yes,no,unknown,may,408,,no,0
37,married,tertiary,no,no,cellular,jan,153,225.0,no,1
46,single,tertiary,yes,no,cellular,jul,87,,no,0
32,married,tertiary,yes,no,cellular,jul,29,,no,0
35,married,tertiary,no,no,cellular,jun,80,92.0,no,1
52,married,secondary,no,no,cellular,jan,338,,no,0
32,married,secondary,no,no,cellular,may,215,,no,0
49,divorced,secondary,yes,yes,cellular,may,469,350.0,no,1
41,married,primary,yes,no,cellular,apr,122,338.0,no,1
41,married,primary,yes,yes,unknown,may,207,,no,0
40,divorced,secondary,yes,yes,unknown,may,385,,no,0
27,single,unknown,no,no,unknown,jun,240,,no,0
53,married,secondary,yes,no,telephone,jul,182,,no,0
37,married,secondary,yes,no,cellular,nov,68,194.0,no,1
31,single,tertiary,no,no,cellular,aug,179,,no,0
40,single,tertiary,yes,no,unknown,may,181,,no,0
39,married,tertiary,yes,no,cellular,may,112,,no,0
34,married,secondary,no,no,cellular,aug,192,,no,0
50,married,secondary,yes,yes,cellular,jan,391,191.0,no,1
43,divorced,secondary,yes,no,telephone,feb,362,,no,0
54,divorced,tertiary,no,no,cellular,aug,56,,no,0
37,single,secondary,yes,no,telephone,jan,143,,no,0
47,divorced,secondary,yes,no,unknown,may,268,,no,0
54,married,tertiary,no,no,cellular,nov,206,,no,0
28,single,secondary,yes,no,cellular,may,92,,no,0
36,married,tertiary,yes,no,unknown,may,125,,no,0
29,single,primary,no,no,cellular,jan,451,,no,0
35,married,secondary,yes,no,cellular,apr,123,,no,0
35,married,primary,yes,no,unknown,may,212,,no,0
32,single,primary,yes,no,unknown,jun,25,,no,0
32,married,tertiary,no,no,cellular,aug,195,,no,0
67,divorced,secondary,no,no,cellular,may,613,87.0,yes,1
39,single,unknown,yes,yes,cellular,feb,99,,no,0
54,married,secondary,yes,yes,cellular,nov,92,,no,0
32,married,secondary,yes,no,cellular,may,88,370.0,no,1
52,divorced,tertiary,yes,yes,cellular,jun,122,64.0,no,1
32,single,tertiary,yes,no,cellular,nov,171,127.0,no,1
34,married,tertiary,no,no,cellular,aug,472,,no,0
47,married,tertiary,yes,no,unknown,jun,130,,no,0
61,married,primary,yes,no,unknown,may,204,,no,0
49,married,secondary,no,no,unknown,jun,13,,no,0
36,single,tertiary,no,no,cellular,aug,150,,no,0
45,married,secondary,yes,yes,cellular,aug,368,,no,0
40,single,secondary,yes,no,cellular,apr,234,323.0,no,1
42,married,secondary,yes,yes,cellular,feb,43,,no,0
45,married,secondary,no,no,cellular,jul,95,,no,0
53,married,secondary,no,yes,cellular,aug,58,,no,0
51,single,primary,yes,no,cellular,may,98,,no,0
22,single,secondary,no,no,unknown,may,223,,no,0
33,married,secondary,yes,yes,unknown,may,221,,no,0
35,single,secondary,yes,no,cellular,nov,21,185.0,no,1
36,married,tertiary,no,no,cellular,aug,242,95.0,yes,1
34,single,tertiary,no,no,cellular,nov,115,,no,0
22,married,secondary,yes,no,unknown,jun,525,,no,0
47,single,unknown,no,no,cellular,oct,385,,yes,0
47,married,secondary,yes,no,cellular,aug,151,,no,0
38,married,tertiary,yes,no,cellular,sep,91,213.0,no,1
37,single,tertiary,no,no,unknown,jun,542,,no,0
43,married,secondary,no,no,unknown,may,180,,no,0
58,divorced,primary,no,yes,cellular,jul,161,,no,0
39,divorced,tertiary,no,no,cellular,aug,68,,no,0
31,single,secondary,yes,no,unknown,may,89,,no,0
40,single,secondary,yes,no,cellular,may,7,360.0,no,1
42,divorced,primary,yes,no,cellular,jul,1175,,yes,0
36,divorced,secondary,yes,no,unknown,may,153,,no,0
66,divorced,primary,no,no,telephone,mar,834,,yes,0
61,married,primary,no,no,cellular,oct,55,,no,0
60,married,tertiary,no,yes,cellular,jul,79,,no,0
30,single,secondary,yes,no,cellular,jul,112,,no,0
33,single,secondary,no,no,cellular,aug,168,,no,0
32,married,tertiary,no,no,cellular,aug,186,,no,0
49,married,secondary,no,no,unknown,may,206,,no,0
35,married,secondary,no,no,cellular,jul,153,,no,0
53,married,tertiary,yes,no,cellular,jul,471,,no,0
30,single,secondary,no,yes,cellular,jul,169,,no,0
31,single,tertiary,no,no,cellular,feb,144,91.0,yes,1
53,divorced,secondary,no,no,cellular,jul,416,,no,0
32,divorced,tertiary,no,no,unknown,may,148,,no,0
31,single,secondary,yes,no,unknown,may,128,,no,0
48,divorced,tertiary,no,no,cellular,aug,152,,no,0
55,divorced,tertiary,no,no,cellular,aug,237,,yes,0
32,single,secondary,yes,no,cellular,may,238,169.0,no,1
25,married,secondary,yes,no,cellular,may,177,,no,0
32,divorced,tertiary,no,no,cellular,aug,99,,no,0
46,married,primary,yes,no,cellular,apr,797,,no,0
45,married,tertiary,no,no,cellular,sep,405,,no,0
30,married,tertiary,no,no,cellular,aug,345,,no,0
37,divorced,secondary,yes,no,cellular,may,165,175.0,no,1
29,single,secondary,yes,no,cellular,jul,241,,no,0
38,married,tertiary,no,no,cellular,aug,471,,no,0
27,single,tertiary,no,no,cellular,oct,18,,no,0
53,married,secondary,yes,no,cellular,nov,184,,no,0
37,married,tertiary,yes,no,unknown,may,189,,no,0
49,married,secondary,yes,no,cellular,jul,22,,no,0
45,married,secondary,yes,no,unknown,jun,259,,no,0
27,married,secondary,yes,no,unknown,may,82,,no,0
57,married,primary,yes,yes,unknown,jun,238,,no,0
40,single,secondary,yes,no,cellular,may,225,339.0,no,1
37,married,tertiary,yes,no,cellular,nov,65,119.0,no,1
25,single,secondary,yes,no,cellular,jul,342,,no,0
28,married,secondary,yes,no,unknown,jun,816,,no,0
41,divorced,tertiary,no,no,cellular,nov,39,,no,0
34,married,secondary,yes,no,cellular,jul,154,,no,0
53,married,tertiary,no,yes,cellular,jul,223,,no,0
45,married,secondary,yes,no,telephone,jul,208,,no,0
37,married,secondary,yes,no,unknown,may,176,,no,0
38,married,secondary,yes,no,unknown,may,134,,no,0
34,married,tertiary,yes,no,cellular,aug,593,,yes,0
36,single,tertiary,yes,no,cellular,sep,155,184.0,yes,1
39,single,secondary,yes,no,cellular,may,149,,no,0
31,divorced,tertiary,no,yes,cellular,jul,53,,no,0
32,married,primary,yes,no,cellular,apr,297,,no,0
72,single,tertiary,no,no,cellular,aug,553,,no,0
41,married,secondary,yes,yes,unknown,may,210,,no,0
38,married,tertiary,yes,no,unknown,jul,196,,no,0
59,divorced,tertiary,yes,no,telephone,may,287,,no,0
36,divorced,unknown,yes,no,unknown,may,377,,no,0
38,married,secondary,no,no,cellular,aug,926,,yes,0
36,single,secondary,no,no,cellular,nov,186,,no,0
49,married,secondary,yes,no,cellular,may,219,,no,0
36,single,tertiary,no,yes,unknown,jul,85,,no,0
33,married,primary,yes,yes,cellular,nov,158,,no,0
40,married,secondary,yes,yes,cellular,jul,140,,no,0
56,divorced,secondary,yes,yes,cellular,feb,576,,no,0
33,married,secondary,yes,no,unknown,may,54,,no,0
32,married,secondary,yes,no,cellular,jul,103,,no,0
45,single,secondary,yes,no,cellular,nov,34,,no,0
44,single,unknown,no,no,cellular,oct,189,185.0,no,1
53,single,primary,yes,no,unknown,jun,96,,no,0
38,married,secondary,yes,yes,unknown,jun,1030,,no,0
49,divorced,tertiary,no,no,unknown,jun,29,,no,0
60,divorced,tertiary,no,no,cellular,jul,490,,no,0
40,married,secondary,no,no,cellular,aug,1099,,no,0
42,divorced,secondary,no,no,cellular,may,300,358.0,no,1
32,married,secondary,yes,no,unknown,may,297,,no,0
50,single,tertiary,yes,no,cellular,jul,198,,no,0
50,married,secondary,yes,no,telephone,jul,27,,no,0
39,married,tertiary,no,no,cellular,aug,86,,no,0
41,married,secondary,no,no,cellular,nov,90,,no,0
33,single,secondary,yes,no,cellular,apr,97,,no,0
31,single,secondary,yes,no,unknown,jun,213,,no,0
52,married,tertiary,yes,no,cellular,jul,94,,no,0
75,married,secondary,no,no,telephone,aug,416,,no,0
55,married,primary,no,no,telephone,apr,222,,no,0
31,single,secondary,yes,yes,cellular,jul,144,,no,0
56,divorced,unknown,yes,no,cellular,jul,121,,no,0
60,married,secondary,no,no,telephone,oct,138,,no,0
55,married,tertiary,no,no,unknown,jun,462,,no,0
35,married,secondary,yes,no,cellular,nov,340,183.0,no,1
35,married,tertiary,yes,yes,cellular,oct,142,,no,0
60,single,tertiary,no,no,cellular,may,730,,yes,0
38,married,secondary,yes,no,cellular,may,12,,no,0
39,married,tertiary,yes,no,unknown,jun,85,,no,0
45,married,primary,no,no,cellular,aug,73,,no,0
42,single,tertiary,no,no,cellular,aug,143,,no,0
42,married,secondary,no,no,cellular,jun,133,399.0,no,1
53,married,tertiary,yes,no,unknown,may,122,,no,0
49,married,secondary,yes,no,cellular,feb,243,,no,0
43,married,secondary,yes,yes,cellular,feb,140,,no,0
42,married,primary,yes,yes,cellular,nov,611,175.0,no,1
43,married,tertiary,no,no,cellular,nov,107,,no,0
33,married,primary,yes,no,cellular,may,327,,no,0
34,single,tertiary,yes,no,cellular,apr,143,,no,0
48,married,tertiary,no,no,cellular,jan,223,,no,0
44,married,unknown,yes,no,unknown,jun,118,,no,0
30,single,secondary,no,no,cellular,jul,396,,yes,0
37,married,primary,yes,no,cellular,apr,264,,no,0
40,divorced,tertiary,yes,no,cellular,may,193,,no,0
37,married,secondary,yes,no,unknown,may,215,,no,0
55,divorced,tertiary,yes,no,cellular,jul,66,,no,0
50,married,secondary,yes,no,unknown,may,214,,no,0
37,married,unknown,yes,no,telephone,nov,178,,no,0
36,married,tertiary,no,yes,cellular,aug,89,,no,0
39,single,tertiary,yes,no,cellular,dec,315,210.0,yes,1
56,married,tertiary,yes,yes,cellular,may,221,169.0,no,1
29,married,primary,yes,no,unknown,may,33,,no,0
61,married,primary,no,no,telephone,jul,186,,no,0
49,married,secondary,no,no,cellular,dec,62,202.0,no,1
34,married,secondary,yes,no,unknown,jun,52,,no,0
34,married,secondary,yes,no,unknown,may,182,,no,0
30,married,primary,yes,no,unknown,may,764,,no,0
31,single,tertiary,no,no,cellular,feb,406,,no,0
38,married,secondary,yes,no,unknown,may,784,,no,0
30,married,secondary,yes,no,cellular,may,444,,no,0
42,single,primary,yes,no,unknown,jun,69,,no,0
35,married,secondary,yes,yes,cellular,jan,144,266.0,no,1
63,married,secondary,no,no,cellular,may,698,316.0,no,1
41,married,tertiary,no,no,cellular,aug,736,,yes,0
52,married,secondary,no,yes,cellular,aug,218,,no,0
30,single,secondary,no,no,cellular,aug,256,,no,0
50,divorced,secondary,yes,no,telephone,apr,151,,no,0
31,single,tertiary,no,no,cellular,aug,156,,no,0
40,married,tertiary,no,no,cellular,sep,263,,no,0
59,married,secondary,no,no,telephone,jul,175,,no,0
43,married,unknown,yes,no,cellular,jul,380,,no,0
31,married,tertiary,yes,yes,cellular,jul,104,,no,0
43,married,tertiary,no,yes,cellular,jul,88,,no,0
27,married,tertiary,no,no,cellular,feb,159,,yes,0
46,married,secondary,yes,no,unknown,jun,83,,no,0
25,single,secondary,no,no,telephone,jul,168,,no,0
55,divorced,secondary,yes,no,cellular,jan,342,,no,0
40,married,tertiary,no,no,cellular,aug,140,,no,0
38,married,tertiary,yes,no,unknown,may,206,,no,0
29,single,unknown,no,no,cellular,aug,173,,no,0
43,married,secondary,yes,no,unknown,may,411,,no,0
37,single,secondary,yes,no,unknown,may,284,,no,0
38,married,secondary,yes,no,cellular,feb,123,258.0,no,1
62,married,secondary,no,no,cellular,sep,123,,no,0
54,divorced,secondary,no,no,cellular,feb,439,,yes,0
44,married,secondary,yes,no,unknown,may,35,,no,0
54,married,primary,no,no,cellular,jul,255,,no,0
75,married,secondary,no,no,cellular,aug,350,182.0,yes,1
36,married,tertiary,no,yes,cellular,aug,156,,no,0
37,married,secondary,yes,yes,cellular,feb,77,202.0,no,1
43,married,primary,yes,no,cellular,jul,63,,no,0
50,married,secondary,no,no,cellular,aug,148,,no,0
53,divorced,unknown,yes,no,unknown,jun,676,,no,0
51,married,secondary,no,no,telephone,jul,183,,no,0
40,married,secondary,yes,no,cellular,nov,280,,no,0
45,married,tertiary,no,no,cellular,nov,401,,no,0
57,married,primary,yes,no,telephone,apr,137,,no,0
58,married,secondary,no,no,cellular,jan,339,,no,0
32,single,secondary,yes,no,cellular,nov,268,,no,0
35,single,secondary,yes,no,unknown,may,218,,no,0
36,married,secondary,yes,no,cellular,jul,279,,no,0
31,married,secondary,yes,no,cellular,jul,266,,no,0
42,single,primary,yes,yes,unknown,may,167,,no,0
34,married,secondary,yes,no,unknown,may,494,,no,0
38,married,tertiary,no,no,cellular,apr,240,179.0,yes,1
32,single,secondary,no,no,unknown,jun,406,,no,0
48,married,secondary,no,no,cellular,jan,412,,no,0
35,divorced,tertiary,yes,yes,cellular,aug,51,,no,0
31,married,secondary,yes,no,cellular,jul,126,,no,0
73,married,tertiary,no,no,cellular,feb,281,,yes,0
37,married,primary,no,no,cellular,nov,101,80.0,no,1
41,married,primary,yes,no,unknown,jun,87,,no,0
33,single,secondary,no,no,cellular,aug,338,104.0,yes,1
59,divorced,tertiary,no,yes,cellular,jul,136,,no,0
35,married,secondary,yes,no,cellular,apr,41,,no,0
33,married,secondary,yes,yes,cellular,may,172,,no,0
52,married,unknown,no,no,unknown,jun,187,,no,0
37,married,tertiary,no,no,cellular,jun,224,,yes,0
46,married,primary,no,yes,telephone,aug,16,,no,0
60,married,secondary,no,no,cellular,jul,160,,no,0
34,married,tertiary,yes,no,cellular,sep,164,92.0,yes,1
33,single,tertiary,no,no,cellular,aug,131,,no,0
52,married,secondary,no,yes,cellular,jul,46,,no,0
56,married,secondary,no,no,cellular,aug,213,,no,0
33,single,tertiary,yes,no,cellular,apr,93,173.0,no,1
56,married,secondary,no,no,cellular,nov,312,,no,0
46,married,primary,no,no,cellular,aug,314,,no,0
59,married,secondary,no,no,telephone,jul,117,,no,0
30,married,secondary,yes,no,unknown,may,232,,no,0
46,married,secondary,no,yes,cellular,jul,502,,no,0
35,married,tertiary,yes,no,cellular,jul,151,,no,0
51,single,tertiary,no,no,unknown,may,102,,no,0
49,married,secondary,no,no,unknown,jun,217,,no,0
26,single,secondary,no,no,cellular,may,606,345.0,no,1
32,married,secondary,yes,no,unknown,may,246,,no,0
53,single,secondary,no,no,cellular,nov,251,,no,0
50,divorced,unknown,no,no,cellular,aug,1336,,yes,0
32,single,secondary,no,no,cellular,sep,224,444.0,yes,1
29,single,secondary,yes,no,cellular,feb,16,253.0,no,1
33,divorced,tertiary,no,no,cellular,feb,401,,no,0
46,single,tertiary,yes,no,unknown,may,98,,no,0
47,married,secondary,yes,no,cellular,apr,1164,,yes,0
29,single,tertiary,yes,no,cellular,may,59,,no,0
39,single,secondary,no,no,unknown,jun,129,,no,0
36,married,primary,no,no,unknown,may,173,,no,0
45,divorced,primary,yes,no,unknown,jun,10,,no,0
40,married,secondary,yes,no,cellular,may,410,,no,0
32,married,secondary,no,no,cellular,aug,204,,no,0
28,divorced,tertiary,yes,yes,unknown,jun,54,,no,0
53,married,secondary,no,no,cellular,aug,88,,no,0
27,single,secondary,yes,no,cellular,aug,75,442.0,no,1
40,married,secondary,yes,no,cellular,may,350,286.0,no,1
77,married,primary,no,no,telephone,feb,112,94.0,no,1
51,married,secondary,yes,no,unknown,jun,84,,no,0
49,married,primary,yes,no,cellular,jul,269,,no,0
48,married,primary,no,no,cellular,aug,787,,no,0
33,married,secondary,no,no,cellular,aug,456,,yes,0
31,married,tertiary,no,no,cellular,aug,445,,no,0
37,married,unknown,yes,no,cellular,nov,184,,no,0
60,divorced,secondary,no,no,unknown,jun,105,,no,0
47,married,secondary,no,no,cellular,aug,142,,no,0
39,married,tertiary,no,no,cellular,nov,127,,no,0
34,married,secondary,no,no,cellular,aug,140,,no,0
48,married,secondary,no,no,cellular,jul,806,183.0,yes,1
29,single,tertiary,yes,yes,cellular,jul,345,,no,0
29,single,secondary,yes,no,cellular,may,19,,no,0
46,married,unknown,yes,no,cellular,apr,247,,no,0
34,single,secondary,no,no,cellular,aug,121,,no,0
31,single,tertiary,yes,no,unknown,may,562,,no,0
50,single,secondary,no,no,cellular,jul,890,,yes,0
47,married,tertiary,no,no,cellular,aug,156,,no,0
36,married,primary,no,no,cellular,jul,503,,no,0
33,married,tertiary,no,no,cellular,feb,111,,no,0
41,married,primary,yes,yes,cellular,nov,188,,no,0
32,married,secondary,yes,no,cellular,jul,314,,no,0
31,single,secondary,yes,no,cellular,may,306,,no,0
32,married,secondary,no,no,cellular,sep,440,280.0,yes,1
28,single,tertiary,yes,no,cellular,jun,509,,yes,0
32,married,secondary,yes,no,cellular,jul,41,,no,0
37,married,primary,yes,no,unknown,may,194,,no,0
57,married,tertiary,no,no,cellular,aug,135,,no,0
38,married,secondary,yes,no,cellular,sep,210,92.0,yes,1
28,single,secondary,no,no,cellular,jul,306,,no,0
35,married,tertiary,no,no,cellular,aug,591,,no,0
31,single,tertiary,yes,no,cellular,apr,187,,no,0
37,divorced,secondary,yes,yes,cellular,apr,185,,no,0
41,divorced,secondary,no,no,cellular,jan,191,,no,0
48,single,primary,yes,no,cellular,apr,193,,no,0
51,married,secondary,yes,no,cellular,may,301,,no,0
42,married,tertiary,no,no,cellular,aug,296,,no,0
49,divorced,secondary,yes,yes,cellular,nov,50,,no,0
33,married,secondary,yes,no,unknown,jul,331,,no,0
44,divorced,secondary,no,no,unknown,jun,110,,no,0
48,divorced,secondary,no,no,cellular,aug,520,,no,0
49,married,primary,yes,yes,unknown,may,161,,no,0
47,married,secondary,no,no,cellular,aug,73,105.0,no,1
41,divorced,tertiary,yes,no,cellular,apr,134,,no,0
30,married,tertiary,no,no,cellular,may,781,89.0,yes,1
45,married,primary,yes,no,telephone,may,258,,no,0
41,divorced,primary,yes,no,cellular,may,176,,no,0
34,married,secondary,yes,yes,cellular,jul,119,,no,0
38,divorced,secondary,yes,no,cellular,apr,84,,no,0
54,single,tertiary,yes,no,cellular,jul,132,,no,0
41,married,secondary,yes,no,cellular,apr,47,338.0,no,1
30,single,tertiary,no,no,cellular,jun,116,,no,0
41,married,secondary,yes,no,telephone,jul,141,,no,0
34,married,secondary,no,no,cellular,feb,270,,no,0
41,divorced,secondary,no,no,cellular,aug,429,,no,0
32,married,secondary,yes,no,unknown,jun,409,,no,0
39,married,secondary,no,no,unknown,jun,160,,no,0
38,divorced,unknown,yes,no,cellular,nov,96,,no,0
28,married,tertiary,yes,no,cellular,jul,475,,no,0
29,married,secondary,no,no,cellular,jan,510,,no,0
40,married,primary,yes,no,unknown,may,109,,no,0
49,married,primary,yes,yes,unknown,jun,213,,no,0
33,single,tertiary,yes,no,unknown,may,897,,no,0
32,single,tertiary,no,no,cellular,aug,31,,no,0
35,married,secondary,no,yes,cellular,nov,11,,no,0
32,married,secondary,yes,yes,cellular,jul,131,,no,0
31,divorced,tertiary,no,no,cellular,feb,132,,yes,0
30,divorced,secondary,yes,no,unknown,may,188,,no,0
41,married,primary,yes,no,cellular,jul,171,,no,0
41,divorced,secondary,yes,yes,cellular,may,197,,no,0
33,married,secondary,no,no,cellular,aug,26,,no,0
30,married,secondary,yes,yes,cellular,may,524,370.0,no,1
53,married,primary,no,no,cellular,jun,217,,no,0
29,married,tertiary,yes,no,unknown,may,233,,no,0
37,married,secondary,yes,no,cellular,may,304,173.0,no,1
30,single,tertiary,yes,no,cellular,jul,140,424.0,yes,1
39,married,primary,no,no,unknown,jun,59,,no,0
39,married,secondary,yes,no,cellular,jan,82,,no,0
43,single,secondary,no,yes,cellular,feb,193,199.0,no,1
35,married,tertiary,yes,no,cellular,jul,654,,yes,0
30,single,tertiary,no,no,cellular,jun,393,,yes,0
37,married,secondary,yes,no,cellular,sep,234,149.0,no,1
38,divorced,secondary,yes,no,cellular,may,44,275.0,no,1
34,married,secondary,yes,no,cellular,apr,712,344.0,yes,1
31,married,secondary,yes,no,unknown,jun,184,,no,0
39,married,tertiary,no,no,cellular,oct,206,168.0,no,1
27,single,secondary,yes,no,cellular,may,141,343.0,no,1
28,married,secondary,yes,no,unknown,may,262,,no,0
28,single,secondary,yes,no,cellular,jul,295,,no,0
48,divorced,secondary,no,no,cellular,jul,111,,no,0
55,divorced,tertiary,no,no,cellular,aug,129,,no,0
56,divorced,tertiary,no,no,cellular,jul,376,,no,0
55,divorced,tertiary,no,yes,cellular,apr,124,28.0,no,1
46,married,tertiary,yes,no,cellular,may,462,359.0,no,1
49,married,primary,no,no,cellular,jul,227,,no,0
45,single,secondary,yes,no,cellular,apr,1010,326.0,no,1
45,married,secondary,yes,yes,unknown,may,268,,no,0
62,married,secondary,no,no,cellular,feb,94,184.0,yes,1
31,single,secondary,yes,no,cellular,apr,132,,no,0
33,single,tertiary,no,yes,cellular,oct,259,,no,0
52,single,tertiary,no,no,cellular,aug,1223,,yes,0
34,married,tertiary,no,no,cellular,sep,278,132.0,yes,1
40,married,secondary,no,no,unknown,jun,96,,no,0
33,single,secondary,yes,no,cellular,may,123,360.0,no,1
44,married,secondary,yes,no,cellular,may,27,,no,0
35,single,secondary,yes,no,cellular,apr,359,,no,0
32,married,tertiary,yes,no,cellular,may,77,,no,0
49,married,tertiary,no,no,unknown,jun,128,,no,0
34,married,secondary,yes,no,cellular,aug,238,,no,0
48,single,secondary,yes,no,cellular,jul,281,,no,0
36,single,unknown,no,no,cellular,apr,398,,yes,0
57,married,secondary,no,yes,cellular,jul,171,,no,0
51,married,secondary,yes,no,cellular,jul,117,,no,0
41,married,primary,yes,no,unknown,may,134,,no,0
30,married,tertiary,no,no,cellular,aug,82,,no,0
37,married,secondary,yes,no,telephone,nov,42,,no,0
27,single,primary,no,no,cellular,jan,197,,no,0
34,single,tertiary,no,no,cellular,aug,57,,no,0
24,single,secondary,yes,no,unknown,jun,465,,yes,0
45,married,tertiary,no,yes,cellular,aug,92,,no,0
38,single,secondary,no,no,cellular,nov,357,93.0,yes,1
44,divorced,secondary,yes,yes,unknown,jul,51,,no,0
54,married,primary,no,no,cellular,may,143,,no,0
33,divorced,secondary,yes,no,cellular,jul,184,,no,0
53,single,unknown,no,no,unknown,may,140,,no,0
48,married,secondary,yes,no,cellular,apr,87,318.0,no,1
50,married,secondary,no,yes,cellular,aug,867,,no,0
33,married,secondary,no,no,cellular,apr,110,,yes,0
37,divorced,secondary,yes,yes,cellular,jul,154,,no,0
47,divorced,tertiary,no,no,cellular,aug,483,,no,0
30,married,secondary,yes,no,cellular,jul,662,,yes,0
33,single,tertiary,yes,no,unknown,may,558,,no,0
32,single,tertiary,no,no,cellular,nov,272,,no,0
51,married,secondary,no,no,cellular,aug,498,,no,0
38,married,tertiary,no,no,cellular,apr,281,141.0,no,1
47,married,secondary,yes,no,cellular,aug,156,,no,0
30,single,secondary,no,no,unknown,jun,674,,yes,0
31,married,tertiary,yes,no,cellular,jul,57,,no,0
35,married,tertiary,yes,yes,cellular,aug,236,,no,0
39,married,primary,yes,no,cellular,feb,190,,no,0
80,married,primary,no,no,cellular,oct,746,86.0,yes,1
30,married,tertiary,yes,no,cellular,apr,140,,no,0
40,divorced,tertiary,yes,no,unknown,may,477,,no,0
39,single,secondary,no,no,cellular,apr,277,,no,0
52,divorced,secondary,no,no,unknown,may,306,,no,0
34,single,primary,yes,no,cellular,may,350,,no,0
23,single,secondary,no,no,cellular,sep,242,114.0,no,1
36,divorced,secondary,yes,yes,unknown,may,671,,no,0
42,married,primary,no,no,cellular,apr,428,,no,0
37,married,secondary,yes,no,cellular,apr,100,,no,0
40,married,primary,yes,no,cellular,jul,1007,,yes,0
38,married,unknown,yes,no,cellular,nov,191,,no,0
45,single,primary,no,no,telephone,jul,50,,no,0
34,married,tertiary,yes,no,cellular,aug,1307,,yes,0
47,married,tertiary,yes,yes,cellular,nov,132,186.0,no,1
37,married,tertiary,yes,no,cellular,feb,207,272.0,no,1
57,married,tertiary,no,no,telephone,nov,98,,no,0
35,single,tertiary,yes,no,unknown,may,225,,no,0
50,married,secondary,yes,no,cellular,jul,88,,no,0
41,single,secondary,yes,no,unknown,may,19,,no,0
45,married,tertiary,yes,no,telephone,jul,59,,no,0
58,married,secondary,yes,no,unknown,may,325,,no,0
59,married,secondary,no,no,cellular,nov,218,,no,0
43,married,secondary,no,no,cellular,jul,335,,no,0
19,single,unknown,no,no,cellular,aug,168,182.0,yes,1
33,single,secondary,no,yes,cellular,feb,160,212.0,no,1
56,married,secondary,yes,no,unknown,may,79,,no,0
30,married,primary,yes,yes,telephone,jul,207,,no,0
49,married,secondary,yes,no,unknown,may,257,,no,0
51,married,tertiary,no,no,cellular,aug,111,,no,0
36,divorced,secondary,yes,no,unknown,may,319,,no,0
47,married,primary,no,no,unknown,jun,145,,no,0
27,single,secondary,no,no,cellular,jan,164,,no,0
36,divorced,tertiary,yes,no,cellular,apr,114,,no,0
53,married,secondary,yes,no,cellular,sep,82,293.0,no,1
35,married,tertiary,no,no,cellular,nov,240,,no,0
38,single,tertiary,no,no,cellular,jul,164,,no,0
30,married,secondary,yes,yes,cellular,nov,189,144.0,no,1
54,married,secondary,no,no,telephone,jan,123,,no,0
56,married,primary,yes,no,cellular,may,159,,no,0
34,married,secondary,no,no,unknown,may,245,,no,0
30,single,secondary,no,no,unknown,oct,7,,no,0
63,married,primary,no,no,telephone,aug,128,,yes,0
42,married,secondary,yes,no,cellular,jul,291,,no,0
33,married,tertiary,yes,no,cellular,nov,437,,no,0
47,single,secondary,yes,no,cellular,feb,36,,no,0
39,divorced,secondary,yes,no,cellular,feb,108,,no,0
34,married,secondary,yes,no,unknown,may,83,,no,0
27,single,secondary,yes,yes,cellular,may,113,,no,0
39,married,primary,no,no,cellular,feb,306,,no,0
35,married,primary,yes,yes,telephone,jul,38,,no,0
41,married,primary,yes,yes,unknown,may,181,,no,0
30,married,secondary,yes,yes,unknown,may,108,,no,0
31,single,tertiary,no,no,unknown,may,95,,no,0
49,married,tertiary,yes,no,cellular,may,813,,yes,0
31,married,tertiary,yes,no,cellular,jul,169,,no,0
37,married,secondary,yes,yes,unknown,may,98,,no,0
31,single,secondary,no,no,telephone,jan,528,,no,0
46,divorced,secondary,no,yes,cellular,aug,314,,no,0
30,married,tertiary,yes,no,cellular,may,97,298.0,no,1
34,single,tertiary,no,no,telephone,nov,39,,no,0
39,divorced,tertiary,yes,no,cellular,may,40,,no,0
29,married,secondary,yes,no,cellular,may,342,,no,0
39,married,secondary,yes,no,unknown,may,425,,no,0
49,married,tertiary,yes,no,cellular,nov,218,,no,0
39,married,secondary,yes,no,cellular,may,9,349.0,no,1
44,married,secondary,no,no,unknown,jun,27,,no,0
35,single,tertiary,yes,no,cellular,nov,12,,no,0
39,single,secondary,yes,yes,telephone,nov,1158,,yes,0
56,married,unknown,yes,yes,cellular,may,135,,no,0
54,married,secondary,no,no,cellular,nov,464,192.0,yes,1
26,single,secondary,yes,no,cellular,jul,36,,no,0
37,single,secondary,yes,no,cellular,nov,39,182.0,no,1
43,married,secondary,no,no,cellular,jul,183,,no,0
38,married,secondary,no,no,cellular,feb,226,,no,0
52,married,secondary,yes,no,unknown,may,167,,no,0
34,single,secondary,no,no,cellular,aug,214,,no,0
41,married,secondary,yes,no,unknown,may,129,,no,0
51,married,tertiary,no,no,cellular,aug,42,,no,0
59,married,primary,no,no,cellular,aug,77,,no,0
58,married,tertiary,no,no,unknown,jun,204,,no,0
51,married,secondary,yes,no,unknown,may,309,,no,0
31,single,secondary,no,no,cellular,aug,123,,no,0
52,married,secondary,no,yes,unknown,jun,44,,no,0
38,single,secondary,no,no,cellular,jul,452,,no,0
37,married,secondary,no,yes,unknown,may,49,,no,0
33,married,secondary,yes,no,cellular,feb,439,,no,0
25,married,secondary,yes,no,unknown,may,331,,no,0
35,married,secondary,yes,no,unknown,may,363,,no,0
52,divorced,tertiary,no,no,cellular,jul,335,,no,0
25,single,tertiary,yes,no,unknown,may,109,,no,0
58,married,secondary,yes,no,cellular,may,197,370.0,no,1
35,divorced,tertiary,no,no,cellular,aug,100,,no,0
46,married,unknown,yes,no,cellular,jul,49,,no,0
53,married,tertiary,no,no,telephone,jan,173,2.0,no,1
40,married,secondary,yes,no,cellular,may,55,298.0,no,1
55,married,primary,yes,no,unknown,may,144,,no,0
52,married,secondary,yes,no,cellular,may,276,364.0,no,1
34,single,secondary,yes,no,cellular,jul,578,,yes,0
26,single,secondary,no,no,cellular,jul,128,,no,0
54,married,tertiary,no,yes,cellular,feb,47,265.0,no,1
36,married,tertiary,yes,yes,cellular,nov,160,,no,0
45,married,secondary,no,no,cellular,aug,210,,no,0
43,divorced,tertiary,no,no,cellular,aug,67,,no,0
38,married,secondary,yes,no,unknown,jun,215,,no,0
42,single,primary,yes,no,unknown,may,118,,no,0
41,single,secondary,yes,no,unknown,may,2177,,no,0
43,married,secondary,yes,no,unknown,may,285,,no,0
39,divorced,tertiary,yes,no,cellular,nov,255,126.0,no,1
32,married,secondary,yes,no,unknown,may,104,,no,0
54,divorced,tertiary,no,yes,telephone,jul,86,,no,0
36,single,secondary,yes,no,cellular,aug,153,102.0,no,1
50,married,primary,no,no,unknown,jun,95,,no,0
45,married,secondary,yes,no,unknown,jun,71,,no,0
35,married,secondary,yes,yes,unknown,may,371,,no,0
45,married,primary,no,no,telephone,jul,156,,no,0
54,married,secondary,no,yes,cellular,jul,2029,,yes,0
51,married,secondary,yes,yes,cellular,feb,71,205.0,no,1
36,married,tertiary,no,no,cellular,jul,246,,no,0
41,single,secondary,yes,no,telephone,jul,153,,no,0
45,married,tertiary,no,no,cellular,aug,52,,no,0
35,single,secondary,no,no,cellular,aug,259,,no,0
30,single,tertiary,yes,no,unknown,may,209,,no,0
39,married,primary,yes,no,cellular,nov,219,182.0,no,1
40,married,secondary,no,yes,cellular,jul,36,,no,0
25,married,secondary,yes,no,cellular,may,333,330.0,no,1
52,married,tertiary,yes,no,unknown,jun,574,,no,0
50,married,primary,yes,no,cellular,apr,105,,no,0
39,married,secondary,no,no,cellular,jul,100,,no,0
47,divorced,tertiary,yes,yes,unknown,may,513,,no,0
35,single,secondary,yes,no,cellular,aug,52,92.0,no,1
27,single,secondary,yes,yes,unknown,may,694,,yes,0
54,divorced,secondary,no,no,cellular,feb,39,,no,0
33,married,secondary,no,no,cellular,aug,90,,no,0
60,married,secondary,yes,no,unknown,jun,94,,no,0
46,married,secondary,yes,no,cellular,may,28,,no,0
56,married,secondary,yes,yes,cellular,may,102,349.0,no,1
61,married,unknown,no,no,telephone,jul,270,178.0,yes,1
39,divorced,secondary,no,no,unknown,jun,67,,no,0
45,divorced,secondary,no,no,cellular,aug,88,,no,0
76,divorced,primary,no,no,cellular,sep,475,,yes,0
26,single,secondary,yes,no,cellular,may,68,371.0,no,1
46,married,secondary,yes,yes,unknown,may,116,,no,0
54,single,secondary,yes,yes,cellular,nov,120,171.0,no,1
31,single,secondary,yes,no,unknown,may,90,,no,0
36,single,tertiary,yes,no,cellular,may,185,350.0,no,1
57,divorced,secondary,yes,no,cellular,jul,547,,no,0
55,married,secondary,no,no,telephone,may,148,308.0,no,1
42,married,unknown,yes,no,cellular,jul,152,,no,0
34,married,secondary,yes,no,cellular,nov,145,,no,0
33,married,tertiary,no,yes,cellular,aug,111,,no,0
28,single,secondary,yes,no,unknown,may,277,,no,0
35,single,primary,yes,no,cellular,feb,605,,no,0
25,married,tertiary,no,no,cellular,feb,52,,no,0
44,single,secondary,yes,no,cellular,apr,582,,no,0
36,single,tertiary,no,no,cellular,aug,220,,yes,0
31,married,tertiary,yes,no,cellular,jul,109,,no,0
52,married,secondary,no,no,cellular,nov,96,,no,0
49,married,secondary,yes,no,cellular,apr,303,331.0,no,1
52,divorced,secondary,no,yes,cellular,nov,276,122.0,no,1
39,married,secondary,no,no,cellular,nov,177,,no,0
37,single,tertiary,no,no,cellular,nov,175,200.0,yes,1
29,single,secondary,no,no,cellular,jan,194,,no,0
48,married,unknown,no,no,cellular,aug,429,,no,0
31,married,secondary,yes,yes,cellular,apr,126,148.0,no,1
36,single,tertiary,no,no,cellular,feb,230,,no,0
60,married,primary,yes,no,unknown,may,103,,no,0
48,married,tertiary,yes,no,cellular,feb,245,,yes,0
38,single,tertiary,yes,no,cellular,nov,134,110.0,no,1
53,married,primary,no,no,cellular,apr,168,,no,0
36,married,tertiary,yes,no,unknown,may,147,,no,0
45,married,secondary,yes,no,cellular,may,277,,no,0
26,single,secondary,yes,no,unknown,may,228,,no,0
61,married,primary,yes,yes,telephone,aug,280,,no,0
41,divorced,secondary,yes,no,cellular,feb,232,211.0,no,1
33,single,tertiary,no,no,cellular,aug,211,,no,0
33,married,tertiary,no,no,cellular,aug,172,,no,0
53,married,secondary,no,yes,cellular,aug,112,,no,0
36,single,secondary,yes,no,unknown,jun,243,,no,0
35,married,primary,no,no,unknown,jun,330,,no,0
45,married,tertiary,yes,no,cellular,nov,517,187.0,no,1
42,married,secondary,yes,yes,cellular,may,155,282.0,no,1
48,married,secondary,yes,no,unknown,may,220,,no,0
37,single,secondary,yes,no,cellular,may,146,,no,0
55,married,secondary,yes,no,unknown,may,74,,no,0
37,single,tertiary,no,no,cellular,nov,158,114.0,no,1
61,married,primary,no,no,cellular,aug,197,,no,0
48,single,primary,no,no,unknown,jun,71,,no,0
47,married,primary,no,no,cellular,nov,108,,no,0
36,married,secondary,yes,no,cellular,apr,108,,no,0
25,single,tertiary,no,no,cellular,may,88,,no,0
37,married,secondary,yes,no,cellular,nov,99,,no,0
37,married,secondary,no,no,cellular,aug,144,,no,0
54,single,secondary,yes,no,cellular,may,12,,no,0
38,married,primary,yes,yes,cellular,may,317,,no,0
31,single,secondary,no,no,cellular,jan,229,,no,0
49,divorced,tertiary,yes,no,unknown,may,152,,no,0
31,single,primary,yes,no,unknown,may,178,,no,0
32,married,primary,yes,no,unknown,may,23,,no,0
32,married,secondary,yes,no,cellular,may,104,,no,0
35,single,tertiary,yes,yes,cellular,jul,85,,no,0
29,married,secondary,yes,no,unknown,may,305,,no,0
44,married,primary,yes,no,unknown,may,197,,no,0
49,married,secondary,yes,no,unknown,may,264,,no,0
33,married,secondary,no,no,cellular,aug,53,,no,0
54,married,primary,yes,no,cellular,jul,357,,no,0
34,married,secondary,yes,yes,cellular,apr,161,253.0,no,1
44,married,primary,yes,yes,cellular,nov,32,116.0,no,1
44,married,tertiary,no,no,cellular,aug,99,,no,0
44,divorced,secondary,no,no,cellular,nov,57,,no,0
40,married,secondary,no,no,cellular,jul,1107,,yes,0
44,married,secondary,no,no,cellular,jul,504,,no,0
58,divorced,primary,no,no,telephone,feb,296,,no,0
51,married,secondary,no,yes,unknown,may,259,,no,0
59,married,tertiary,no,no,cellular,jul,1432,,no,0
27,single,primary,no,yes,cellular,jul,240,,no,0
49,married,primary,no,no,cellular,jul,205,,no,0
30,single,tertiary,yes,no,cellular,nov,511,,yes,0
53,married,secondary,yes,no,cellular,jul,209,,no,0
54,married,tertiary,no,no,unknown,may,452,,no,0
37,married,secondary,yes,yes,cellular,jul,101,,no,0
34,married,unknown,no,no,unknown,jun,32,,no,0
52,married,tertiary,yes,no,cellular,apr,220,,no,0
39,married,tertiary,no,no,cellular,feb,912,,yes,0
38,married,secondary,no,no,cellular,aug,846,,yes,0
47,divorced,secondary,yes,yes,cellular,jan,113,,no,0
33,single,tertiary,yes,no,cellular,feb,161,256.0,no,1
44,married,secondary,yes,no,unknown,may,122,,no,0
58,married,unknown,no,no,cellular,apr,268,,yes,0
34,single,secondary,yes,no,unknown,may,1182,,yes,0
31,single,tertiary,yes,no,cellular,may,333,355.0,no,1
55,married,unknown,no,no,cellular,jan,143,2.0,no,1
25,single,tertiary,no,no,cellular,jun,377,,yes,0
35,married,tertiary,yes,yes,cellular,nov,314,124.0,no,1
35,married,tertiary,no,no,cellular,jul,201,,no,0
50,married,primary,no,no,telephone,apr,180,,yes,0
37,divorced,secondary,yes,no,cellular,may,326,326.0,no,1
34,single,tertiary,yes,no,telephone,may,44,367.0,no,1
36,married,tertiary,yes,yes,unknown,jun,599,,no,0
39,single,tertiary,yes,no,cellular,may,271,93.0,yes,1
54,married,primary,yes,no,cellular,may,184,,no,0
50,divorced,secondary,no,no,cellular,feb,221,,no,0
32,divorced,tertiary,yes,no,cellular,sep,91,114.0,no,1
41,married,primary,yes,no,telephone,may,65,356.0,no,1
35,married,secondary,yes,no,unknown,may,246,,no,0
36,divorced,tertiary,no,no,cellular,jul,237,91.0,no,1
53,divorced,secondary,yes,yes,cellular,apr,586,,no,0
28,single,secondary,yes,no,cellular,may,246,343.0,no,1
47,divorced,tertiary,no,no,cellular,aug,136,,no,0
37,married,tertiary,no,yes,cellular,jul,105,,no,0
30,single,tertiary,yes,no,cellular,apr,297,,no,0
38,married,secondary,yes,no,telephone,jul,284,,no,0
44,single,primary,yes,no,cellular,jul,668,,no,0
27,single,tertiary,no,no,cellular,nov,192,92.0,yes,1
36,married,secondary,no,no,cellular,jul,449,,no,0
31,single,tertiary,no,no,cellular,aug,234,,no,0
42,single,tertiary,yes,yes,cellular,nov,125,,no,0
35,married,tertiary,yes,no,cellular,nov,104,,no,0
54,divorced,tertiary,no,no,unknown,jun,28,,no,0
30,married,secondary,yes,no,unknown,may,238,,no,0
24,single,primary,yes,yes,unknown,may,42,,no,0
33,married,secondary,yes,yes,unknown,may,982,,no,0
38,divorced,tertiary,yes,no,unknown,may,1363,,yes,0
47,divorced,secondary,no,yes,unknown,jul,224,,no,0
41,single,tertiary,no,no,cellular,nov,256,,no,0
47,divorced,tertiary,no,no,unknown,jun,368,,no,0
32,married,primary,yes,yes,unknown,may,185,,no,0
39,single,secondary,yes,no,unknown,jun,100,,no,0
40,married,secondary,yes,no,cellular,feb,561,201.0,no,1
47,married,secondary,yes,yes,cellular,nov,48,188.0,no,1
38,single,primary,no,no,cellular,jul,96,,no,0
31,married,tertiary,no,no,cellular,aug,119,,no,0
43,married,tertiary,no,no,cellular,aug,63,,no,0
47,divorced,tertiary,yes,yes,cellular,nov,203,,no,0
26,single,secondary,no,no,cellular,oct,235,175.0,no,1
32,single,secondary,yes,no,unknown,may,88,,no,0
55,married,secondary,yes,no,unknown,jun,186,,no,0
37,married,secondary,yes,yes,cellular,may,306,,no,0
34,single,unknown,yes,no,unknown,jun,145,,no,0
40,married,unknown,yes,no,telephone,jul,77,,no,0
36,married,secondary,yes,yes,unknown,jun,100,,no,0
46,married,primary,no,no,telephone,jul,46,,no,0
30,married,secondary,yes,no,cellular,nov,139,,no,0
57,married,primary,no,no,unknown,jun,67,,no,0
29,married,secondary,no,yes,unknown,may,161,,no,0
29,married,tertiary,no,no,cellular,jul,176,,no,0
32,single,secondary,yes,no,cellular,apr,601,,no,0
34,single,secondary,no,no,cellular,jul,56,,no,0
46,married,primary,yes,no,cellular,may,1063,361.0,yes,1
34,single,tertiary,yes,no,cellular,may,195,,no,0
28,single,secondary,yes,no,cellular,may,404,,no,0
48,married,unknown,no,no,cellular,jul,166,,no,0
33,married,tertiary,no,no,cellular,aug,138,,no,0
42,married,tertiary,yes,yes,unknown,may,83,,no,0
31,married,secondary,yes,no,cellular,nov,332,,no,0
47,married,secondary,no,no,unknown,jun,88,,no,0
59,single,tertiary,no,no,cellular,jul,22,,no,0
45,divorced,secondary,yes,no,cellular,nov,102,,no,0
37,divorced,secondary,yes,no,unknown,jun,48,,no,0
44,married,secondary,no,no,cellular,apr,192,,no,0
26,single,tertiary,no,no,cellular,jun,563,181.0,yes,1
32,single,secondary,no,no,cellular,aug,137,,no,0
54,married,tertiary,yes,no,unknown,may,80,,no,0
53,married,primary,no,yes,unknown,jun,182,,no,0
46,married,secondary,no,no,unknown,jun,625,,no,0
55,married,secondary,yes,no,unknown,may,106,,no,0
47,married,primary,no,no,cellular,jan,163,,no,0
37,married,primary,yes,no,unknown,may,255,,no,0
29,married,secondary,no,yes,cellular,jul,223,,no,0
36,divorced,secondary,no,no,unknown,jun,250,,no,0
27,single,secondary,no,no,cellular,may,242,,no,0
39,divorced,secondary,no,yes,cellular,jul,281,,no,0
34,single,tertiary,yes,no,cellular,may,153,176.0,no,1
32,single,secondary,yes,no,cellular,may,213,,no,0
32,married,tertiary,no,no,cellular,may,114,287.0,no,1
32,married,tertiary,yes,no,unknown,may,387,,no,0
34,married,secondary,no,no,unknown,may,388,,no,0
27,single,tertiary,yes,no,unknown,may,400,,no,0
41,single,unknown,no,no,cellular,jul,44,,no,0
42,married,secondary,yes,yes,cellular,jul,1039,,yes,0
25,married,secondary,yes,no,unknown,may,357,,no,0
52,married,secondary,yes,no,unknown,may,144,,no,0
43,divorced,unknown,no,no,cellular,apr,618,,yes,0
50,divorced,tertiary,no,no,cellular,nov,154,,no,0
25,single,secondary,yes,no,unknown,jun,172,,no,0
29,married,secondary,yes,no,cellular,apr,172,343.0,no,1
37,married,secondary,no,no,cellular,jul,438,,no,0
26,single,tertiary,yes,no,unknown,may,477,,no,0
50,married,primary,yes,no,telephone,aug,39,,no,0
57,married,primary,yes,no,unknown,jun,235,,no,0
60,divorced,tertiary,yes,no,cellular,may,242,,no,0
46,married,tertiary,no,no,cellular,aug,138,,no,0
30,single,secondary,no,yes,cellular,feb,133,8.0,no,1
51,single,secondary,yes,no,telephone,jul,126,,no,0
45,married,secondary,yes,no,cellular,jul,268,,no,0
29,single,secondary,yes,no,unknown,may,1882,,yes,0
40,married,secondary,no,no,unknown,jun,38,,no,0
47,single,tertiary,yes,yes,cellular,nov,255,378.0,no,1
50,single,unknown,no,no,cellular,may,63,,no,0
28,single,secondary,no,no,cellular,aug,166,78.0,no,1
45,married,tertiary,yes,no,cellular,jan,1972,,no,0
48,married,primary,no,no,cellular,mar,119,,no,0
38,married,secondary,yes,no,unknown,may,154,,no,0
27,single,unknown,yes,yes,cellular,may,212,312.0,no,1
35,married,tertiary,no,yes,cellular,jan,507,184.0,no,1
40,married,secondary,yes,yes,unknown,jun,22,,no,0
36,divorced,secondary,yes,no,cellular,jul,74,,no,0
46,single,secondary,yes,no,cellular,apr,138,,no,0
43,married,secondary,yes,no,unknown,may,353,,no,0
59,married,secondary,no,yes,cellular,nov,190,128.0,no,1
34,single,secondary,no,no,cellular,apr,108,,no,0
32,single,secondary,yes,no,unknown,may,1144,,no,0
55,married,tertiary,yes,no,cellular,nov,277,,no,0
54,married,secondary,yes,no,telephone,may,11,,no,0
34,married,primary,yes,no,cellular,apr,345,,no,0
30,married,secondary,yes,no,cellular,may,439,,no,0
57,married,secondary,no,no,cellular,oct,207,,yes,0
31,married,secondary,yes,no,cellular,nov,23,,no,0
49,single,secondary,yes,no,cellular,may,126,355.0,no,1
35,married,secondary,yes,no,cellular,apr,179,,no,0
34,married,tertiary,yes,no,cellular,jul,47,,no,0
50,married,secondary,yes,no,unknown,may,154,,no,0
50,married,secondary,yes,no,unknown,may,110,,no,0
58,married,tertiary,yes,yes,cellular,may,293,351.0,no,1
31,married,tertiary,yes,no,cellular,aug,104,,no,0
26,single,secondary,yes,no,unknown,may,704,,no,0
39,married,secondary,yes,no,unknown,may,175,,no,0
27,single,tertiary,yes,no,cellular,jul,131,,no,0
41,married,secondary,no,no,cellular,aug,169,,no,0
52,married,unknown,yes,no,unknown,may,165,,no,0
39,married,secondary,no,no,cellular,jul,120,,no,0
45,single,unknown,no,no,cellular,jul,148,,no,0
46,married,secondary,yes,no,unknown,may,541,,no,0
42,married,primary,yes,no,unknown,may,221,,no,0
46,married,primary,no,no,cellular,aug,59,,no,0
33,married,tertiary,no,no,cellular,aug,600,,yes,0
36,married,secondary,yes,yes,unknown,may,147,,no,0
26,single,secondary,yes,no,cellular,may,267,,no,0
51,married,secondary,yes,no,cellular,may,172,,no,0
45,married,secondary,no,no,unknown,jun,166,,no,0
38,single,secondary,no,no,unknown,jun,69,,no,0
38,married,tertiary,no,no,cellular,may,59,,no,0
25,married,secondary,yes,no,cellular,jul,189,,no,0
30,single,secondary,yes,no,cellular,may,150,370.0,no,1
43,single,secondary,no,no,cellular,aug,78,,no,0
37,divorced,secondary,no,no,cellular,jul,91,,no,0
38,single,secondary,yes,no,unknown,may,347,,no,0
33,single,secondary,no,no,cellular,may,131,,no,0
34,married,tertiary,no,no,cellular,aug,139,,no,0
27,married,secondary,no,no,cellular,jan,265,,no,0
41,married,secondary,no,no,cellular,aug,409,,no,0
33,married,tertiary,yes,no,cellular,feb,165,92.0,no,1
40,married,secondary,yes,no,unknown,jun,84,,no,0
30,single,secondary,yes,no,unknown,nov,179,,yes,0
33,single,tertiary,no,yes,cellular,feb,193,176.0,no,1
25,single,secondary,no,no,cellular,jul,266,,no,0
36,married,secondary,no,no,cellular,apr,429,,no,0
57,married,secondary,yes,yes,unknown,jun,97,,no,0
46,divorced,tertiary,yes,no,telephone,nov,249,112.0,no,1
46,married,tertiary,yes,yes,cellular,aug,243,,no,0
54,divorced,primary,yes,no,unknown,jun,642,,yes,0
31,married,secondary,yes,no,cellular,nov,631,,no,0
47,divorced,tertiary,yes,yes,unknown,may,62,,no,0
32,single,secondary,yes,no,unknown,may,66,,no,0
29,single,secondary,yes,no,cellular,feb,99,227.0,no,1
27,single,primary,yes,no,unknown,jun,157,,no,0
56,married,primary,no,no,cellular,mar,225,123.0,yes,1
57,married,secondary,no,no,cellular,aug,301,,no,0
47,married,secondary,no,yes,cellular,aug,994,,yes,0
51,married,secondary,yes,no,unknown,jun,28,,no,0
37,married,primary,yes,no,cellular,may,303,,no,0
31,single,secondary,yes,no,cellular,may,360,370.0,no,1
52,divorced,secondary,no,yes,unknown,may,91,,no,0
32,single,secondary,yes,no,unknown,jun,303,,no,0
49,single,secondary,yes,no,unknown,may,891,,no,0
56,married,primary,no,no,cellular,aug,58,,no,0
53,married,secondary,no,no,cellular,feb,210,272.0,no,1
30,married,secondary,no,no,cellular,aug,55,,no,0
30,single,secondary,yes,no,cellular,apr,401,,no,0
32,single,tertiary,no,no,cellular,aug,10,,no,0
38,married,tertiary,no,no,unknown,jun,11,,no,0
41,divorced,secondary,yes,no,cellular,jul,353,,no,0
41,married,tertiary,no,no,cellular,aug,709,,no,0
54,married,tertiary,no,no,cellular,jun,177,,yes,0
41,divorced,tertiary,yes,no,cellular,nov,176,,no,0
40,married,tertiary,yes,no,unknown,may,150,,no,0
36,divorced,secondary,no,no,unknown,jun,203,,no,0
41,single,secondary,yes,yes,cellular,aug,292,,no,0
38,married,tertiary,no,yes,cellular,nov,82,152.0,no,1
60,single,tertiary,no,no,unknown,jun,81,,no,0
37,married,secondary,yes,no,cellular,may,77,301.0,no,1
45,married,secondary,no,no,cellular,aug,299,,no,0
39,married,primary,no,no,unknown,jun,52,,no,0
56,married,secondary,yes,no,cellular,aug,97,,no,0
33,married,secondary,no,no,cellular,aug,78,,no,0
47,married,tertiary,yes,yes,cellular,nov,85,158.0,no,1
32,single,tertiary,yes,no,cellular,may,767,,yes,0
46,married,secondary,yes,no,cellular,apr,201,,no,0
46,married,secondary,no,no,cellular,nov,54,,no,0
49,married,primary,yes,no,cellular,jul,491,,yes,0
61,married,primary,no,no,cellular,nov,150,463.0,no,1
35,married,secondary,yes,no,unknown,may,17,,no,0
35,married,primary,yes,no,cellular,nov,140,,no,0
36,married,tertiary,no,no,unknown,jun,117,,no,0
25,married,secondary,yes,yes,unknown,jun,404,,no,0
49,divorced,primary,no,no,cellular,jul,126,,no,0
30,married,secondary,yes,no,unknown,may,365,,no,0
26,single,secondary,yes,yes,unknown,jun,189,,no,0
33,married,secondary,yes,yes,telephone,may,30,343.0,no,1
52,divorced,tertiary,no,no,cellular,aug,119,,no,0
46,married,tertiary,yes,no,cellular,nov,144,,no,0
26,single,secondary,yes,no,cellular,may,1091,,yes,0
71,divorced,tertiary,no,no,cellular,aug,1117,,no,0
70,married,secondary,no,no,telephone,aug,314,,yes,0
43,married,secondary,yes,no,cellular,nov,137,,no,0
31,single,secondary,no,no,cellular,feb,15,,no,0
31,single,secondary,no,no,cellular,aug,120,,no,0
38,married,primary,no,no,unknown,jun,854,,no,0
30,single,secondary,no,no,cellular,feb,154,,no,0
30,married,secondary,yes,no,unknown,may,149,,no,0
50,married,secondary,no,no,cellular,aug,66,,no,0
60,married,secondary,no,no,cellular,feb,421,,no,0
31,married,secondary,yes,no,unknown,jun,527,,no,0
47,married,secondary,yes,no,cellular,may,236,262.0,no,1
46,married,secondary,no,no,cellular,nov,231,,no,0
32,single,tertiary,no,no,cellular,jul,166,163.0,no,1
42,divorced,tertiary,yes,no,unknown,jun,9,,no,0
24,married,primary,yes,no,unknown,may,165,,no,0
77,married,unknown,yes,no,cellular,oct,221,183.0,yes,1
48,married,tertiary,yes,no,cellular,may,20,291.0,no,1
28,single,tertiary,yes,no,cellular,jul,275,,no,0
41,married,tertiary,no,no,cellular,jan,41,266.0,no,1
34,married,secondary,yes,no,cellular,apr,258,,no,0
54,married,secondary,no,no,telephone,nov,483,,no,0
34,married,secondary,yes,yes,cellular,apr,248,,no,0
50,married,primary,no,no,cellular,aug,72,,no,0
36,married,secondary,yes,no,unknown,may,260,,no,0
28,married,secondary,yes,yes,unknown,may,170,,no,0
31,married,tertiary,yes,no,cellular,feb,105,,no,0
86,married,primary,no,no,telephone,jul,247,180.0,yes,1
38,married,tertiary,yes,no,unknown,may,124,,no,0
39,single,unknown,yes,no,unknown,jun,1121,,no,0
50,divorced,secondary,no,no,cellular,aug,102,,no,0
52,married,secondary,yes,no,unknown,may,150,,no,0
36,married,tertiary,yes,no,cellular,nov,48,,no,0
28,single,secondary,yes,no,unknown,may,263,,no,0
52,married,secondary,yes,yes,cellular,aug,75,,no,0
56,divorced,secondary,yes,no,unknown,may,155,,no,0
28,single,tertiary,no,no,cellular,sep,255,93.0,yes,1
27,married,tertiary,no,yes,cellular,jul,159,,no,0
50,married,tertiary,yes,no,cellular,apr,874,108.0,no,1
28,single,secondary,yes,no,unknown,may,66,,no,0
27,single,tertiary,no,yes,cellular,jul,535,,no,0
35,married,primary,yes,no,unknown,may,163,,no,0
32,single,tertiary,no,no,cellular,feb,298,,no,0
44,divorced,secondary,no,no,cellular,aug,69,,no,0
39,married,primary,no,no,telephone,jul,389,,no,0
56,single,tertiary,no,no,unknown,may,148,,no,0
34,divorced,primary,yes,no,cellular,apr,306,,no,0
54,married,primary,no,no,cellular,aug,254,,no,0
28,married,secondary,no,yes,unknown,may,79,,no,0
46,single,primary,yes,no,unknown,may,320,,no,0
50,married,secondary,no,no,cellular,aug,946,,yes,0
39,single,secondary,yes,no,unknown,may,288,,no,0
35,married,secondary,yes,no,cellular,jul,488,,no,0
43,married,primary,no,no,cellular,mar,154,,yes,0
54,married,secondary,yes,no,unknown,may,220,,no,0
45,married,secondary,no,no,cellular,aug,96,,no,0
31,married,primary,yes,no,unknown,may,245,,no,0
29,married,tertiary,yes,no,cellular,jan,90,245.0,no,1
48,married,tertiary,yes,no,unknown,may,286,,no,0
27,single,tertiary,yes,no,unknown,may,187,,no,0
58,married,secondary,yes,yes,cellular,apr,75,,no,0
25,single,secondary,no,yes,cellular,jul,30,,no,0
31,single,primary,no,no,telephone,nov,59,,no,0
33,married,secondary,no,no,cellular,feb,359,92.0,yes,1
28,single,primary,no,no,cellular,feb,976,,yes,0
41,married,secondary,yes,no,cellular,apr,231,,no,0
60,married,secondary,no,no,telephone,oct,167,,no,0
53,married,secondary,yes,no,cellular,may,407,,no,0
45,married,secondary,no,no,cellular,jul,89,,no,0
46,married,primary,yes,yes,cellular,may,181,,no,0
41,married,tertiary,no,no,cellular,aug,286,,no,0
34,married,tertiary,yes,no,unknown,jun,372,,no,0
43,married,secondary,yes,yes,cellular,may,644,355.0,no,1
28,single,secondary,yes,no,unknown,may,741,,yes,0
31,single,secondary,no,no,cellular,feb,103,,no,0
34,married,secondary,yes,yes,cellular,jul,50,,no,0
28,single,secondary,yes,no,cellular,may,528,,no,0
26,married,secondary,no,yes,cellular,jul,222,,no,0
32,married,secondary,yes,yes,cellular,jul,73,,no,0
31,married,secondary,yes,no,cellular,jan,155,,no,0
31,single,secondary,yes,no,cellular,jul,1056,,no,0
42,married,secondary,yes,no,cellular,jul,38,,no,0
34,single,tertiary,yes,no,unknown,may,222,,no,0
50,divorced,secondary,no,no,unknown,jun,61,,no,0
44,married,secondary,yes,no,cellular,may,894,,yes,0
24,single,unknown,no,no,cellular,may,424,,no,0
44,divorced,secondary,yes,no,cellular,may,55,171.0,no,1
35,single,secondary,yes,no,unknown,jun,126,,no,0
49,married,secondary,yes,no,telephone,aug,19,,no,0
51,married,tertiary,no,yes,cellular,jul,222,,no,0
42,married,secondary,no,no,cellular,jul,108,,no,0
60,divorced,secondary,no,no,cellular,oct,187,213.0,yes,1
41,married,secondary,yes,no,unknown,may,240,,no,0
34,married,secondary,yes,no,unknown,may,124,,no,0
80,married,primary,no,no,cellular,aug,331,,no,0
30,single,tertiary,yes,no,cellular,jul,284,,no,0
28,single,tertiary,yes,no,cellular,may,911,336.0,no,1
33,married,secondary,yes,no,unknown,may,206,,no,0
31,single,secondary,yes,no,cellular,apr,370,,no,0
28,single,tertiary,yes,yes,cellular,feb,329,,no,0
40,married,tertiary,yes,no,cellular,apr,110,,no,0
46,single,primary,no,no,cellular,oct,167,,no,0
32,married,secondary,yes,no,unknown,may,178,,no,0
30,married,secondary,yes,yes,cellular,jul,137,,no,0
48,married,secondary,yes,no,cellular,may,328,182.0,yes,1
31,single,secondary,yes,no,unknown,jun,455,,no,0
35,married,secondary,yes,yes,cellular,may,247,,no,0
35,single,secondary,no,yes,cellular,aug,115,,no,0
30,married,secondary,yes,no,cellular,jul,255,,yes,0
27,single,secondary,no,no,cellular,jul,13,,no,0
32,divorced,secondary,no,yes,cellular,jul,91,,no,0
41,married,tertiary,yes,yes,unknown,may,210,,no,0
48,single,tertiary,no,no,unknown,jun,130,,no,0
36,married,tertiary,no,no,unknown,jun,175,,no,0
53,married,secondary,yes,no,unknown,may,103,,no,0
40,married,primary,yes,no,cellular,jul,905,,no,0
34,divorced,tertiary,no,no,unknown,jun,120,,no,0
54,married,tertiary,yes,yes,cellular,jul,11,,no,0
52,married,tertiary,yes,yes,unknown,jun,311,,no,0
25,single,secondary,no,yes,cellular,jul,264,,no,0
27,single,secondary,yes,no,cellular,may,466,,no,0
43,married,tertiary,no,no,cellular,aug,180,,no,0
26,single,tertiary,yes,no,cellular,may,413,,no,0
39,married,secondary,no,yes,cellular,jul,441,,no,0
56,divorced,primary,no,no,cellular,jun,144,,no,0
36,single,secondary,yes,no,cellular,apr,490,,no,0
30,single,secondary,yes,no,cellular,feb,1121,,yes,0
55,married,tertiary,no,no,cellular,jun,97,,no,0
41,single,tertiary,no,no,cellular,jul,196,88.0,yes,1
27,single,secondary,no,no,cellular,jan,180,,no,0
40,divorced,secondary,yes,no,cellular,feb,113,,no,0
33,married,primary,yes,no,unknown,may,116,,no,0
32,married,tertiary,yes,no,cellular,may,159,350.0,no,1
33,single,secondary,no,no,cellular,aug,7,,no,0
26,single,secondary,yes,no,cellular,may,457,,no,0
40,divorced,unknown,no,no,unknown,jun,66,,no,0
40,married,secondary,yes,yes,telephone,nov,72,,no,0
46,divorced,secondary,yes,yes,cellular,jul,132,,no,0
26,married,tertiary,no,no,cellular,jan,169,,no,0
31,divorced,secondary,yes,no,unknown,may,150,,no,0
41,divorced,secondary,no,yes,unknown,jun,289,,no,0
25,divorced,tertiary,no,yes,unknown,may,350,,no,0
58,married,secondary,no,no,cellular,aug,364,,no,0
77,married,secondary,no,no,telephone,jul,426,184.0,yes,1
39,married,primary,no,no,unknown,jun,314,,no,0
31,married,tertiary,no,no,cellular,nov,74,,no,0
32,married,tertiary,yes,no,unknown,may,91,,no,0
33,married,secondary,yes,no,cellular,nov,110,182.0,no,1
42,married,secondary,yes,no,cellular,aug,60,,no,0
24,single,secondary,yes,no,unknown,may,106,,no,0
34,single,secondary,no,no,cellular,aug,195,,no,0
35,married,secondary,no,no,cellular,aug,159,78.0,no,1
60,married,secondary,no,no,cellular,sep,303,792.0,yes,1
36,single,unknown,no,no,unknown,jun,387,,no,0
43,single,primary,yes,no,cellular,nov,53,183.0,no,1
57,married,secondary,yes,no,unknown,may,122,,no,0
39,married,secondary,yes,no,cellular,may,318,,no,0
31,married,secondary,no,yes,cellular,feb,190,,no,0
27,single,tertiary,no,no,cellular,aug,217,87.0,yes,1
36,single,secondary,yes,yes,unknown,may,117,,no,0
35,married,secondary,yes,no,cellular,nov,393,201.0,yes,1
49,married,secondary,yes,no,telephone,may,354,,no,0
45,married,secondary,no,yes,cellular,feb,102,,no,0
33,single,secondary,yes,no,cellular,may,298,,no,0
33,married,secondary,no,no,cellular,may,317,181.0,yes,1
29,single,tertiary,no,no,cellular,jan,212,,no,0
31,single,secondary,yes,no,unknown,jun,16,,no,0
43,married,secondary,yes,yes,unknown,may,412,,no,0
27,married,tertiary,no,yes,cellular,jul,133,,no,0
26,single,unknown,no,no,cellular,apr,121,63.0,no,1
42,married,secondary,no,no,cellular,jul,458,,no,0
46,divorced,secondary,no,no,cellular,aug,530,,no,0
46,single,secondary,yes,no,telephone,nov,82,,no,0
41,married,primary,yes,no,unknown,may,153,,no,0
32,married,secondary,no,no,unknown,may,116,,no,0
32,married,tertiary,yes,no,cellular,nov,164,195.0,no,1
47,married,primary,no,no,cellular,aug,356,,no,0
43,married,primary,yes,no,telephone,apr,165,327.0,yes,1
26,married,secondary,yes,yes,cellular,may,466,,no,0
51,divorced,tertiary,yes,no,cellular,jan,93,2.0,no,1
32,divorced,secondary,yes,no,cellular,may,118,260.0,no,1
59,married,tertiary,no,no,cellular,feb,111,,no,0
34,married,primary,yes,no,unknown,may,362,,no,0
56,single,primary,no,no,unknown,jun,83,,no,0
28,married,secondary,yes,no,cellular,apr,728,316.0,no,1
46,married,primary,no,yes,telephone,jul,93,,no,0
29,single,secondary,no,no,cellular,feb,502,,no,0
53,married,secondary,no,yes,unknown,jun,193,,no,0
35,married,secondary,yes,no,cellular,oct,102,96.0,no,1
39,married,secondary,no,no,unknown,jun,97,,no,0
46,married,tertiary,no,no,cellular,nov,716,110.0,yes,1
38,married,secondary,yes,no,telephone,may,168,288.0,no,1
34,married,tertiary,yes,no,cellular,feb,449,,no,0
45,divorced,secondary,yes,yes,cellular,apr,251,329.0,no,1
54,married,secondary,yes,no,cellular,may,322,343.0,no,1
29,married,secondary,yes,no,cellular,apr,961,334.0,yes,1
53,married,secondary,no,no,cellular,jul,274,,no,0
48,married,secondary,yes,yes,unknown,jun,251,,no,0
28,married,secondary,yes,yes,cellular,may,523,,no,0
29,single,secondary,no,no,cellular,mar,41,,no,0
57,married,secondary,yes,no,telephone,may,296,287.0,no,1
45,married,primary,no,no,cellular,aug,133,,no,0
48,married,unknown,yes,no,unknown,may,189,,no,0
38,single,tertiary,yes,no,cellular,apr,1176,,yes,0
53,divorced,tertiary,yes,no,cellular,may,17,,no,0
21,single,primary,no,no,unknown,oct,5,,no,0
51,married,primary,no,no,unknown,jun,309,,no,0
30,single,tertiary,no,no,cellular,jun,111,,no,0
57,divorced,secondary,no,no,cellular,nov,655,,no,0
37,married,secondary,yes,yes,cellular,may,55,,no,0
32,divorced,secondary,yes,no,unknown,jun,216,,no,0
52,married,secondary,no,no,cellular,nov,174,,no,0
33,married,tertiary,yes,yes,cellular,jul,551,,no,0
25,single,tertiary,no,no,cellular,may,176,,yes,0
57,married,tertiary,no,no,cellular,aug,188,,no,0
42,married,secondary,no,no,cellular,may,144,,no,0
27,single,secondary,yes,no,unknown,may,67,,no,0
46,married,secondary,yes,no,cellular,may,157,,no,0
43,single,tertiary,yes,no,unknown,may,30,,no,0
60,married,secondary,no,no,cellular,aug,355,,no,0
45,married,secondary,yes,no,unknown,may,125,,no,0
28,single,secondary,yes,no,cellular,may,256,,no,0
57,divorced,secondary,no,yes,cellular,jul,407,,no,0
29,single,secondary,no,no,unknown,aug,26,,no,0
28,single,secondary,yes,no,cellular,may,27,345.0,no,1
40,single,tertiary,yes,no,unknown,may,243,,no,0
40,married,secondary,yes,no,cellular,jul,464,,no,0
34,married,secondary,yes,yes,cellular,feb,215,221.0,no,1
33,single,secondary,no,no,cellular,aug,178,,no,0
49,married,secondary,no,yes,cellular,jul,246,,no,0
43,single,tertiary,yes,no,cellular,jul,316,,no,0
47,married,secondary,no,no,cellular,nov,81,,no,0
32,single,secondary,no,no,cellular,nov,48,,no,0
28,single,primary,yes,no,cellular,jul,108,,no,0
31,married,secondary,no,no,cellular,jul,77,,no,0
31,married,tertiary,yes,yes,cellular,nov,156,,no,0
25,married,tertiary,yes,no,cellular,jul,278,,no,0
36,married,secondary,yes,no,unknown,jun,94,,no,0
35,single,tertiary,no,no,cellular,nov,696,88.0,yes,1
31,divorced,secondary,no,yes,telephone,nov,278,,no,0
54,married,tertiary,no,no,cellular,jun,157,,yes,0
26,divorced,tertiary,no,no,telephone,jun,177,,no,0
55,married,tertiary,no,no,cellular,nov,501,,no,0
41,married,primary,yes,no,cellular,may,192,168.0,no,1
30,single,tertiary,no,no,cellular,aug,377,,no,0
46,divorced,secondary,no,no,cellular,jul,573,,yes,0
48,married,secondary,no,no,cellular,feb,85,8.0,no,1
32,married,secondary,no,no,cellular,jul,269,,no,0
56,divorced,unknown,no,no,unknown,jun,67,,no,0
60,married,primary,no,no,cellular,aug,2191,,no,0
40,divorced,secondary,yes,no,unknown,may,58,,no,0
59,married,secondary,yes,no,cellular,may,139,350.0,no,1
32,married,unknown,yes,no,cellular,nov,158,135.0,no,1
34,married,secondary,yes,no,cellular,feb,107,,no,0
32,married,secondary,yes,no,cellular,jul,223,,no,0
65,married,secondary,no,no,cellular,sep,255,96.0,yes,1
73,married,primary,no,no,cellular,mar,176,,yes,0
49,married,primary,yes,no,cellular,jul,42,,no,0
46,married,primary,yes,no,telephone,nov,107,167.0,no,1
53,married,secondary,yes,yes,unknown,may,178,,no,0
35,single,unknown,yes,no,cellular,may,245,,no,0
33,single,primary,yes,no,cellular,may,74,290.0,no,1
37,married,secondary,yes,no,unknown,jun,602,,no,0
26,single,tertiary,no,no,cellular,jun,479,,yes,0
33,married,tertiary,yes,no,cellular,nov,465,95.0,no,1
50,married,primary,no,no,cellular,jan,93,,no,0
43,married,secondary,yes,no,cellular,nov,31,,no,0
43,married,primary,yes,yes,cellular,feb,110,208.0,no,1
63,married,secondary,no,no,telephone,nov,93,,no,0
40,single,secondary,yes,no,unknown,may,168,,no,0
61,married,secondary,no,no,cellular,jul,392,183.0,yes,1
45,married,secondary,yes,no,telephone,aug,18,,no,0
36,married,tertiary,yes,no,cellular,may,603,,no,0
52,married,unknown,yes,no,unknown,may,845,,yes,0
44,married,primary,no,no,cellular,jul,156,,no,0
45,married,tertiary,no,no,cellular,aug,149,,no,0
32,married,secondary,yes,no,cellular,may,145,,no,0
36,divorced,tertiary,yes,no,cellular,may,623,,no,0
36,single,secondary,no,no,cellular,jan,771,,yes,0
33,married,secondary,yes,no,unknown,may,132,,no,0
41,married,unknown,no,no,unknown,may,529,,no,0
52,married,primary,yes,no,cellular,aug,76,,no,0
24,single,primary,no,no,cellular,apr,551,,yes,0
44,married,tertiary,no,no,cellular,jun,136,83.0,no,1
71,married,primary,no,no,cellular,nov,186,98.0,yes,1
49,married,secondary,no,no,cellular,aug,356,,no,0
30,single,tertiary,yes,yes,unknown,may,601,,no,0
55,married,primary,no,no,unknown,sep,15,,no,0
58,married,primary,no,no,unknown,oct,5,,no,0
32,married,primary,no,no,cellular,jul,91,,no,0
31,single,tertiary,no,no,cellular,aug,241,,no,0
50,married,secondary,no,no,cellular,nov,530,,yes,0
58,married,tertiary,yes,no,unknown,may,261,,no,0
43,married,secondary,yes,no,unknown,may,160,,no,0
36,single,tertiary,yes,no,cellular,aug,102,101.0,no,1
51,married,unknown,no,no,unknown,jun,312,,no,0
44,married,secondary,yes,no,cellular,feb,200,253.0,no,1
55,married,primary,yes,yes,telephone,jul,184,,no,0
24,single,secondary,yes,no,cellular,apr,385,,no,0
46,divorced,secondary,yes,yes,cellular,apr,298,,no,0
41,married,primary,yes,no,unknown,may,374,,no,0
60,married,unknown,no,no,cellular,aug,664,,yes,0
67,married,unknown,no,no,cellular,aug,320,,no,0
59,married,secondary,no,no,cellular,aug,301,,no,0
33,married,secondary,no,no,cellular,aug,106,,no,0
32,married,secondary,yes,no,unknown,may,459,,no,0
45,divorced,primary,yes,no,unknown,may,1030,,yes,0
41,married,secondary,yes,no,cellular,nov,291,,no,0
44,married,secondary,yes,yes,unknown,may,821,,no,0
30,single,tertiary,no,no,cellular,nov,80,,no,0
26,single,secondary,no,no,cellular,oct,63,63.0,no,1
43,married,primary,no,no,cellular,jul,203,,no,0
39,single,primary,yes,no,cellular,nov,186,181.0,no,1
53,married,secondary,yes,no,cellular,aug,123,,no,0
54,married,secondary,yes,no,unknown,may,205,,no,0
49,married,secondary,no,no,cellular,aug,135,,no,0
46,married,primary,yes,no,unknown,may,204,,no,0
31,single,tertiary,no,no,cellular,jul,361,229.0,yes,1
39,married,primary,no,no,cellular,feb,906,,yes,0
40,married,secondary,yes,yes,cellular,apr,389,266.0,no,1
34,divorced,tertiary,no,no,telephone,aug,77,,no,0
55,married,secondary,yes,no,unknown,jun,364,,no,0
39,married,primary,yes,no,unknown,jul,165,745.0,no,1
30,single,tertiary,no,no,cellular,apr,306,,yes,0
38,married,tertiary,yes,yes,cellular,jul,156,,no,0
57,married,secondary,no,no,telephone,jul,132,,no,0
33,single,tertiary,yes,no,unknown,may,296,,no,0
34,married,primary,no,no,unknown,jul,746,,no,0
37,single,secondary,yes,no,unknown,may,207,,no,0
38,single,secondary,yes,no,cellular,apr,271,307.0,no,1
34,married,secondary,no,no,cellular,jul,238,,no,0
36,married,secondary,no,no,unknown,may,80,,no,0
37,divorced,secondary,yes,yes,unknown,may,224,,no,0
29,married,secondary,no,no,cellular,sep,367,91.0,no,1
40,divorced,secondary,no,yes,unknown,may,245,,no,0
43,married,tertiary,no,no,cellular,aug,248,,no,0
31,married,tertiary,yes,no,unknown,may,90,,no,0
60,married,primary,no,no,telephone,feb,447,,no,0
32,single,tertiary,yes,no,cellular,may,18,,no,0
34,married,secondary,yes,no,unknown,may,420,,no,0
40,married,tertiary,yes,yes,cellular,aug,264,,no,0
46,married,tertiary,yes,no,cellular,jul,569,,no,0
26,married,secondary,yes,yes,cellular,jul,21,,no,0
41,married,tertiary,yes,no,telephone,jul,552,,no,0
44,married,primary,no,no,cellular,jul,99,,no,0
33,single,tertiary,no,no,cellular,aug,143,,no,0
39,single,tertiary,no,no,cellular,aug,195,,no,0
61,married,tertiary,no,no,cellular,jul,336,259.0,yes,1
49,married,primary,yes,yes,cellular,feb,257,,no,0
58,married,primary,no,no,unknown,jun,199,,no,0
27,divorced,unknown,yes,no,cellular,jul,153,,no,0
30,single,tertiary,yes,no,unknown,may,1697,,yes,0
31,married,secondary,no,no,cellular,jun,327,77.0,yes,1
58,married,secondary,no,no,cellular,aug,141,,no,0
51,divorced,secondary,yes,no,cellular,may,107,173.0,no,1
58,married,primary,no,no,unknown,jun,112,,no,0
32,single,tertiary,no,no,cellular,feb,152,160.0,yes,1
57,married,primary,yes,yes,telephone,jul,107,,no,0
43,married,secondary,no,no,cellular,aug,108,,no,0
26,married,primary,yes,yes,unknown,may,446,,no,0
41,married,secondary,yes,no,cellular,nov,63,,no,0
24,married,secondary,yes,yes,cellular,may,278,343.0,no,1
42,married,secondary,yes,no,cellular,nov,76,,no,0
53,divorced,primary,no,no,telephone,nov,241,92.0,yes,1
72,married,primary,no,no,telephone,oct,513,,yes,0
37,single,primary,yes,no,unknown,jun,429,,no,0
43,married,tertiary,no,no,cellular,aug,324,,no,0
26,single,tertiary,yes,no,cellular,apr,132,,no,0
38,married,secondary,no,no,unknown,jun,90,,no,0
31,single,tertiary,no,no,cellular,jun,1161,97.0,yes,1
62,married,secondary,no,no,cellular,aug,288,1.0,yes,1
41,married,secondary,yes,no,unknown,jul,136,,no,0
36,divorced,secondary,yes,no,cellular,nov,154,189.0,no,1
55,divorced,primary,no,no,cellular,jul,463,,yes,0
71,married,primary,no,no,telephone,apr,130,,yes,0
27,single,tertiary,yes,no,cellular,may,272,357.0,no,1
41,divorced,tertiary,yes,yes,cellular,jul,106,,no,0
22,single,tertiary,no,no,cellular,nov,260,103.0,yes,1
32,married,primary,no,no,cellular,may,104,,no,0
27,single,secondary,yes,no,cellular,may,74,,no,0
40,single,secondary,no,no,unknown,jun,122,,no,0
49,married,secondary,no,no,cellular,aug,428,,no,0
35,married,secondary,no,yes,unknown,jun,123,,no,0
45,married,tertiary,no,no,cellular,aug,163,,no,0
79,married,primary,no,no,cellular,dec,166,126.0,yes,1
49,married,secondary,yes,no,cellular,feb,392,,no,0
58,divorced,primary,no,yes,cellular,apr,469,,no,0
29,single,unknown,yes,no,unknown,jun,94,,no,0
33,single,tertiary,yes,no,cellular,may,202,263.0,no,1
31,single,tertiary,no,no,cellular,aug,265,,no,0
60,married,primary,no,no,telephone,apr,141,,no,0
27,married,primary,yes,no,cellular,may,16,365.0,no,1
45,single,tertiary,no,no,cellular,may,114,,no,0
42,married,secondary,no,no,cellular,nov,158,,no,0
30,married,secondary,yes,no,unknown,may,137,,no,0
34,married,tertiary,yes,no,cellular,aug,726,,no,0
41,married,unknown,yes,no,cellular,apr,229,,no,0
31,married,secondary,yes,no,cellular,nov,394,179.0,no,1
44,married,secondary,no,no,cellular,aug,211,,no,0
36,married,tertiary,no,no,cellular,aug,123,,no,0
30,single,secondary,no,no,cellular,apr,111,,no,0
58,married,primary,yes,no,cellular,aug,206,461.0,yes,1
54,married,primary,no,no,unknown,jun,348,,no,0
40,divorced,secondary,yes,yes,cellular,jul,53,,no,0
28,single,secondary,no,yes,cellular,jul,623,,no,0
50,married,secondary,yes,yes,cellular,jul,182,,no,0
30,married,secondary,yes,no,cellular,may,146,,no,0
43,married,tertiary,yes,no,cellular,nov,146,,no,0
31,married,secondary,yes,no,cellular,nov,427,,no,0
34,single,tertiary,no,no,cellular,aug,183,,no,0
51,divorced,tertiary,yes,no,cellular,jul,208,,no,0
23,single,tertiary,no,no,cellular,apr,44,,no,0
51,divorced,secondary,yes,no,unknown,may,285,,no,0
41,married,tertiary,yes,yes,cellular,jul,244,,no,0
49,married,secondary,no,no,cellular,jul,179,,no,0
31,single,secondary,no,yes,cellular,oct,141,126.0,no,1
38,married,secondary,no,yes,cellular,jul,1473,,no,0
42,single,secondary,no,no,cellular,aug,656,,no,0
30,married,tertiary,yes,no,unknown,may,51,,no,0
36,single,tertiary,yes,yes,cellular,apr,1184,,no,0
39,divorced,secondary,yes,no,unknown,may,226,,no,0
38,married,tertiary,yes,no,cellular,jul,48,,no,0
53,married,tertiary,yes,no,cellular,may,84,343.0,no,1
58,married,secondary,no,no,cellular,aug,84,,no,0
43,married,secondary,yes,yes,unknown,may,185,,no,0
60,divorced,secondary,no,no,cellular,may,282,,no,0
37,married,tertiary,no,yes,unknown,jun,338,,no,0
59,married,tertiary,yes,no,cellular,jul,796,,no,0
51,married,secondary,no,no,cellular,aug,122,,no,0
41,married,primary,yes,no,unknown,may,393,,no,0
58,married,primary,no,no,cellular,jul,1721,,yes,0
48,single,secondary,yes,yes,cellular,jul,143,,no,0
34,married,primary,yes,yes,telephone,apr,599,275.0,no,1
40,single,secondary,yes,no,cellular,may,67,,no,0
54,married,tertiary,no,no,cellular,aug,748,,no,0
39,divorced,tertiary,no,no,cellular,may,488,,yes,0
36,married,secondary,no,no,cellular,aug,129,,no,0
58,divorced,tertiary,no,no,unknown,may,525,,no,0
58,married,secondary,no,yes,cellular,aug,248,182.0,yes,1
35,divorced,secondary,no,no,unknown,may,186,,no,0
26,divorced,secondary,yes,no,unknown,may,136,,no,0
37,married,primary,yes,no,telephone,feb,51,,no,0
43,single,tertiary,no,no,cellular,dec,821,242.0,yes,1
31,single,secondary,no,no,cellular,apr,87,,no,0
27,married,primary,yes,no,unknown,jun,550,,no,0
52,married,tertiary,no,no,unknown,jun,315,,no,0
30,single,tertiary,no,no,cellular,aug,144,,no,0
29,single,secondary,yes,no,unknown,jun,269,,no,0
30,married,secondary,yes,yes,unknown,may,1073,,yes,0
45,divorced,primary,no,no,cellular,aug,489,,yes,0
57,married,secondary,no,no,unknown,may,248,,no,0
43,married,secondary,yes,no,unknown,may,293,,no,0
43,married,primary,no,yes,cellular,jul,564,,no,0
30,married,secondary,no,no,cellular,jul,168,,no,0
31,married,secondary,no,yes,cellular,jul,75,,no,0
34,married,secondary,no,no,cellular,may,77,,no,0
50,married,tertiary,yes,no,cellular,nov,30,,no,0
55,divorced,tertiary,yes,no,unknown,may,34,,no,0
40,married,unknown,no,no,unknown,may,75,,no,0
42,married,tertiary,yes,no,cellular,may,135,176.0,no,1
29,married,secondary,yes,no,cellular,may,112,349.0,no,1
34,married,tertiary,no,no,cellular,nov,111,104.0,no,1
35,single,unknown,no,no,cellular,apr,143,186.0,no,1
34,married,secondary,yes,no,unknown,may,344,,no,0
27,married,secondary,no,no,cellular,dec,196,197.0,yes,1
27,single,secondary,yes,no,cellular,may,188,,no,0
23,single,secondary,no,no,cellular,jun,200,,no,0
44,single,secondary,no,yes,cellular,jul,1153,,yes,0
30,single,secondary,yes,yes,cellular,jun,167,416.0,no,1
60,married,primary,no,no,cellular,aug,115,,no,0
32,married,tertiary,no,no,cellular,aug,92,,no,0
38,single,tertiary,yes,no,cellular,sep,387,188.0,no,1
48,married,secondary,no,no,unknown,jun,700,,no,0
20,single,unknown,no,no,cellular,sep,158,,no,0
41,married,tertiary,no,no,cellular,oct,257,,yes,0
42,single,secondary,no,no,unknown,jun,56,,no,0
54,married,tertiary,yes,no,telephone,jul,272,,no,0
52,married,primary,yes,no,unknown,may,734,,no,0
24,married,secondary,no,no,unknown,may,94,,no,0
26,single,tertiary,no,no,cellular,aug,243,,no,0
29,married,tertiary,yes,no,unknown,may,119,,no,0
40,married,secondary,no,no,telephone,nov,192,,no,0
57,divorced,primary,no,no,unknown,jun,43,,no,0
41,married,primary,no,no,unknown,jun,322,,no,0
34,single,secondary,no,no,telephone,aug,122,109.0,no,1
31,married,secondary,yes,yes,unknown,may,254,,no,0
42,divorced,tertiary,no,no,telephone,jul,316,,no,0
30,single,secondary,yes,yes,cellular,apr,66,346.0,no,1
39,divorced,secondary,no,no,unknown,may,184,,no,0
31,single,tertiary,no,no,telephone,apr,107,80.0,no,1
42,married,primary,yes,no,cellular,nov,1057,,yes,0
34,married,secondary,yes,no,cellular,may,275,,no,0
29,single,secondary,yes,no,unknown,may,166,,no,0
27,single,secondary,yes,yes,unknown,may,83,,no,0
54,married,secondary,yes,no,cellular,apr,581,,no,0
19,single,secondary,no,no,cellular,apr,106,,no,0
42,married,primary,yes,no,cellular,apr,82,,no,0
37,married,secondary,no,no,cellular,nov,48,,no,0
29,single,secondary,yes,no,unknown,may,179,,no,0
40,married,secondary,yes,no,unknown,may,125,,no,0
40,single,primary,yes,no,cellular,may,308,367.0,no,1
33,single,secondary,no,no,cellular,feb,175,,no,0
50,divorced,secondary,no,no,cellular,may,128,,no,0
38,single,tertiary,no,no,cellular,aug,118,,no,0
27,single,tertiary,yes,no,unknown,may,456,,no,0
47,married,unknown,no,no,cellular,apr,900,86.0,yes,1
66,married,primary,no,no,cellular,feb,479,,yes,0
32,single,secondary,no,no,cellular,aug,278,,no,0
39,married,primary,yes,no,unknown,may,311,,no,0
45,divorced,primary,no,no,cellular,nov,110,,no,0
37,divorced,secondary,yes,no,cellular,nov,106,167.0,no,1
30,married,secondary,yes,no,cellular,may,416,,no,0
30,single,tertiary,no,no,cellular,feb,227,,yes,0
32,single,tertiary,yes,no,cellular,aug,131,,no,0
37,married,secondary,yes,no,cellular,may,365,36.0,no,1
35,married,secondary,yes,no,unknown,may,247,,no,0
30,single,tertiary,yes,no,cellular,jul,283,,no,0
36,married,tertiary,no,no,cellular,nov,115,,no,0
32,married,tertiary,no,no,cellular,aug,297,,no,0
30,single,secondary,yes,yes,cellular,may,292,,no,0
46,divorced,tertiary,no,yes,cellular,jul,251,,no,0
28,married,secondary,yes,no,unknown,may,167,,no,0
32,married,tertiary,no,no,cellular,aug,101,,no,0
42,married,primary,no,yes,cellular,jul,199,,no,0
55,divorced,secondary,no,yes,cellular,jul,116,,no,0
47,married,secondary,yes,no,cellular,apr,91,,no,0
60,married,secondary,yes,no,unknown,may,110,,no,0
48,single,tertiary,no,no,unknown,jun,216,,no,0
40,married,tertiary,yes,no,telephone,oct,138,,yes,0
35,married,primary,yes,yes,unknown,jun,18,,no,0
35,single,tertiary,yes,yes,cellular,may,542,,yes,0
47,married,primary,no,no,cellular,aug,864,,no,0
50,married,unknown,yes,no,unknown,jun,162,,no,0
27,married,secondary,yes,no,unknown,may,138,,no,0
37,married,tertiary,yes,no,unknown,may,219,,no,0
44,married,primary,yes,no,unknown,may,362,,no,0
27,single,secondary,yes,no,unknown,may,297,,no,0
37,single,secondary,no,no,telephone,apr,426,179.0,yes,1
60,married,tertiary,no,no,cellular,aug,415,186.0,yes,1
34,single,tertiary,no,yes,cellular,aug,274,,no,0
40,married,secondary,yes,no,unknown,may,29,,no,0
66,married,tertiary,no,no,cellular,apr,155,,no,0
33,single,secondary,yes,no,cellular,may,235,361.0,no,1
58,married,tertiary,no,no,cellular,aug,16,,no,0
39,divorced,secondary,yes,no,unknown,may,109,,no,0
31,single,secondary,no,no,cellular,apr,342,,yes,0
37,single,secondary,yes,no,cellular,jul,124,,no,0
31,married,secondary,no,no,cellular,aug,436,,no,0
24,single,secondary,yes,no,unknown,may,181,,no,0
54,divorced,tertiary,no,no,cellular,may,226,186.0,no,1
39,married,secondary,yes,no,unknown,may,136,,no,0
32,married,primary,yes,yes,cellular,apr,180,284.0,no,1
50,married,tertiary,yes,no,telephone,jul,59,,no,0
31,married,tertiary,no,no,cellular,aug,130,,no,0
36,married,tertiary,no,no,cellular,oct,237,122.0,no,1
42,married,tertiary,no,no,cellular,aug,118,,no,0
38,married,tertiary,yes,yes,cellular,feb,113,,no,0
51,married,secondary,yes,no,unknown,may,267,,no,0
52,married,tertiary,no,no,cellular,aug,115,,no,0
47,married,primary,no,yes,cellular,aug,492,,no,0
45,married,secondary,yes,no,unknown,may,179,,no,0
31,single,tertiary,no,yes,cellular,jul,509,,yes,0
26,single,tertiary,no,no,cellular,sep,113,100.0,no,1
25,married,secondary,yes,no,cellular,jul,104,,no,0
29,single,secondary,no,no,unknown,jul,12,514.0,no,1
50,divorced,secondary,yes,no,cellular,apr,715,152.0,no,1
36,single,tertiary,no,no,cellular,jan,859,235.0,no,1
34,married,unknown,yes,no,unknown,may,328,,no,0
25,single,unknown,yes,no,unknown,may,65,,no,0
28,single,secondary,yes,no,cellular,may,136,359.0,no,1
31,married,secondary,yes,no,unknown,may,36,,no,0
30,married,tertiary,yes,no,cellular,may,149,362.0,no,1
41,married,secondary,yes,no,unknown,may,518,,no,0
57,divorced,tertiary,no,no,cellular,jun,867,84.0,yes,1
34,single,tertiary,yes,no,cellular,may,767,,yes,0
53,married,primary,no,no,cellular,jan,82,,no,0
44,divorced,primary,yes,no,cellular,may,234,356.0,no,1
49,married,primary,yes,no,unknown,jun,350,,no,0
48,married,secondary,no,no,cellular,aug,142,,no,0
57,married,tertiary,yes,no,telephone,nov,14,,no,0
38,married,secondary,no,no,cellular,oct,163,91.0,no,1
25,single,tertiary,no,no,cellular,oct,366,,no,0
39,single,tertiary,yes,no,cellular,feb,224,,yes,0
47,married,tertiary,no,no,cellular,mar,364,,yes,0
37,married,tertiary,no,no,cellular,aug,119,,no,0
37,married,secondary,no,no,unknown,jun,140,,no,0
64,married,primary,no,no,cellular,oct,181,,no,0
32,single,secondary,yes,yes,cellular,apr,429,,no,0
51,married,secondary,no,yes,cellular,jul,118,,no,0
53,married,primary,yes,no,cellular,apr,208,140.0,no,1
31,married,tertiary,no,no,cellular,aug,200,,no,0
55,married,secondary,no,yes,cellular,jul,218,,no,0
55,married,secondary,no,yes,cellular,nov,163,,no,0
59,divorced,secondary,no,no,cellular,aug,125,,no,0
28,married,tertiary,yes,no,cellular,may,104,,no,0
58,married,unknown,yes,no,cellular,may,228,,no,0
30,married,tertiary,yes,no,cellular,apr,551,,no,0
42,married,secondary,yes,yes,cellular,aug,97,,no,0
46,married,tertiary,yes,yes,cellular,nov,258,,no,0
40,married,tertiary,yes,no,cellular,jul,55,,no,0
36,married,unknown,yes,no,unknown,may,219,,no,0
48,married,secondary,no,no,cellular,aug,68,,no,0
27,single,tertiary,yes,no,cellular,apr,186,,no,0
47,married,secondary,no,no,unknown,jul,7,,no,0
35,married,primary,no,no,unknown,jun,88,,no,0
56,divorced,tertiary,yes,no,unknown,may,130,,no,0
30,single,secondary,no,no,cellular,nov,816,,no,0
38,married,secondary,yes,no,unknown,may,412,,no,0
27,single,tertiary,yes,no,unknown,jun,590,,yes,0
33,married,secondary,no,no,cellular,nov,179,,yes,0
28,single,secondary,no,yes,cellular,jul,188,,no,0
37,divorced,secondary,yes,no,unknown,may,140,,no,0
40,married,secondary,no,no,cellular,jul,106,,no,0
31,single,secondary,no,no,cellular,sep,481,579.0,yes,1
25,single,secondary,no,no,cellular,jun,287,,yes,0
26,married,tertiary,no,no,unknown,may,35,,no,0
29,single,secondary,no,no,cellular,jul,360,,no,0
21,single,primary,no,no,unknown,aug,11,,no,0
44,married,secondary,yes,yes,cellular,jul,356,,no,0
32,single,tertiary,yes,no,cellular,jun,485,,yes,0
27,married,secondary,no,no,cellular,jun,397,,yes,0
47,married,tertiary,no,no,cellular,oct,424,213.0,yes,1
33,single,secondary,no,yes,unknown,may,376,,no,0
32,divorced,secondary,no,no,cellular,jul,320,,no,0
42,married,secondary,no,no,unknown,may,114,,no,0
32,single,secondary,no,no,cellular,feb,75,208.0,no,1
29,single,tertiary,no,no,cellular,dec,314,195.0,yes,1
33,married,tertiary,yes,yes,cellular,apr,105,136.0,no,1
38,married,secondary,yes,no,cellular,apr,461,335.0,no,1
50,married,primary,yes,yes,unknown,may,68,,no,0
56,married,primary,yes,no,unknown,may,76,,no,0
59,married,primary,no,no,cellular,nov,167,,no,0
44,divorced,tertiary,yes,no,cellular,apr,399,269.0,no,1
41,married,secondary,yes,no,unknown,may,1162,,yes,0
50,married,primary,yes,no,cellular,apr,317,324.0,no,1
56,married,tertiary,no,yes,telephone,jul,246,,no,0
37,married,primary,yes,no,cellular,may,655,175.0,yes,1
34,single,tertiary,yes,no,cellular,nov,596,182.0,yes,1
55,married,unknown,no,no,cellular,aug,672,,yes,0
31,single,tertiary,yes,no,cellular,apr,124,343.0,yes,1
76,married,secondary,no,no,telephone,feb,110,87.0,no,1
56,married,secondary,yes,no,unknown,may,106,,no,0
52,married,secondary,yes,no,cellular,aug,129,,no,0
50,single,secondary,no,no,telephone,feb,279,,no,0
27,single,secondary,no,no,cellular,feb,139,,no,0
49,married,tertiary,no,no,cellular,nov,79,,no,0
29,single,primary,yes,no,cellular,may,325,,no,0
51,married,primary,yes,no,unknown,jun,14,,no,0
35,married,primary,yes,no,unknown,may,129,,no,0
25,single,secondary,no,yes,telephone,jul,437,,no,0
36,married,tertiary,no,no,cellular,aug,80,,no,0
67,married,secondary,no,no,cellular,apr,245,,yes,0
47,divorced,secondary,yes,yes,telephone,oct,478,,yes,0
32,married,primary,no,no,cellular,aug,132,,no,0
35,married,secondary,yes,no,cellular,jul,479,,no,0
36,married,tertiary,yes,no,cellular,mar,198,181.0,no,1
52,married,primary,no,no,telephone,jul,924,,no,0
45,divorced,primary,no,no,cellular,feb,93,235.0,no,1
50,married,secondary,yes,no,telephone,aug,767,,no,0
33,single,secondary,yes,no,cellular,aug,268,,yes,0
52,married,tertiary,yes,no,cellular,nov,96,,no,0
28,married,primary,yes,no,unknown,may,7,,no,0
33,married,tertiary,yes,yes,cellular,nov,62,,no,0
37,married,secondary,yes,no,cellular,feb,138,,yes,0
47,married,primary,yes,no,telephone,may,49,,no,0
39,single,secondary,yes,yes,unknown,may,19,,no,0
35,married,secondary,no,no,unknown,jun,115,,no,0
94,divorced,secondary,no,no,cellular,mar,212,,no,0
35,married,primary,no,yes,cellular,nov,131,133.0,no,1
34,married,tertiary,no,no,cellular,aug,105,,no,0
32,single,tertiary,yes,no,unknown,jun,183,,no,0
39,married,primary,yes,no,unknown,may,481,,no,0
41,married,secondary,yes,yes,unknown,may,504,,no,0
35,married,tertiary,yes,no,unknown,may,357,,no,0
32,married,tertiary,yes,no,cellular,may,506,352.0,no,1
36,divorced,tertiary,no,no,unknown,may,539,,no,0
49,divorced,secondary,yes,no,cellular,may,76,348.0,no,1
29,single,tertiary,yes,no,cellular,may,334,,no,0
48,married,tertiary,yes,no,cellular,jul,317,,no,0
49,single,unknown,no,no,unknown,jun,163,,no,0
42,single,primary,yes,no,telephone,may,7,371.0,no,1
28,married,secondary,yes,no,cellular,apr,293,,no,0
32,married,primary,yes,yes,cellular,may,273,,no,0
58,married,secondary,yes,yes,unknown,jun,53,,no,0
56,married,secondary,yes,no,cellular,jul,251,,no,0
57,married,tertiary,yes,no,cellular,aug,122,,no,0
25,single,secondary,yes,no,cellular,feb,412,,yes,0
30,single,secondary,no,no,cellular,aug,120,,no,0
36,single,secondary,yes,no,unknown,jun,196,,no,0
30,married,secondary,yes,no,cellular,may,157,,no,0
49,married,primary,yes,no,unknown,jun,41,,no,0
45,single,tertiary,yes,no,cellular,aug,393,462.0,yes,1
46,married,secondary,no,no,cellular,jun,176,52.0,yes,1
34,married,primary,yes,yes,cellular,may,58,,no,0
24,single,secondary,yes,no,cellular,may,345,,no,0
30,single,tertiary,no,no,cellular,aug,229,99.0,yes,1
33,married,secondary,yes,no,unknown,jun,122,,no,0
33,married,secondary,yes,no,cellular,jul,476,,no,0
59,married,primary,no,no,cellular,jan,225,,no,0
41,married,secondary,no,no,cellular,aug,226,,no,0
54,single,secondary,no,no,cellular,nov,696,,yes,0
60,married,tertiary,no,no,cellular,aug,222,,no,0
28,single,secondary,no,no,cellular,jun,114,,no,0
28,single,secondary,no,no,cellular,jul,128,,yes,0
47,divorced,tertiary,yes,no,cellular,jul,221,431.0,no,1
29,single,tertiary,yes,no,unknown,may,214,,no,0
46,married,secondary,no,no,cellular,feb,380,217.0,no,1
26,married,secondary,no,no,unknown,may,755,,no,0
37,divorced,secondary,no,yes,cellular,jul,338,,no,0
31,single,tertiary,no,no,cellular,feb,172,,yes,0
34,single,tertiary,yes,no,cellular,may,649,,yes,0
33,married,secondary,yes,no,cellular,nov,308,,no,0
49,married,secondary,no,no,unknown,may,26,,no,0
35,single,tertiary,no,no,cellular,aug,343,397.0,yes,1
56,married,secondary,yes,no,unknown,may,221,,no,0
51,married,secondary,no,no,cellular,aug,72,,no,0
33,married,tertiary,yes,no,cellular,apr,115,,no,0
40,married,tertiary,yes,yes,unknown,may,518,,no,0
60,married,tertiary,no,no,unknown,may,528,,no,0
29,single,primary,yes,no,cellular,apr,462,,no,0
29,single,secondary,yes,no,unknown,may,185,,no,0
48,married,tertiary,no,yes,unknown,jun,103,,no,0
39,married,tertiary,no,no,cellular,may,589,28.0,no,1
50,married,primary,no,no,unknown,jun,247,,no,0
32,married,primary,yes,no,cellular,apr,295,335.0,no,1
39,married,primary,yes,no,cellular,may,220,370.0,no,1
50,married,unknown,no,no,telephone,jul,156,,no,0
36,married,secondary,yes,no,cellular,nov,581,,no,0
45,married,secondary,yes,no,cellular,jul,311,,no,0
39,married,primary,yes,no,unknown,may,691,,no,0
68,married,secondary,no,no,cellular,mar,153,110.0,yes,1
36,divorced,secondary,yes,no,cellular,apr,244,313.0,no,1
38,married,secondary,yes,no,cellular,nov,139,,no,0
39,single,tertiary,yes,no,cellular,aug,274,,no,0
28,single,tertiary,yes,no,cellular,jul,73,,no,0
48,divorced,secondary,yes,no,cellular,apr,7,318.0,no,1
34,married,secondary,yes,no,cellular,jul,256,,no,0
41,single,tertiary,no,no,cellular,jul,105,,no,0
37,single,secondary,yes,no,cellular,may,400,340.0,no,1
47,married,tertiary,no,no,cellular,aug,432,97.0,no,1
26,single,secondary,no,no,cellular,aug,349,70.0,yes,1
29,single,secondary,no,yes,cellular,jul,1097,,yes,0
43,married,tertiary,no,no,cellular,aug,188,100.0,yes,1
49,married,primary,yes,no,unknown,jun,245,,no,0
46,married,tertiary,no,no,cellular,jul,466,,no,0
35,married,secondary,yes,no,telephone,may,155,,no,0
36,married,tertiary,no,no,cellular,jan,102,96.0,no,1
22,single,unknown,no,no,cellular,jun,377,,yes,0
32,married,secondary,yes,no,cellular,apr,293,322.0,no,1
34,married,tertiary,yes,no,telephone,nov,217,,no,0
35,married,secondary,yes,yes,unknown,jun,247,,no,0
33,married,primary,yes,yes,cellular,jul,227,,no,0
32,single,secondary,yes,no,cellular,apr,262,,no,0
45,married,primary,no,no,unknown,jun,290,,no,0
34,married,secondary,yes,no,cellular,may,285,,yes,0
32,divorced,secondary,yes,no,unknown,may,114,,no,0
34,married,tertiary,yes,no,cellular,nov,328,113.0,no,1
52,married,primary,no,no,unknown,jun,122,,no,0
33,single,tertiary,yes,yes,cellular,nov,199,,no,0
34,married,secondary,yes,no,cellular,aug,116,,no,0
51,married,primary,no,no,unknown,may,153,,no,0
40,single,secondary,yes,no,unknown,may,171,,no,0
43,married,primary,yes,no,unknown,may,93,,no,0
36,married,secondary,no,no,cellular,aug,324,,yes,0
41,married,tertiary,no,no,cellular,nov,136,,no,0
37,married,tertiary,no,no,cellular,jun,266,318.0,yes,1
43,married,tertiary,no,no,cellular,aug,110,,no,0
30,married,primary,yes,no,unknown,may,351,,no,0
42,married,secondary,yes,no,unknown,jun,158,,no,0
28,married,secondary,yes,no,unknown,jun,161,,no,0
35,single,secondary,no,no,cellular,nov,718,,no,0
55,single,secondary,no,yes,telephone,may,159,,no,0
73,divorced,secondary,yes,no,cellular,oct,146,,yes,0
43,married,primary,yes,no,cellular,jul,36,,no,0
34,single,secondary,no,no,cellular,may,254,299.0,no,1
29,married,secondary,yes,no,cellular,jul,143,,no,0
37,single,secondary,yes,no,unknown,may,197,,no,0
44,married,secondary,yes,no,unknown,jun,349,,no,0
38,single,secondary,no,no,cellular,apr,379,202.0,yes,1
28,married,secondary,yes,no,cellular,may,193,,no,0
34,married,secondary,yes,no,unknown,may,309,,no,0
48,single,unknown,no,no,unknown,jun,453,,no,0
33,married,secondary,yes,no,cellular,may,256,,no,0
41,married,secondary,yes,no,cellular,apr,263,,no,0
58,married,secondary,no,no,unknown,jun,248,,no,0
38,divorced,primary,yes,no,cellular,nov,250,155.0,no,1
33,married,secondary,no,no,cellular,jul,454,,yes,0
48,married,secondary,no,no,cellular,jul,215,,no,0
54,divorced,primary,yes,no,unknown,jun,45,,no,0
50,married,secondary,yes,yes,telephone,nov,49,,no,0
26,single,secondary,no,yes,cellular,jul,140,,no,0
25,married,secondary,yes,no,unknown,may,709,,yes,0
49,single,primary,yes,no,telephone,nov,107,,no,0
57,married,secondary,yes,no,cellular,nov,220,,no,0
35,single,tertiary,no,no,cellular,oct,68,,no,0
25,single,tertiary,no,no,unknown,may,64,,no,0
53,married,tertiary,yes,no,cellular,feb,102,,no,0
42,married,secondary,yes,no,cellular,nov,101,,no,0
34,married,primary,yes,no,cellular,apr,142,328.0,no,1
49,married,primary,no,no,cellular,aug,134,,no,0
30,single,secondary,no,no,cellular,aug,167,,no,0
35,single,tertiary,yes,no,unknown,may,55,,no,0
49,divorced,secondary,yes,no,unknown,may,659,,no,0
52,divorced,secondary,yes,no,unknown,may,84,,no,0
51,married,secondary,yes,no,cellular,may,541,,no,0
34,divorced,tertiary,no,no,cellular,feb,108,175.0,no,1
28,married,secondary,yes,no,cellular,apr,230,329.0,no,1
39,single,secondary,yes,no,cellular,may,22,175.0,no,1
58,married,secondary,no,no,telephone,mar,282,,no,0
62,divorced,tertiary,yes,no,cellular,apr,103,182.0,yes,1
40,married,tertiary,no,no,cellular,nov,57,,no,0
40,married,secondary,yes,no,unknown,may,184,,no,0
36,single,tertiary,no,no,unknown,nov,20,,no,0
32,married,secondary,no,no,cellular,aug,172,,no,0
60,married,primary,yes,no,unknown,may,202,,no,0
28,married,unknown,yes,no,cellular,apr,34,,no,0
30,single,secondary,no,no,cellular,aug,187,,no,0
60,married,tertiary,no,no,cellular,aug,636,,no,0
34,married,secondary,yes,no,unknown,jun,780,,no,0
38,single,secondary,yes,no,cellular,may,86,366.0,no,1
47,single,secondary,no,no,unknown,jun,83,,no,0
31,married,secondary,no,no,cellular,mar,299,,yes,0
32,single,tertiary,no,no,cellular,feb,199,,no,0
39,married,primary,yes,no,unknown,may,225,,no,0
52,married,unknown,no,no,cellular,aug,228,,no,0
30,married,secondary,yes,yes,cellular,apr,71,317.0,no,1
43,divorced,secondary,yes,no,cellular,apr,157,,no,0
32,married,secondary,no,no,cellular,aug,56,,no,0
46,married,secondary,yes,no,cellular,jan,83,,no,0
35,married,secondary,yes,no,cellular,may,131,,no,0
31,single,tertiary,no,no,cellular,aug,133,,no,0
41,single,secondary,yes,no,cellular,may,493,362.0,no,1
28,single,tertiary,yes,no,cellular,may,43,350.0,no,1
36,married,tertiary,no,no,cellular,oct,174,,no,0
39,single,secondary,yes,no,unknown,jun,170,,no,0
48,married,secondary,yes,no,unknown,may,180,,no,0
50,single,secondary,no,no,telephone,nov,1606,,no,0
44,divorced,secondary,yes,no,cellular,jul,90,,no,0
56,single,primary,yes,no,telephone,may,191,347.0,no,1
29,single,primary,yes,no,unknown,jun,135,,no,0
33,married,tertiary,yes,no,cellular,nov,103,,no,0
36,married,tertiary,no,no,unknown,may,362,,no,0
36,divorced,tertiary,yes,no,unknown,jun,347,,no,0
23,single,secondary,no,no,cellular,mar,236,92.0,yes,1
41,married,secondary,yes,no,cellular,nov,369,,no,0
49,married,secondary,no,no,cellular,aug,102,,no,0
45,married,secondary,yes,no,unknown,jun,31,,no,0
39,divorced,secondary,yes,yes,cellular,nov,214,,no,0
48,married,primary,yes,no,cellular,may,212,,no,0
31,married,secondary,yes,no,unknown,may,179,,no,0
32,single,tertiary,no,no,cellular,nov,74,,no,0
28,married,secondary,yes,no,unknown,may,68,,no,0
35,married,secondary,yes,no,cellular,nov,434,181.0,no,1
32,married,secondary,yes,no,unknown,may,1178,,no,0
34,divorced,secondary,yes,no,unknown,may,308,,no,0
33,married,tertiary,yes,no,cellular,apr,378,,yes,0
24,single,secondary,yes,no,cellular,apr,297,323.0,no,1
56,married,secondary,no,no,unknown,jun,138,,no,0
46,divorced,tertiary,no,no,cellular,aug,20,,no,0
65,married,secondary,no,no,telephone,apr,523,,yes,0
60,married,secondary,yes,no,unknown,may,291,,no,0
24,single,secondary,yes,yes,cellular,may,792,,yes,0
62,married,tertiary,no,no,cellular,aug,344,,no,0
52,married,secondary,yes,yes,cellular,jul,163,,no,0
34,married,secondary,yes,no,cellular,apr,400,332.0,no,1
36,single,tertiary,no,no,cellular,nov,307,,no,0
52,married,secondary,no,no,telephone,sep,384,91.0,no,1
59,married,secondary,yes,no,unknown,may,77,,no,0
25,single,primary,yes,no,unknown,may,85,,no,0
37,married,tertiary,yes,no,cellular,nov,559,,no,0
37,married,unknown,yes,no,cellular,jul,85,,no,0
54,divorced,tertiary,no,no,cellular,aug,612,,no,0
47,married,tertiary,no,no,cellular,may,418,,no,0
47,married,primary,no,no,cellular,aug,292,,no,0
36,divorced,secondary,yes,no,cellular,feb,185,252.0,no,1
44,married,tertiary,yes,yes,telephone,jul,289,,no,0
36,married,unknown,yes,no,unknown,may,201,,no,0
29,single,tertiary,no,no,cellular,aug,634,,yes,0
52,married,tertiary,yes,no,cellular,may,507,,no,0
52,divorced,secondary,no,no,cellular,aug,39,,no,0
41,married,secondary,yes,no,unknown,may,50,,no,0
40,married,secondary,no,no,cellular,aug,196,,no,0
47,single,tertiary,no,no,telephone,oct,220,155.0,yes,1
30,single,secondary,yes,no,unknown,may,142,,no,0
46,married,unknown,no,no,cellular,jul,55,,no,0
33,married,secondary,yes,no,unknown,may,92,,no,0
57,divorced,tertiary,no,no,telephone,nov,26,,no,0
24,single,secondary,no,no,cellular,apr,567,,yes,0
27,single,primary,yes,no,unknown,may,576,,no,0
23,single,secondary,no,no,telephone,sep,379,,no,0
31,single,tertiary,no,yes,cellular,nov,150,,no,0
47,single,secondary,yes,yes,cellular,jul,152,,no,0
31,single,tertiary,yes,no,cellular,apr,664,319.0,no,1
40,married,secondary,no,no,cellular,aug,1842,,yes,0
26,married,secondary,yes,no,unknown,jun,23,,no,0
32,single,tertiary,no,no,cellular,aug,153,,no,0
26,single,secondary,yes,no,cellular,may,13,,no,0
46,married,secondary,no,yes,cellular,aug,114,,no,0
42,married,unknown,yes,no,telephone,apr,33,339.0,no,1
58,single,secondary,yes,no,cellular,jul,341,,no,0
35,divorced,secondary,yes,no,cellular,aug,250,,no,0
60,married,primary,no,no,cellular,may,494,95.0,yes,1
43,married,secondary,yes,no,cellular,jul,324,,no,0
38,single,unknown,no,no,cellular,apr,59,,no,0
36,divorced,tertiary,yes,yes,unknown,may,268,,no,0
49,married,secondary,yes,no,unknown,may,67,,no,0
33,single,tertiary,no,no,cellular,feb,734,,no,0
55,married,secondary,yes,no,unknown,may,973,,no,0
26,single,secondary,no,no,cellular,feb,506,,no,0
61,married,secondary,no,no,cellular,aug,243,,no,0
44,married,tertiary,yes,no,cellular,jul,127,,no,0
31,married,tertiary,yes,no,cellular,feb,95,241.0,no,1
31,single,tertiary,yes,no,cellular,nov,639,93.0,no,1
48,married,primary,yes,no,unknown,jun,30,,no,0
49,married,secondary,no,no,cellular,aug,233,,no,0
33,married,secondary,yes,no,cellular,feb,355,301.0,yes,1
31,single,secondary,yes,no,unknown,may,193,,no,0
25,single,tertiary,no,no,cellular,jul,108,,no,0
34,married,secondary,yes,no,cellular,nov,144,185.0,no,1
42,married,secondary,yes,no,unknown,jun,363,,no,0
36,single,tertiary,no,yes,cellular,nov,300,96.0,no,1
43,married,primary,yes,no,cellular,may,38,,no,0
38,single,unknown,no,no,unknown,jun,65,,no,0
36,divorced,tertiary,yes,no,unknown,jun,259,,no,0
30,married,tertiary,yes,yes,cellular,aug,80,,no,0
29,single,secondary,yes,no,unknown,may,360,,no,0
34,married,secondary,yes,yes,cellular,oct,98,,no,0
59,married,tertiary,no,no,cellular,nov,530,163.0,yes,1
58,married,secondary,yes,no,unknown,may,113,,no,0
34,single,secondary,yes,no,unknown,may,209,,no,0
79,married,secondary,no,no,cellular,sep,114,95.0,no,1
37,married,secondary,yes,no,cellular,jul,141,,no,0
65,married,unknown,no,no,cellular,jan,105,,no,0
31,single,secondary,no,no,cellular,nov,234,,yes,0
53,married,secondary,yes,no,unknown,may,29,,no,0
57,married,secondary,yes,no,unknown,may,59,,no,0
46,married,secondary,no,no,cellular,aug,71,,no,0
48,married,secondary,yes,no,cellular,may,24,,no,0
33,single,secondary,yes,no,cellular,feb,173,,no,0
36,married,secondary,yes,no,unknown,may,140,,no,0
35,single,tertiary,no,no,cellular,aug,195,,yes,0
25,single,secondary,yes,no,cellular,jul,195,91.0,yes,1
25,single,secondary,yes,no,telephone,aug,100,93.0,no,1
58,married,tertiary,yes,no,unknown,may,12,,no,0
27,single,primary,yes,no,cellular,apr,761,330.0,no,1
41,married,tertiary,no,no,cellular,apr,882,181.0,yes,1
36,single,tertiary,no,no,cellular,feb,195,176.0,yes,1
45,married,secondary,yes,no,unknown,may,120,,no,0
20,single,tertiary,yes,no,unknown,may,168,,no,0
34,married,tertiary,yes,no,cellular,aug,209,,no,0
56,married,secondary,no,yes,cellular,jul,442,,no,0
30,married,tertiary,yes,no,cellular,nov,117,,no,0
38,single,unknown,yes,no,unknown,jun,266,,no,0
55,married,primary,yes,no,cellular,may,161,364.0,no,1
50,married,tertiary,yes,yes,telephone,jul,24,,no,0
33,married,secondary,no,yes,cellular,jul,77,,no,0
48,married,unknown,yes,no,unknown,may,152,,no,0
51,married,tertiary,yes,yes,cellular,aug,248,,no,0
29,single,secondary,yes,no,unknown,jun,409,,no,0
36,divorced,secondary,no,no,cellular,jan,96,93.0,no,1
47,married,primary,yes,no,unknown,may,157,,no,0
56,married,secondary,no,no,unknown,jun,55,,no,0
40,married,tertiary,no,yes,cellular,aug,189,,no,0
41,divorced,tertiary,no,no,cellular,jul,72,,no,0
50,married,tertiary,no,no,cellular,aug,162,,no,0
57,married,secondary,no,no,cellular,jul,157,,no,0
38,divorced,tertiary,no,no,cellular,may,67,175.0,no,1
44,married,secondary,yes,no,unknown,may,80,,no,0
56,married,tertiary,no,yes,cellular,aug,88,,no,0
36,divorced,secondary,yes,no,unknown,jun,85,,no,0
26,married,secondary,yes,no,unknown,jul,46,,no,0
32,single,tertiary,yes,no,cellular,apr,223,,no,0
47,single,secondary,no,no,cellular,jul,250,181.0,yes,1
48,married,tertiary,no,no,cellular,aug,445,,no,0
32,single,secondary,no,no,cellular,jan,96,,no,0
34,single,tertiary,yes,no,cellular,may,175,358.0,no,1
42,single,secondary,no,no,cellular,jan,567,,no,0
38,married,tertiary,yes,no,cellular,apr,410,,no,0
57,married,unknown,no,no,cellular,aug,91,,no,0
49,married,secondary,yes,no,unknown,jun,93,,no,0
38,single,secondary,no,no,unknown,may,184,,no,0
35,married,tertiary,no,no,cellular,aug,100,,no,0
48,married,tertiary,yes,no,unknown,may,195,,no,0
27,single,tertiary,yes,yes,cellular,jul,506,,no,0
49,married,secondary,no,yes,telephone,jul,281,,no,0
31,married,secondary,yes,no,cellular,may,164,,no,0
34,married,secondary,no,no,unknown,may,149,,no,0
46,married,secondary,yes,no,cellular,mar,135,,no,0
29,single,secondary,no,no,cellular,jul,734,,no,0
42,married,primary,yes,no,cellular,feb,115,,no,0
48,divorced,tertiary,yes,no,unknown,jun,143,,no,0
29,single,secondary,no,no,cellular,dec,279,189.0,yes,1
42,married,secondary,no,no,cellular,jul,143,,no,0
49,married,tertiary,yes,no,unknown,jun,155,,no,0
41,married,secondary,no,no,cellular,aug,69,,no,0
49,married,primary,no,no,unknown,jun,90,,no,0
28,married,secondary,yes,no,cellular,may,310,,no,0
35,married,tertiary,no,no,cellular,aug,428,336.0,no,1
49,divorced,secondary,no,no,cellular,may,613,,no,0
37,married,secondary,yes,no,cellular,jul,225,,no,0
49,married,tertiary,no,no,cellular,apr,194,,yes,0
29,single,secondary,yes,no,cellular,may,512,,no,0
30,single,secondary,no,no,cellular,mar,128,106.0,yes,1
31,married,secondary,yes,no,unknown,may,223,,no,0
35,single,primary,no,no,cellular,feb,19,,no,0
44,married,secondary,yes,no,cellular,apr,93,,no,0
24,single,secondary,no,no,cellular,sep,107,,no,0
30,single,secondary,yes,no,cellular,apr,180,302.0,no,1
53,married,secondary,yes,no,telephone,jul,311,,no,0
52,married,secondary,yes,no,cellular,may,87,299.0,no,1
32,divorced,tertiary,yes,no,unknown,may,288,,no,0
56,divorced,primary,no,no,cellular,jan,156,,no,0
32,divorced,secondary,yes,no,cellular,may,94,,no,0
34,single,tertiary,yes,no,cellular,may,747,371.0,yes,1
38,single,tertiary,no,no,cellular,aug,117,,no,0
23,single,secondary,yes,no,cellular,may,377,,no,0
37,married,secondary,yes,no,unknown,jun,42,,no,0
32,single,secondary,yes,no,unknown,may,202,,no,0
30,married,tertiary,yes,no,cellular,aug,166,,no,0
53,divorced,primary,yes,no,unknown,may,206,,no,0
47,married,tertiary,yes,no,unknown,may,596,,no,0
33,married,secondary,yes,yes,cellular,feb,7,,no,0
32,married,tertiary,no,no,cellular,aug,398,,no,0
48,married,secondary,no,no,unknown,jun,399,,no,0
46,married,secondary,no,no,cellular,aug,95,,no,0
41,married,secondary,no,yes,unknown,jul,130,,no,0
23,single,secondary,yes,no,unknown,jun,118,,no,0
38,married,primary,yes,no,cellular,apr,196,315.0,no,1
37,married,secondary,yes,no,cellular,may,239,278.0,no,1
60,married,primary,no,no,unknown,jun,201,,no,0
36,single,tertiary,no,no,cellular,may,76,,no,0
31,married,primary,yes,no,unknown,may,300,,no,0
33,married,secondary,no,no,cellular,aug,258,178.0,yes,1
49,married,secondary,yes,no,cellular,aug,131,,no,0
44,married,tertiary,no,no,unknown,jun,476,,no,0
34,married,secondary,no,no,cellular,aug,184,,no,0
83,married,tertiary,no,no,cellular,feb,283,,no,0
48,single,unknown,yes,no,cellular,feb,97,,no,0
32,married,secondary,yes,no,cellular,jul,812,,yes,0
33,married,secondary,yes,no,cellular,may,7,287.0,no,1
52,married,secondary,yes,no,cellular,may,292,,no,0
33,married,tertiary,yes,no,cellular,jul,384,,no,0
36,married,secondary,yes,no,unknown,jun,369,,no,0
26,single,tertiary,no,no,cellular,aug,74,,no,0
24,single,secondary,yes,no,cellular,may,59,,no,0
34,married,secondary,yes,no,unknown,may,19,,no,0
57,married,primary,no,no,cellular,aug,1134,,yes,0
58,divorced,tertiary,yes,no,unknown,jun,109,,no,0
36,single,secondary,no,no,cellular,nov,67,111.0,no,1
52,married,primary,no,no,unknown,jun,70,,no,0
39,married,secondary,no,no,cellular,may,102,,no,0
47,married,tertiary,no,yes,cellular,jul,175,,no,0
58,married,primary,no,no,cellular,nov,598,,no,0
32,married,tertiary,no,no,cellular,aug,104,,no,0
44,married,unknown,yes,no,telephone,may,7,,no,0
47,married,tertiary,yes,no,cellular,aug,90,,no,0
34,single,secondary,no,no,cellular,may,393,351.0,no,1
43,married,primary,yes,yes,unknown,may,46,,no,0
30,single,secondary,yes,yes,unknown,may,209,,no,0
57,married,secondary,yes,no,unknown,may,147,,no,0
51,married,secondary,yes,no,unknown,may,421,,no,0
27,single,primary,no,no,unknown,oct,4,,no,0
55,married,secondary,no,no,unknown,jun,73,,no,0
30,married,primary,no,no,cellular,dec,282,203.0,yes,1
29,married,tertiary,yes,no,cellular,jan,287,,no,0
31,married,primary,yes,yes,unknown,jun,25,,no,0
44,single,primary,yes,no,cellular,may,157,,no,0
38,married,secondary,yes,yes,unknown,may,266,,no,0
54,divorced,secondary,yes,no,unknown,may,146,,no,0
36,divorced,tertiary,yes,no,cellular,jul,189,,no,0
51,married,secondary,no,no,cellular,aug,193,,no,0
46,married,primary,yes,no,cellular,may,546,,yes,0
52,married,primary,yes,no,cellular,apr,55,335.0,no,1
45,married,secondary,no,yes,cellular,aug,109,,no,0
57,married,secondary,yes,no,cellular,aug,170,,no,0
29,single,secondary,yes,no,unknown,jun,130,,no,0
26,single,secondary,yes,yes,cellular,jul,85,,no,0
52,married,secondary,no,no,cellular,nov,273,,no,0
30,single,tertiary,no,no,cellular,apr,633,85.0,yes,1
47,married,secondary,no,no,unknown,may,64,,no,0
40,married,primary,yes,no,cellular,apr,62,,no,0
38,single,unknown,yes,no,unknown,may,297,,no,0
34,married,primary,yes,no,cellular,may,405,,no,0
39,married,tertiary,yes,no,cellular,may,564,265.0,no,1
30,single,secondary,yes,no,cellular,may,145,,no,0
35,single,tertiary,no,no,unknown,jun,166,,no,0
32,single,tertiary,no,no,cellular,aug,1321,,yes,0
56,married,secondary,yes,yes,cellular,aug,614,,no,0
54,divorced,secondary,yes,no,unknown,may,391,,no,0
25,single,secondary,yes,no,telephone,may,40,,no,0
33,single,secondary,yes,no,cellular,may,293,,no,0
30,single,tertiary,no,no,telephone,mar,199,,yes,0
45,married,primary,yes,no,cellular,apr,580,317.0,no,1
37,married,tertiary,yes,yes,telephone,feb,319,213.0,no,1
30,married,primary,yes,yes,cellular,jul,174,,no,0
43,married,secondary,yes,no,unknown,sep,6,838.0,no,1
55,married,tertiary,no,no,cellular,aug,46,,no,0
24,married,secondary,yes,no,cellular,apr,284,,no,0
42,single,tertiary,yes,no,cellular,jul,295,,no,0
35,divorced,secondary,no,yes,cellular,feb,12,217.0,no,1
38,married,secondary,yes,yes,unknown,may,236,,no,0
31,married,secondary,yes,yes,cellular,aug,189,,no,0
44,single,secondary,no,no,cellular,nov,186,,no,0
54,married,tertiary,no,no,telephone,feb,48,,no,0
48,married,secondary,no,yes,unknown,may,315,,no,0
53,divorced,secondary,yes,no,cellular,may,135,289.0,no,1
43,married,tertiary,yes,no,cellular,apr,197,,no,0
75,divorced,secondary,no,no,cellular,dec,415,,yes,0
25,single,secondary,yes,no,unknown,may,135,,no,0
35,single,secondary,no,no,unknown,mar,473,,yes,0
34,married,secondary,no,yes,cellular,jul,188,,no,0
32,married,primary,no,no,cellular,aug,779,,no,0
32,single,secondary,yes,no,telephone,jan,48,265.0,no,1
40,married,secondary,no,no,cellular,aug,238,,no,0
41,single,unknown,no,no,unknown,jun,30,,no,0
25,single,unknown,no,no,cellular,sep,140,,yes,0
40,single,secondary,yes,no,unknown,may,161,,no,0
46,married,secondary,no,no,unknown,may,796,,yes,0
34,married,tertiary,yes,no,unknown,may,38,,no,0
28,single,tertiary,no,no,cellular,nov,135,148.0,no,1
37,married,tertiary,no,no,cellular,mar,319,,yes,0
48,divorced,secondary,no,no,cellular,jan,142,238.0,yes,1
40,divorced,secondary,no,yes,cellular,nov,175,138.0,no,1
52,divorced,secondary,no,yes,cellular,jul,277,,no,0
41,single,tertiary,no,no,cellular,jul,1134,,yes,0
31,single,tertiary,yes,no,cellular,may,77,,no,0
49,single,tertiary,no,no,cellular,feb,140,12.0,no,1
58,married,primary,no,no,unknown,jun,116,,no,0
23,married,primary,yes,no,cellular,may,509,345.0,no,1
58,married,secondary,yes,no,unknown,may,77,,no,0
32,married,secondary,yes,no,cellular,jul,155,,no,0
43,divorced,tertiary,yes,yes,cellular,aug,176,,no,0
49,divorced,secondary,yes,no,cellular,feb,42,206.0,no,1
36,single,secondary,yes,no,cellular,may,140,364.0,no,1
50,single,secondary,no,no,telephone,jun,180,,no,0
47,divorced,secondary,no,no,cellular,apr,335,,no,0
39,single,secondary,no,no,cellular,aug,257,,no,0
38,married,tertiary,no,no,cellular,aug,360,,no,0
49,married,secondary,no,yes,cellular,jul,51,,no,0
21,single,secondary,yes,no,unknown,jun,302,,no,0
39,married,secondary,yes,no,cellular,may,127,,no,0
42,married,secondary,yes,no,telephone,jul,51,,no,0
46,divorced,primary,no,yes,cellular,feb,81,,no,0
59,married,secondary,yes,no,telephone,may,556,287.0,yes,1
32,single,secondary,no,no,cellular,jul,278,,no,0
38,married,secondary,yes,no,unknown,jun,209,,no,0
32,married,secondary,yes,yes,cellular,jul,80,,no,0
56,married,primary,no,no,telephone,feb,111,,no,0
54,married,primary,no,no,telephone,nov,240,,no,0
31,married,secondary,no,no,unknown,jun,180,,no,0
43,single,tertiary,yes,no,telephone,may,899,,no,0
51,married,tertiary,yes,no,cellular,jul,364,,no,0
35,single,secondary,yes,no,unknown,may,617,,yes,0
30,divorced,tertiary,no,no,cellular,aug,72,,no,0
34,married,primary,yes,no,cellular,may,98,,no,0
37,married,secondary,yes,no,unknown,may,45,,no,0
39,married,primary,yes,no,cellular,may,7,285.0,no,1
48,divorced,tertiary,no,yes,cellular,aug,243,,no,0
36,divorced,primary,no,yes,cellular,jul,128,,no,0
36,married,secondary,yes,no,cellular,may,152,347.0,no,1
31,married,secondary,yes,no,cellular,nov,394,,no,0
39,married,secondary,yes,no,cellular,aug,744,,yes,0
31,single,secondary,no,no,cellular,jul,421,,no,0
54,divorced,secondary,no,no,cellular,aug,99,,no,0
30,single,tertiary,no,no,cellular,nov,435,,no,0
51,divorced,primary,yes,no,cellular,jul,322,,no,0
53,married,primary,no,no,cellular,jan,114,,no,0
30,married,secondary,yes,no,cellular,jul,93,,no,0
32,single,tertiary,yes,no,cellular,jul,924,,no,0
26,single,secondary,yes,no,unknown,jun,177,,no,0
33,single,secondary,yes,no,cellular,may,223,,no,0
39,married,secondary,yes,no,unknown,jun,102,,no,0
50,divorced,unknown,yes,no,unknown,may,140,,no,0
32,single,secondary,yes,no,unknown,may,108,,no,0
32,single,secondary,no,no,telephone,may,846,,no,0
51,married,secondary,no,no,cellular,jul,188,,no,0
37,single,secondary,yes,no,cellular,apr,474,,no,0
47,divorced,unknown,no,no,cellular,may,489,479.0,yes,1
33,divorced,tertiary,no,no,cellular,aug,71,,no,0
44,married,tertiary,yes,yes,unknown,may,183,,no,0
37,married,secondary,no,no,unknown,jun,79,,no,0
44,divorced,tertiary,no,no,cellular,aug,71,,no,0
34,married,secondary,yes,no,cellular,nov,161,209.0,yes,1
25,single,secondary,no,no,cellular,jul,658,,yes,0
45,married,secondary,yes,no,cellular,may,114,,no,0
37,single,tertiary,no,no,cellular,aug,225,,no,0
47,married,primary,no,yes,cellular,jul,509,,no,0
51,married,secondary,no,yes,cellular,jul,313,,no,0
45,married,secondary,yes,no,unknown,may,238,,no,0
32,married,tertiary,no,no,cellular,nov,66,,no,0
75,married,primary,no,no,telephone,sep,808,187.0,yes,1
62,married,tertiary,no,no,cellular,dec,188,,no,0
46,married,primary,no,no,cellular,aug,129,,no,0
35,single,tertiary,no,no,cellular,aug,329,,no,0
33,single,tertiary,yes,no,cellular,apr,401,,no,0
60,married,unknown,no,no,cellular,aug,113,,no,0
37,married,secondary,no,no,unknown,jun,165,,no,0
29,married,tertiary,no,no,cellular,apr,130,,no,0
49,married,tertiary,yes,no,cellular,aug,91,,no,0
47,married,tertiary,no,no,cellular,mar,193,181.0,yes,1
58,married,secondary,no,no,unknown,jun,366,,no,0
41,married,tertiary,yes,yes,cellular,apr,520,319.0,no,1
44,married,tertiary,yes,no,cellular,may,78,264.0,no,1
40,married,secondary,yes,no,cellular,jul,560,,no,0
36,married,primary,yes,yes,cellular,may,174,359.0,no,1
26,single,tertiary,no,no,cellular,apr,48,,no,0
34,married,tertiary,yes,no,cellular,aug,159,,no,0
25,single,secondary,no,no,cellular,aug,121,,no,0
33,married,secondary,yes,yes,cellular,nov,286,,no,0
28,single,secondary,yes,no,cellular,apr,346,,no,0
29,divorced,secondary,yes,yes,cellular,may,286,,no,0
31,married,secondary,no,no,cellular,aug,231,,no,0
53,married,secondary,yes,no,unknown,may,197,,no,0
54,married,secondary,yes,no,telephone,mar,88,,no,0
49,married,primary,yes,no,unknown,may,198,,no,0
49,married,secondary,no,no,cellular,dec,385,131.0,no,1
44,married,secondary,yes,no,cellular,nov,126,174.0,no,1
46,married,primary,yes,no,unknown,may,490,,no,0
44,married,secondary,yes,no,cellular,nov,102,185.0,no,1
31,single,tertiary,yes,no,cellular,apr,224,74.0,no,1
32,married,secondary,yes,no,cellular,may,214,276.0,no,1
41,single,tertiary,no,no,cellular,jul,81,,no,0
40,married,tertiary,no,no,unknown,oct,6,,no,0
37,married,tertiary,no,no,unknown,jun,24,,no,0
31,married,secondary,no,no,cellular,nov,775,,no,0
67,single,primary,no,no,telephone,feb,110,,no,0
24,single,secondary,no,no,cellular,feb,56,,no,0
76,married,primary,no,no,cellular,aug,90,,no,0
43,married,primary,yes,no,unknown,may,195,,no,0
50,married,tertiary,no,no,cellular,nov,53,,no,0
54,married,primary,no,no,cellular,aug,116,,no,0
31,divorced,tertiary,no,yes,cellular,jul,241,,yes,0
45,married,secondary,yes,no,unknown,may,68,,no,0
46,divorced,secondary,yes,yes,cellular,apr,837,307.0,no,1
44,married,secondary,no,yes,cellular,nov,166,,no,0
26,single,secondary,no,no,cellular,jul,362,,no,0
39,divorced,tertiary,yes,yes,cellular,apr,1012,,no,0
36,single,tertiary,no,no,cellular,jun,317,,no,0
35,married,secondary,yes,no,cellular,aug,80,,no,0
75,divorced,secondary,no,no,telephone,nov,137,,no,0
42,single,secondary,no,no,cellular,dec,163,186.0,no,1
36,married,secondary,yes,no,unknown,may,427,,no,0
65,married,primary,no,no,cellular,apr,229,,yes,0
33,single,tertiary,no,no,cellular,aug,112,,no,0
35,married,primary,yes,no,unknown,may,8,,no,0
31,single,secondary,yes,no,cellular,feb,221,272.0,no,1
26,single,secondary,yes,yes,unknown,jun,626,,no,0
54,married,tertiary,no,yes,cellular,apr,240,162.0,yes,1
29,single,secondary,yes,no,unknown,may,140,,no,0
45,divorced,secondary,yes,no,unknown,may,277,,no,0
52,married,primary,yes,no,cellular,may,129,,no,0
30,single,secondary,yes,no,cellular,may,346,356.0,no,1
45,divorced,tertiary,no,yes,cellular,jul,110,,no,0
57,married,secondary,no,no,telephone,feb,219,311.0,no,1
33,married,secondary,yes,yes,cellular,jul,332,,no,0
32,married,secondary,no,no,unknown,may,143,,no,0
45,single,secondary,yes,no,cellular,jul,108,,no,0
36,married,unknown,yes,no,cellular,feb,184,,no,0
25,single,secondary,yes,no,unknown,may,268,,no,0
26,single,tertiary,yes,no,cellular,may,63,,no,0
37,married,secondary,yes,yes,cellular,feb,121,254.0,no,1
41,married,secondary,yes,yes,cellular,jul,234,,no,0
28,single,secondary,yes,yes,cellular,may,205,,no,0
37,single,primary,no,no,unknown,jun,39,,no,0
31,married,secondary,no,no,cellular,may,225,,no,0
52,married,primary,no,yes,cellular,nov,216,,no,0
31,single,secondary,no,no,cellular,feb,155,,no,0
38,divorced,secondary,no,no,cellular,aug,92,,no,0
34,single,secondary,yes,no,cellular,jul,219,,no,0
35,single,tertiary,yes,no,unknown,may,490,,no,0
51,divorced,secondary,no,yes,cellular,jul,157,,no,0
37,single,secondary,no,no,cellular,aug,933,,yes,0
41,married,tertiary,yes,no,telephone,jul,231,,no,0
28,married,secondary,no,no,unknown,jun,303,,no,0
42,divorced,tertiary,no,no,unknown,jun,61,,no,0
39,married,primary,yes,no,unknown,jun,112,,no,0
36,married,secondary,yes,no,unknown,may,191,,no,0
40,married,primary,yes,no,unknown,jun,541,,no,0
35,divorced,secondary,yes,no,unknown,may,300,,no,0
55,married,secondary,no,no,cellular,oct,135,113.0,no,1
34,married,secondary,yes,no,cellular,may,81,,no,0
54,divorced,tertiary,no,no,cellular,jul,321,,yes,0
59,single,secondary,no,no,cellular,feb,1086,,no,0
39,married,tertiary,no,no,cellular,jan,129,97.0,no,1
27,single,secondary,no,yes,telephone,jan,125,,no,0
38,single,secondary,yes,no,unknown,may,786,,yes,0
32,single,secondary,yes,no,cellular,may,482,,no,0
39,single,secondary,yes,no,unknown,may,788,,no,0
41,married,primary,yes,no,cellular,jul,125,,no,0
34,single,secondary,yes,no,cellular,jul,296,,no,0
31,married,primary,yes,no,unknown,may,31,,no,0
48,married,tertiary,no,yes,cellular,nov,106,,no,0
26,single,tertiary,no,no,cellular,apr,200,,yes,0
42,married,secondary,yes,no,telephone,may,231,284.0,no,1
36,married,unknown,yes,no,unknown,may,268,,no,0
27,single,tertiary,no,no,cellular,apr,114,,yes,0
33,single,tertiary,yes,yes,cellular,may,601,10.0,yes,1
50,married,tertiary,no,no,cellular,aug,869,,no,0
31,single,secondary,yes,no,cellular,may,197,355.0,no,1
44,married,secondary,yes,no,unknown,may,38,,no,0
32,married,secondary,no,no,cellular,aug,435,,no,0
25,single,secondary,no,no,cellular,oct,259,103.0,yes,1
29,married,secondary,yes,yes,cellular,jul,263,,no,0
57,married,tertiary,no,no,cellular,apr,142,,no,0
43,married,secondary,yes,yes,cellular,may,1126,350.0,no,1
29,married,secondary,no,no,cellular,jun,136,,no,0
36,divorced,secondary,no,no,cellular,aug,396,,yes,0
34,divorced,tertiary,no,yes,cellular,feb,102,170.0,no,1
32,married,tertiary,no,no,cellular,aug,19,,no,0
37,single,tertiary,no,no,cellular,may,29,349.0,no,1
33,married,tertiary,no,no,cellular,aug,96,104.0,no,1
54,married,secondary,no,no,cellular,aug,559,70.0,yes,1
33,married,secondary,yes,no,cellular,may,437,370.0,no,1
40,married,primary,yes,no,cellular,may,240,343.0,no,1
50,married,secondary,yes,no,cellular,may,124,369.0,no,1
51,married,primary,yes,yes,cellular,nov,233,,no,0
45,married,tertiary,no,no,cellular,dec,364,191.0,no,1
30,single,secondary,yes,no,cellular,may,428,,no,0
43,married,tertiary,yes,no,cellular,may,55,113.0,no,1
35,married,tertiary,no,no,cellular,aug,143,,no,0
41,married,primary,yes,yes,unknown,jun,10,,no,0
39,single,secondary,yes,no,unknown,jun,158,,no,0
30,single,tertiary,no,no,cellular,jan,200,,no,0
41,married,tertiary,no,no,cellular,feb,138,184.0,yes,1
24,married,secondary,yes,no,cellular,may,217,,no,0
52,divorced,secondary,no,no,cellular,jul,289,,no,0
41,married,primary,yes,no,telephone,jul,117,,no,0
32,single,secondary,yes,no,unknown,may,593,,no,0
43,married,unknown,yes,no,unknown,may,702,,no,0
32,married,tertiary,no,no,cellular,feb,666,,yes,0
47,married,secondary,no,no,telephone,jul,118,,no,0
31,single,secondary,no,yes,cellular,aug,162,,no,0
42,married,secondary,yes,no,unknown,may,93,,no,0
33,married,secondary,yes,yes,cellular,may,84,282.0,no,1
59,married,secondary,no,no,cellular,apr,173,,no,0
46,single,secondary,no,no,cellular,nov,108,,no,0
41,married,tertiary,no,no,cellular,aug,136,,no,0
35,divorced,secondary,yes,no,unknown,may,1205,,yes,0
53,married,primary,no,no,cellular,jul,114,,no,0
35,divorced,secondary,yes,no,unknown,may,114,,no,0
43,married,secondary,no,no,cellular,aug,574,84.0,yes,1
40,married,secondary,yes,yes,cellular,may,380,295.0,no,1
38,married,secondary,yes,no,cellular,may,191,,no,0
49,divorced,secondary,yes,yes,cellular,jul,67,,no,0
39,single,secondary,no,no,unknown,jun,20,,no,0
65,married,secondary,no,no,cellular,oct,189,,no,0
38,single,secondary,yes,no,unknown,may,160,,no,0
31,married,tertiary,yes,no,cellular,jul,266,,no,0
29,single,tertiary,no,no,cellular,feb,563,,no,0
37,married,secondary,yes,no,unknown,may,279,,no,0
28,single,tertiary,yes,no,cellular,apr,505,,no,0
38,married,tertiary,yes,no,cellular,apr,830,,yes,0
42,married,primary,yes,no,cellular,apr,68,,no,0
42,married,unknown,no,no,cellular,oct,72,160.0,no,1
33,single,unknown,yes,yes,cellular,nov,192,,no,0
40,married,secondary,yes,no,cellular,may,200,,no,0
46,married,tertiary,yes,no,cellular,jan,58,,no,0
50,married,secondary,no,no,cellular,apr,198,,no,0
31,married,secondary,yes,no,unknown,may,44,,no,0
27,single,tertiary,yes,yes,cellular,jan,236,,no,0
34,married,tertiary,no,no,cellular,aug,227,,no,0
55,divorced,tertiary,yes,yes,unknown,jun,267,,no,0
39,divorced,secondary,no,yes,cellular,jul,148,,no,0
49,married,secondary,yes,yes,unknown,may,137,,no,0
37,married,secondary,yes,no,cellular,may,268,,no,0
43,married,secondary,yes,no,cellular,apr,290,301.0,no,1
39,married,tertiary,yes,no,cellular,nov,180,,no,0
34,single,tertiary,yes,no,cellular,may,191,,no,0
51,married,secondary,no,no,unknown,jun,93,,no,0
57,divorced,secondary,no,no,cellular,nov,77,,no,0
32,married,tertiary,yes,no,cellular,nov,278,,no,0
53,married,tertiary,no,no,cellular,apr,284,84.0,yes,1
36,married,tertiary,yes,no,unknown,jun,13,,no,0
35,single,tertiary,yes,no,cellular,jul,70,,no,0
32,married,secondary,yes,yes,unknown,may,86,,no,0
33,married,secondary,no,no,cellular,aug,155,,no,0
37,married,secondary,yes,no,unknown,may,229,,no,0
48,single,primary,yes,no,cellular,feb,1425,,yes,0
40,married,secondary,yes,no,cellular,may,207,351.0,no,1
40,married,tertiary,yes,no,cellular,nov,375,125.0,no,1
32,single,secondary,no,no,cellular,aug,255,,yes,0
36,single,secondary,no,no,cellular,jun,93,,no,0
54,married,secondary,yes,no,unknown,may,190,,no,0
36,married,secondary,yes,no,unknown,may,210,,no,0
53,married,tertiary,no,no,cellular,jan,147,,no,0
31,single,secondary,no,no,cellular,apr,325,,yes,0
32,single,tertiary,no,no,cellular,aug,101,3.0,no,1
58,married,unknown,no,no,cellular,aug,273,,no,0
48,married,secondary,yes,yes,unknown,may,755,,no,0
59,married,tertiary,no,no,unknown,jun,41,,no,0
33,married,tertiary,yes,no,cellular,may,389,195.0,yes,1
31,single,secondary,yes,yes,unknown,may,111,,no,0
40,married,primary,yes,no,unknown,may,173,,no,0
43,married,tertiary,no,no,cellular,aug,190,,no,0
43,married,unknown,yes,no,unknown,may,37,,no,0
34,single,tertiary,no,no,cellular,nov,790,,no,0
35,single,primary,no,yes,unknown,jun,414,,no,0
56,married,tertiary,no,no,cellular,aug,454,,no,0
24,single,secondary,no,no,telephone,oct,280,97.0,no,1
45,single,primary,yes,no,unknown,jun,400,,no,0
40,divorced,secondary,yes,no,unknown,may,177,,no,0
40,married,primary,no,yes,cellular,jul,166,,no,0
52,married,secondary,no,yes,telephone,nov,871,,yes,0
30,single,secondary,yes,no,cellular,may,66,,no,0
57,married,primary,no,no,cellular,aug,207,,no,0
31,single,secondary,yes,no,telephone,nov,544,,no,0
48,married,secondary,yes,no,cellular,may,361,89.0,yes,1
51,divorced,primary,yes,no,cellular,may,347,284.0,no,1
25,single,tertiary,no,no,cellular,aug,225,,yes,0
46,divorced,primary,no,no,cellular,aug,100,,no,0
51,divorced,secondary,yes,no,cellular,nov,86,,no,0
39,married,primary,yes,no,unknown,jul,23,531.0,no,1
31,single,unknown,yes,no,cellular,may,72,,no,0
60,married,secondary,no,no,cellular,aug,143,,no,0
34,single,tertiary,no,no,cellular,dec,554,,no,0
43,single,secondary,yes,no,cellular,nov,78,110.0,no,1
38,married,primary,yes,no,unknown,may,180,,no,0
40,married,secondary,yes,no,unknown,may,143,,no,0
38,married,tertiary,no,no,cellular,aug,82,,no,0
39,single,primary,no,no,cellular,aug,261,,yes,0
46,married,primary,yes,no,unknown,may,322,,no,0
54,divorced,primary,yes,no,unknown,may,438,,no,0
35,single,tertiary,no,no,cellular,jul,101,,no,0
25,married,unknown,no,no,cellular,feb,151,297.0,yes,1
39,married,tertiary,no,no,cellular,jan,114,,no,0
30,married,primary,yes,no,unknown,may,409,,no,0
43,married,secondary,yes,no,cellular,jul,745,,yes,0
38,married,tertiary,yes,no,cellular,apr,82,,no,0
52,married,secondary,yes,no,unknown,jul,92,,no,0
77,married,primary,no,no,telephone,aug,345,178.0,yes,1
29,married,secondary,yes,no,unknown,may,314,,no,0
59,married,secondary,yes,no,cellular,may,301,263.0,no,1
55,single,secondary,no,no,unknown,jun,65,,no,0
37,single,secondary,no,no,cellular,aug,724,,yes,0
28,married,secondary,yes,no,cellular,may,450,,no,0
53,married,secondary,no,no,cellular,aug,25,,no,0
40,married,secondary,yes,no,unknown,may,166,,no,0
36,married,secondary,yes,no,cellular,may,427,,no,0
37,single,secondary,yes,no,unknown,may,110,,no,0
38,single,secondary,no,no,cellular,apr,117,,no,0
29,single,secondary,yes,no,unknown,may,188,,no,0
38,single,tertiary,yes,yes,cellular,aug,1103,,yes,0
32,married,secondary,yes,no,cellular,aug,168,,no,0
45,married,secondary,yes,no,cellular,may,447,,yes,0
54,married,secondary,yes,yes,unknown,may,133,,no,0
39,married,secondary,yes,no,cellular,aug,175,116.0,yes,1
46,married,primary,yes,no,unknown,may,526,,no,0
55,married,tertiary,yes,no,cellular,apr,878,,no,0
35,married,primary,no,no,cellular,jul,57,,no,0
31,single,secondary,no,no,cellular,feb,78,,no,0
33,married,secondary,no,no,cellular,apr,475,,yes,0
32,married,primary,yes,no,unknown,jul,19,,no,0
45,married,secondary,yes,no,unknown,may,171,,no,0
34,married,secondary,no,no,unknown,may,195,,no,0
30,married,tertiary,no,no,cellular,aug,51,,no,0
42,married,primary,yes,no,unknown,jun,40,,no,0
40,married,primary,yes,no,unknown,may,316,,no,0
36,married,tertiary,yes,no,unknown,may,509,,no,0
49,single,tertiary,yes,no,unknown,jun,59,,no,0
32,married,tertiary,no,no,cellular,may,126,356.0,no,1
34,married,tertiary,no,no,cellular,may,112,,no,0
26,married,secondary,yes,yes,unknown,jun,165,,no,0
60,divorced,secondary,yes,no,unknown,may,131,,no,0
38,married,primary,yes,no,cellular,nov,101,,no,0
37,married,secondary,yes,no,cellular,aug,59,,no,0
46,married,secondary,no,no,cellular,jul,100,,no,0
32,single,secondary,yes,no,cellular,nov,564,183.0,no,1
39,married,secondary,yes,no,unknown,jun,143,,no,0
57,married,tertiary,no,yes,unknown,may,262,,no,0
49,married,tertiary,no,no,cellular,aug,238,,no,0
30,single,secondary,yes,no,cellular,may,136,361.0,no,1
34,single,tertiary,no,no,cellular,aug,116,,no,0
35,single,secondary,yes,no,cellular,nov,305,,no,0
51,married,tertiary,no,no,unknown,jun,242,,no,0
49,married,primary,no,no,unknown,jun,124,,no,0
35,married,secondary,no,no,cellular,mar,136,,no,0
37,divorced,unknown,yes,no,cellular,may,200,,no,0
23,single,tertiary,yes,no,unknown,may,278,,no,0
58,married,primary,no,no,cellular,apr,122,341.0,no,1
44,married,secondary,yes,no,cellular,may,471,174.0,no,1
37,single,tertiary,no,no,cellular,jun,310,,yes,0
47,married,secondary,no,no,cellular,aug,68,,no,0
50,married,secondary,yes,no,unknown,may,180,,no,0
52,divorced,tertiary,yes,yes,cellular,apr,160,,no,0
39,married,tertiary,yes,yes,cellular,apr,517,255.0,no,1
33,single,secondary,yes,no,cellular,feb,1052,,no,0
35,single,tertiary,yes,no,cellular,may,107,265.0,no,1
36,married,secondary,yes,no,cellular,may,113,,no,0
31,married,tertiary,yes,yes,unknown,may,523,,no,0
43,married,tertiary,yes,no,cellular,nov,214,,no,0
28,married,tertiary,no,yes,cellular,jul,57,,no,0
48,single,tertiary,yes,no,cellular,sep,600,92.0,yes,1
34,divorced,secondary,no,yes,unknown,jul,88,,no,0
38,married,secondary,yes,no,cellular,jul,1545,,yes,0
34,married,tertiary,no,no,cellular,jul,60,,no,0
33,married,secondary,yes,no,cellular,may,27,,no,0
31,single,secondary,yes,no,cellular,jul,381,,no,0
30,single,secondary,yes,no,unknown,jun,178,,no,0
45,married,secondary,yes,no,cellular,may,108,,no,0
31,single,tertiary,no,no,cellular,jun,107,,yes,0
47,divorced,secondary,yes,no,cellular,jul,142,,no,0
42,single,unknown,no,no,cellular,aug,187,102.0,yes,1
50,married,secondary,no,no,cellular,jul,155,,no,0
30,single,secondary,no,no,cellular,oct,54,,no,0
23,single,secondary,no,no,cellular,aug,217,99.0,yes,1
40,married,secondary,no,no,unknown,jun,208,,no,0
36,single,secondary,no,no,telephone,feb,38,,no,0
39,single,secondary,no,no,unknown,jun,188,,no,0
48,married,secondary,yes,no,unknown,may,224,,no,0
31,single,secondary,yes,no,cellular,may,97,370.0,no,1
30,single,secondary,no,no,cellular,apr,245,,no,0
56,married,secondary,no,no,cellular,jul,659,,no,0
53,married,primary,no,no,unknown,jun,159,,no,0
53,married,primary,yes,no,telephone,may,11,,no,0
50,married,primary,yes,no,cellular,may,99,339.0,no,1
29,single,unknown,no,no,cellular,feb,186,,no,0
56,married,tertiary,yes,yes,cellular,apr,326,,no,0
56,married,primary,no,no,unknown,may,215,,no,0
60,single,secondary,no,no,cellular,feb,175,8.0,no,1
35,single,secondary,yes,no,cellular,may,1359,368.0,yes,1
33,married,tertiary,no,no,cellular,aug,99,,no,0
33,single,tertiary,no,no,cellular,aug,56,,no,0
48,married,secondary,yes,yes,cellular,may,99,,no,0
66,single,tertiary,no,no,cellular,aug,275,,no,0
23,single,secondary,yes,no,unknown,jun,280,,no,0
59,married,secondary,yes,yes,cellular,apr,126,239.0,no,1
57,married,tertiary,yes,no,cellular,jul,322,,no,0
35,married,secondary,yes,no,unknown,may,74,,no,0
29,single,secondary,no,yes,cellular,jul,108,,no,0
31,single,tertiary,yes,no,cellular,jul,211,92.0,no,1
37,married,secondary,no,no,cellular,jul,629,,yes,0
60,divorced,secondary,yes,yes,cellular,feb,1658,262.0,yes,1
46,married,primary,yes,no,cellular,feb,75,264.0,no,1
25,single,unknown,no,yes,cellular,jul,455,,no,0
51,married,tertiary,no,no,unknown,jun,92,,no,0
51,married,tertiary,no,no,cellular,nov,977,,yes,0
33,married,secondary,no,no,cellular,nov,262,94.0,yes,1
43,divorced,secondary,yes,no,cellular,jan,130,247.0,no,1
41,single,secondary,yes,yes,cellular,apr,154,,no,0
40,married,secondary,yes,no,cellular,may,851,,no,0
46,married,primary,no,no,cellular,aug,996,,yes,0
36,married,secondary,no,yes,unknown,jun,138,,no,0
35,single,tertiary,yes,no,cellular,may,460,,yes,0
54,married,unknown,no,no,unknown,jun,13,,no,0
32,married,primary,no,no,cellular,jan,696,,yes,0
26,single,tertiary,no,no,cellular,aug,238,,yes,0
49,divorced,secondary,no,yes,cellular,feb,1226,,yes,0
40,married,tertiary,no,no,cellular,apr,499,185.0,yes,1
31,single,tertiary,no,no,cellular,sep,208,105.0,no,1
50,married,tertiary,yes,no,cellular,jul,68,,no,0
57,married,primary,yes,no,unknown,may,139,,no,0
56,married,secondary,no,no,unknown,jun,54,,no,0
40,married,primary,yes,yes,cellular,may,361,,no,0
55,married,unknown,yes,no,cellular,nov,237,182.0,no,1
67,married,unknown,no,no,telephone,may,77,,no,0
37,married,secondary,yes,no,unknown,jun,41,,no,0
56,single,tertiary,no,no,cellular,aug,57,,no,0
60,married,tertiary,yes,no,unknown,may,194,,no,0
29,single,secondary,yes,no,unknown,jun,182,,no,0
35,married,tertiary,no,no,cellular,aug,82,,no,0
41,married,unknown,yes,no,cellular,may,111,371.0,no,1
35,married,secondary,yes,no,cellular,may,862,337.0,yes,1
37,married,tertiary,yes,no,cellular,jul,283,,no,0
30,single,tertiary,no,no,cellular,dec,449,,yes,0
40,married,secondary,no,no,cellular,jul,277,,no,0
50,married,tertiary,yes,no,unknown,jun,200,,no,0
29,single,tertiary,no,no,cellular,may,245,97.0,no,1
31,married,tertiary,yes,yes,cellular,feb,331,,yes,0
46,married,tertiary,yes,no,cellular,jul,85,,no,0
58,married,tertiary,no,no,unknown,may,177,,no,0
33,married,secondary,yes,no,cellular,may,90,,no,0
44,married,secondary,yes,no,telephone,jul,257,,no,0
70,married,tertiary,no,no,cellular,oct,110,,no,0
56,married,primary,yes,no,unknown,jun,108,,no,0
47,married,secondary,yes,no,cellular,jul,110,,no,0
44,married,secondary,yes,no,unknown,may,65,,no,0
29,single,secondary,yes,yes,unknown,may,176,,no,0
45,married,secondary,yes,no,cellular,jul,167,,no,0
33,single,tertiary,yes,no,cellular,nov,199,,no,0
39,married,primary,yes,no,unknown,may,347,,no,0
50,married,secondary,no,yes,cellular,jul,1130,,yes,0
45,divorced,secondary,no,no,unknown,jul,155,,no,0
52,married,primary,no,no,telephone,jun,153,,no,0
47,married,secondary,yes,no,unknown,jun,67,,no,0
33,married,secondary,no,no,cellular,may,367,,yes,0
56,married,secondary,yes,no,unknown,may,264,,no,0
33,married,tertiary,yes,no,cellular,nov,245,,no,0
36,married,primary,yes,no,unknown,may,522,,no,0
58,married,primary,no,no,cellular,aug,396,,no,0
51,married,secondary,yes,no,telephone,jul,722,,no,0
60,married,primary,no,no,unknown,may,395,,no,0
44,single,primary,no,no,unknown,jun,258,,no,0
38,married,tertiary,no,no,cellular,apr,85,,no,0
32,single,tertiary,yes,no,cellular,apr,114,,yes,0
43,divorced,secondary,no,no,cellular,aug,332,,no,0
51,married,secondary,no,no,cellular,aug,141,,no,0
30,single,secondary,yes,no,cellular,apr,948,,no,0
54,divorced,secondary,yes,no,unknown,may,260,,no,0
45,married,tertiary,yes,yes,cellular,jul,118,,no,0
52,married,tertiary,no,no,cellular,jul,127,,no,0
32,married,tertiary,no,no,cellular,aug,80,,no,0
41,married,primary,yes,no,cellular,feb,192,8.0,no,1
42,married,unknown,no,no,cellular,jul,268,,yes,0
39,married,tertiary,yes,no,unknown,may,253,,no,0
60,married,tertiary,no,no,unknown,jun,320,,no,0
43,divorced,primary,yes,yes,cellular,jul,747,,no,0
47,married,tertiary,yes,yes,unknown,jun,339,,no,0
30,married,secondary,no,yes,cellular,jul,1046,,no,0
32,single,secondary,yes,no,cellular,may,158,,yes,0
49,married,primary,no,no,unknown,jun,204,,no,0
36,single,secondary,no,no,cellular,may,1243,,no,0
47,married,secondary,yes,no,cellular,feb,139,73.0,no,1
36,married,secondary,yes,no,cellular,apr,344,,no,0
46,married,primary,yes,no,cellular,nov,332,,no,0
60,married,secondary,no,no,cellular,aug,92,,no,0
36,single,tertiary,no,no,unknown,jun,398,,no,0
36,single,secondary,yes,yes,unknown,may,156,,no,0
42,married,secondary,no,no,unknown,may,249,,no,0
46,married,primary,yes,no,cellular,apr,70,344.0,no,1
58,divorced,secondary,no,no,cellular,aug,167,,no,0
42,single,tertiary,no,no,cellular,feb,393,,no,0
40,married,secondary,no,no,cellular,jul,253,,no,0
47,married,secondary,no,yes,cellular,jun,238,139.0,no,1
39,married,secondary,yes,no,cellular,may,135,361.0,no,1
55,married,secondary,no,no,unknown,jun,60,,no,0
54,married,tertiary,yes,no,cellular,aug,205,,no,0
33,single,unknown,yes,no,unknown,may,415,,no,0
33,married,secondary,yes,no,cellular,jul,301,,no,0
45,married,secondary,yes,no,unknown,jun,151,,no,0
31,married,secondary,yes,no,unknown,may,146,,no,0
34,married,tertiary,no,no,cellular,aug,68,,no,0
38,married,primary,yes,yes,telephone,may,212,,no,0
48,single,unknown,yes,no,unknown,may,101,,no,0
30,married,secondary,yes,no,unknown,may,610,,no,0
34,married,tertiary,no,no,cellular,may,243,35.0,yes,1
59,married,secondary,yes,no,cellular,jul,272,,no,0
37,married,primary,no,no,unknown,jun,228,,no,0
31,single,secondary,yes,no,unknown,may,66,,no,0
55,divorced,unknown,no,no,telephone,jul,91,,no,0
45,married,secondary,yes,no,unknown,may,211,,no,0
31,married,tertiary,no,no,cellular,aug,74,,no,0
39,married,primary,no,no,unknown,jun,215,,no,0
34,married,tertiary,yes,no,unknown,may,895,,yes,0
56,married,secondary,no,no,unknown,jun,237,,no,0
34,married,secondary,yes,no,cellular,nov,107,,no,0
24,single,secondary,no,no,cellular,may,331,,no,0
55,single,tertiary,no,no,cellular,jul,246,,no,0
40,married,secondary,yes,no,unknown,may,107,,no,0
31,married,tertiary,yes,no,cellular,jun,122,185.0,no,1
56,married,secondary,no,no,unknown,jun,935,,yes,0
41,married,secondary,yes,no,cellular,feb,418,,no,0
35,married,secondary,no,yes,cellular,aug,823,,yes,0
49,married,tertiary,yes,no,unknown,may,221,,no,0
33,married,secondary,yes,no,cellular,may,263,294.0,no,1
58,married,secondary,yes,no,unknown,may,140,,no,0
55,married,secondary,no,no,cellular,jul,138,,no,0
30,single,tertiary,no,yes,cellular,jul,214,,no,0
40,divorced,secondary,yes,no,unknown,jun,363,,no,0
32,single,tertiary,no,no,telephone,jan,223,275.0,no,1
55,married,secondary,yes,no,cellular,jul,155,,no,0
35,married,secondary,yes,no,unknown,aug,6,,no,0
32,married,tertiary,yes,no,unknown,may,179,,no,0
41,divorced,tertiary,yes,no,cellular,nov,855,,no,0
56,married,primary,yes,no,cellular,nov,149,,no,0
47,married,unknown,no,no,cellular,aug,187,,no,0
55,married,secondary,yes,no,cellular,jul,314,,no,0
56,married,secondary,yes,yes,cellular,apr,152,223.0,no,1
46,married,primary,yes,no,unknown,may,123,,no,0
53,married,secondary,yes,no,cellular,apr,304,340.0,no,1
44,married,tertiary,no,no,cellular,aug,243,,no,0
60,married,primary,no,yes,cellular,jan,326,183.0,no,1
40,married,primary,no,no,unknown,jun,100,,no,0
34,married,secondary,yes,yes,unknown,may,16,,no,0
59,married,secondary,no,yes,unknown,may,61,,no,0
30,single,secondary,yes,yes,cellular,may,91,,no,0
49,married,secondary,yes,yes,unknown,may,189,,no,0
29,single,secondary,no,no,cellular,may,50,,no,0
37,married,secondary,no,no,unknown,jun,105,,no,0
56,married,secondary,yes,yes,unknown,jul,71,,no,0
28,single,secondary,yes,no,cellular,apr,52,,no,0
34,married,secondary,yes,no,cellular,apr,579,350.0,no,1
29,single,secondary,no,no,cellular,feb,605,,no,0
58,divorced,primary,no,no,cellular,jul,128,234.0,no,1
30,married,secondary,yes,no,unknown,may,173,,no,0
39,single,tertiary,yes,no,cellular,feb,268,196.0,no,1
42,single,primary,no,no,unknown,jun,973,,yes,0
31,married,secondary,no,yes,cellular,aug,144,,no,0
39,married,secondary,yes,no,unknown,may,214,,no,0
46,divorced,primary,yes,no,cellular,apr,541,150.0,no,1
31,married,tertiary,yes,no,cellular,jul,118,,no,0
34,married,primary,yes,no,cellular,feb,192,,no,0
27,married,secondary,yes,no,unknown,may,21,,no,0
37,married,secondary,yes,no,cellular,jul,108,,no,0
44,married,secondary,no,no,cellular,jul,367,,no,0
43,married,secondary,yes,no,cellular,apr,131,349.0,no,1
27,single,tertiary,no,no,cellular,jan,144,,no,0
37,married,secondary,no,no,cellular,jul,126,,no,0
36,married,secondary,yes,no,cellular,may,224,,yes,0
31,married,secondary,yes,no,cellular,nov,226,,no,0
37,married,tertiary,yes,yes,cellular,nov,69,,no,0
30,single,secondary,no,no,cellular,aug,21,,no,0
49,married,primary,no,yes,cellular,aug,125,,no,0
46,married,unknown,no,no,cellular,feb,425,82.0,no,1
36,married,secondary,yes,no,telephone,may,91,170.0,no,1
59,married,secondary,no,no,telephone,jun,277,,no,0
27,single,secondary,yes,no,unknown,jun,172,,no,0
34,married,secondary,yes,no,cellular,may,16,273.0,no,1
51,married,secondary,no,no,cellular,aug,237,,no,0
28,single,tertiary,yes,no,cellular,jul,170,,no,0
26,single,secondary,no,yes,cellular,jul,299,,no,0
66,married,primary,no,no,telephone,aug,117,,no,0
30,single,tertiary,no,no,cellular,mar,92,90.0,yes,1
59,married,primary,no,no,telephone,apr,85,,no,0
53,married,primary,yes,no,unknown,may,73,,no,0
63,divorced,secondary,no,no,cellular,aug,415,,no,0
28,single,unknown,yes,no,unknown,may,307,,no,0
37,married,secondary,no,no,cellular,jan,1424,,no,0
32,single,primary,no,no,cellular,nov,149,,no,0
35,married,secondary,yes,no,unknown,jun,753,,no,0
59,married,secondary,no,no,cellular,nov,117,,no,0
33,married,secondary,no,no,unknown,may,211,,no,0
48,single,primary,no,no,cellular,may,75,,no,0
36,single,secondary,no,no,cellular,oct,135,91.0,no,1
43,married,secondary,no,no,unknown,jun,153,,no,0
40,married,secondary,yes,no,unknown,may,633,,no,0
59,married,primary,yes,no,telephone,jul,97,,no,0
37,married,primary,yes,yes,cellular,jul,46,,no,0
52,married,secondary,no,yes,cellular,feb,72,203.0,no,1
54,married,unknown,no,no,cellular,oct,335,,yes,0
32,married,secondary,no,no,unknown,may,206,,no,0
24,single,secondary,yes,no,unknown,may,570,,no,0
29,married,secondary,yes,no,cellular,jul,346,,no,0
31,single,primary,yes,no,unknown,may,485,,no,0
51,married,secondary,no,no,cellular,nov,73,,no,0
39,single,secondary,no,no,cellular,sep,213,185.0,yes,1
37,single,primary,yes,no,unknown,may,196,,no,0
36,married,secondary,yes,no,cellular,apr,103,,no,0
38,single,secondary,yes,no,cellular,may,61,,no,0
57,married,tertiary,no,no,cellular,jun,295,,yes,0
30,single,secondary,yes,no,cellular,may,420,,yes,0
34,married,tertiary,yes,no,cellular,apr,140,,no,0
52,married,unknown,yes,no,cellular,jul,212,,no,0
52,married,primary,no,no,cellular,aug,217,,no,0
28,single,secondary,no,no,cellular,jun,60,,no,0
38,married,primary,no,no,cellular,aug,634,,no,0
45,married,secondary,yes,yes,unknown,may,208,,no,0
30,single,secondary,yes,no,cellular,nov,705,,yes,0
56,married,tertiary,yes,yes,cellular,jan,299,2.0,no,1
31,married,secondary,yes,no,unknown,may,167,,no,0
44,married,secondary,yes,yes,cellular,may,10,,no,0
38,married,tertiary,no,no,cellular,aug,210,,no,0
34,single,primary,yes,no,cellular,feb,288,,no,0
37,single,secondary,yes,no,unknown,may,78,,no,0
44,single,secondary,no,no,unknown,jun,82,,no,0
56,married,secondary,no,no,cellular,oct,223,,no,0
37,married,tertiary,yes,no,cellular,may,281,345.0,no,1
43,divorced,secondary,yes,no,cellular,nov,63,,no,0
59,single,secondary,yes,yes,cellular,apr,84,,no,0
39,single,tertiary,no,no,cellular,aug,342,,no,0
30,single,tertiary,yes,no,cellular,may,145,281.0,no,1
77,married,secondary,no,no,telephone,mar,515,,yes,0
29,single,secondary,no,yes,unknown,jul,200,,no,0
56,divorced,secondary,yes,yes,cellular,may,263,357.0,no,1
53,married,tertiary,no,yes,cellular,nov,442,113.0,no,1
52,married,primary,no,no,unknown,jun,553,,no,0
30,single,tertiary,no,no,cellular,mar,158,,yes,0
35,married,primary,yes,no,cellular,apr,110,,no,0
41,married,secondary,no,no,cellular,nov,202,,no,0
43,single,secondary,yes,no,cellular,may,107,,no,0
51,married,tertiary,yes,no,cellular,may,154,363.0,no,1
26,single,secondary,yes,yes,cellular,jul,46,,no,0
55,divorced,tertiary,no,no,cellular,nov,134,91.0,yes,1
51,divorced,secondary,yes,no,cellular,jul,97,,no,0
60,married,primary,no,no,cellular,oct,205,,no,0
77,married,unknown,no,no,telephone,feb,261,,no,0
45,divorced,secondary,no,no,cellular,nov,39,127.0,no,1
28,single,secondary,no,no,unknown,may,107,,no,0
31,single,secondary,yes,yes,unknown,may,431,,no,0
28,single,secondary,yes,no,cellular,may,188,360.0,no,1
34,married,primary,yes,no,unknown,jun,75,,no,0
39,single,secondary,no,yes,cellular,jul,106,,no,0
33,married,secondary,yes,no,cellular,apr,407,,no,0
41,married,tertiary,no,no,cellular,aug,206,97.0,no,1
60,married,secondary,no,no,cellular,may,173,279.0,yes,1
47,married,secondary,no,no,cellular,feb,226,,yes,0
51,divorced,secondary,no,no,cellular,aug,146,,no,0
51,single,secondary,no,no,cellular,jul,638,,yes,0
60,married,tertiary,no,no,cellular,aug,80,,no,0
43,married,secondary,no,no,cellular,aug,291,95.0,yes,1
34,married,primary,yes,yes,cellular,jul,15,,no,0
43,married,primary,no,no,telephone,jul,245,,no,0
43,married,tertiary,no,no,unknown,jun,367,,no,0
51,married,tertiary,yes,no,cellular,nov,727,,no,0
54,single,tertiary,yes,no,cellular,apr,376,,no,0
30,single,secondary,no,no,cellular,jul,133,,no,0
42,married,primary,yes,no,unknown,jun,627,,no,0
46,single,tertiary,no,no,cellular,aug,225,,yes,0
40,married,secondary,yes,no,cellular,aug,55,,no,0
47,married,unknown,yes,no,cellular,may,175,,no,0
38,single,tertiary,no,no,cellular,jun,352,,no,0
40,married,secondary,no,no,cellular,nov,82,,no,0
45,single,primary,yes,no,cellular,jan,78,,no,0
49,married,secondary,no,no,cellular,aug,57,,no,0
36,married,primary,yes,no,unknown,jun,278,,no,0
26,single,tertiary,yes,no,cellular,jan,78,,no,0
55,married,tertiary,no,no,cellular,feb,80,,no,0
30,single,tertiary,no,no,cellular,jun,238,,yes,0
49,married,primary,yes,no,telephone,nov,33,,no,0
43,single,tertiary,no,no,cellular,nov,11,,no,0
34,married,secondary,yes,no,unknown,may,627,,no,0
60,married,tertiary,no,no,cellular,aug,139,,no,0
35,married,secondary,yes,no,cellular,aug,240,,no,0
35,single,secondary,no,no,cellular,aug,113,,no,0
38,single,tertiary,no,no,cellular,aug,79,,no,0
32,single,tertiary,yes,no,unknown,may,303,,no,0
36,single,tertiary,yes,no,cellular,may,608,,yes,0
36,married,secondary,yes,no,unknown,may,137,,no,0
42,married,tertiary,no,no,unknown,jun,116,,no,0
33,single,unknown,no,no,cellular,may,136,,no,0
49,married,secondary,no,no,cellular,aug,227,,no,0
40,single,primary,yes,no,cellular,may,70,,no,0
51,married,tertiary,no,yes,cellular,jul,371,166.0,yes,1
57,married,primary,yes,no,unknown,jun,319,,no,0
31,married,tertiary,yes,no,cellular,may,96,349.0,no,1
32,married,secondary,yes,no,unknown,may,431,,no,0
28,married,secondary,yes,no,unknown,jul,53,,no,0
28,single,secondary,no,no,cellular,may,253,107.0,no,1
36,married,secondary,yes,yes,unknown,may,88,,no,0
35,single,tertiary,no,no,cellular,aug,125,,no,0
41,married,secondary,yes,yes,cellular,nov,12,190.0,no,1
46,married,primary,yes,yes,unknown,may,221,,no,0
52,married,secondary,yes,no,cellular,jul,58,,no,0
28,married,secondary,yes,yes,unknown,jun,121,,no,0
33,married,secondary,yes,no,unknown,may,123,,no,0
50,divorced,secondary,yes,no,unknown,jun,88,,no,0
33,married,tertiary,yes,no,cellular,aug,12,,no,0
40,single,secondary,no,no,cellular,jul,1342,,yes,0
54,married,primary,yes,no,cellular,aug,120,,no,0
53,divorced,secondary,yes,yes,cellular,may,48,,no,0
34,married,primary,yes,no,unknown,may,20,,no,0
32,single,tertiary,yes,no,cellular,feb,122,,no,0
55,married,primary,yes,no,unknown,may,160,,no,0
52,married,primary,no,no,cellular,jan,73,,no,0
28,married,primary,yes,no,unknown,may,78,,no,0
43,married,secondary,yes,yes,cellular,may,51,,no,0
37,single,secondary,yes,no,cellular,jul,484,,no,0
36,married,secondary,yes,yes,cellular,feb,50,,no,0
33,married,primary,yes,no,cellular,apr,311,330.0,no,1
43,single,secondary,yes,no,cellular,may,260,,no,0
42,divorced,tertiary,no,no,cellular,nov,140,,no,0
28,married,tertiary,no,yes,cellular,jan,188,,no,0
56,married,tertiary,yes,yes,cellular,nov,113,,no,0
31,single,secondary,yes,no,unknown,may,182,,no,0
60,married,primary,yes,no,unknown,may,140,,no,0
45,married,primary,no,no,cellular,jul,639,,no,0
49,single,primary,no,no,cellular,feb,433,,no,0
31,divorced,secondary,yes,no,cellular,jul,72,,no,0
31,single,secondary,no,yes,cellular,feb,323,109.0,no,1
38,divorced,secondary,yes,no,unknown,may,604,,yes,0
50,married,primary,yes,yes,cellular,apr,184,151.0,no,1
31,single,tertiary,no,no,cellular,apr,214,87.0,no,1
29,married,secondary,yes,no,unknown,jun,355,,no,0
34,single,tertiary,no,no,cellular,nov,93,,no,0
27,single,tertiary,no,no,telephone,may,281,101.0,no,1
33,single,secondary,no,no,cellular,feb,118,,no,0
27,single,secondary,yes,no,cellular,jan,274,,no,0
72,married,secondary,no,no,cellular,aug,186,,yes,0
30,single,secondary,yes,yes,unknown,may,287,,no,0
37,married,primary,yes,no,cellular,jul,467,,no,0
32,married,tertiary,no,no,cellular,feb,106,,no,0
36,married,tertiary,no,yes,cellular,aug,452,,no,0
34,single,secondary,yes,no,cellular,may,14,,no,0
25,single,unknown,no,no,cellular,may,311,,yes,0
41,married,tertiary,no,no,unknown,jun,13,,no,0
34,married,secondary,no,no,cellular,apr,282,150.0,no,1
38,married,primary,no,no,unknown,jun,49,,no,0
38,married,secondary,yes,no,unknown,may,130,,no,0
60,married,primary,no,no,unknown,jun,227,,no,0
36,married,secondary,no,no,cellular,jul,24,,no,0
34,single,tertiary,no,no,cellular,aug,215,,no,0
29,married,tertiary,yes,yes,cellular,jul,58,,no,0
33,single,secondary,no,yes,cellular,jul,254,,no,0
64,married,primary,yes,no,cellular,feb,65,,no,0
35,single,secondary,yes,no,cellular,may,456,300.0,yes,1
43,married,primary,yes,no,cellular,may,58,347.0,no,1
27,single,secondary,yes,yes,unknown,jun,680,,no,0
71,married,secondary,no,no,cellular,feb,660,,yes,0
41,divorced,secondary,yes,no,cellular,may,442,,no,0
53,married,tertiary,no,yes,cellular,jul,86,,no,0
33,married,tertiary,yes,no,cellular,aug,113,,no,0
36,single,tertiary,yes,no,unknown,jun,756,,no,0
38,married,tertiary,no,yes,cellular,nov,160,120.0,no,1
33,single,tertiary,no,no,telephone,nov,76,,no,0
65,married,primary,no,no,telephone,feb,159,,no,0
44,married,primary,yes,no,telephone,jul,224,,no,0
41,divorced,secondary,yes,no,unknown,jun,196,,no,0
39,married,primary,no,no,unknown,jun,99,,no,0
32,married,primary,yes,yes,telephone,jul,454,,no,0
43,married,secondary,yes,no,cellular,may,216,368.0,no,1
60,married,secondary,no,no,telephone,jun,206,,yes,0
34,single,secondary,no,no,cellular,aug,124,,no,0
33,married,tertiary,yes,no,unknown,jun,223,,no,0
46,married,secondary,yes,no,cellular,apr,78,,no,0
24,single,secondary,no,no,cellular,apr,66,330.0,no,1
30,married,tertiary,no,no,cellular,jul,146,,no,0
51,married,secondary,yes,no,cellular,nov,150,188.0,no,1
37,married,tertiary,no,no,telephone,feb,367,176.0,yes,1
44,married,secondary,yes,no,unknown,may,197,,no,0
51,married,secondary,yes,no,telephone,nov,117,,no,0
32,married,primary,no,no,cellular,aug,68,,no,0
42,married,secondary,yes,no,cellular,jul,129,,no,0
35,married,secondary,yes,no,cellular,apr,268,,no,0
35,single,secondary,yes,yes,cellular,may,193,,no,0
28,married,secondary,yes,yes,unknown,may,345,,no,0
48,married,primary,yes,no,unknown,jun,109,,no,0
31,single,tertiary,no,no,cellular,aug,238,,no,0
56,divorced,unknown,no,no,cellular,apr,124,,no,0
35,single,tertiary,yes,no,cellular,apr,263,224.0,no,1
42,married,tertiary,no,no,unknown,may,157,,no,0
34,married,tertiary,yes,no,unknown,may,314,,no,0
55,divorced,secondary,yes,no,unknown,may,23,,no,0
39,single,tertiary,no,no,cellular,feb,83,,no,0
51,married,secondary,yes,no,unknown,may,664,,no,0
33,married,secondary,no,no,cellular,jul,489,,no,0
42,married,secondary,yes,yes,cellular,nov,158,,no,0
36,married,secondary,no,no,cellular,aug,85,,no,0
42,single,tertiary,no,no,cellular,aug,428,,no,0
35,divorced,tertiary,yes,no,cellular,jan,141,245.0,no,1
60,married,tertiary,no,no,unknown,jun,324,,no,0
37,married,tertiary,yes,no,cellular,jul,64,,no,0
30,married,tertiary,yes,yes,cellular,jul,302,,no,0
52,married,secondary,no,no,cellular,aug,88,,no,0
46,married,secondary,yes,no,unknown,may,489,,no,0
60,married,primary,no,no,unknown,apr,111,,yes,0
38,married,primary,yes,no,cellular,may,87,,no,0
30,married,secondary,yes,no,cellular,may,475,,no,0
41,married,primary,yes,no,cellular,may,217,,no,0
54,married,tertiary,no,no,cellular,may,145,,no,0
52,married,tertiary,no,no,telephone,jul,30,,no,0
34,single,secondary,yes,yes,cellular,jul,71,,no,0
31,single,secondary,yes,no,unknown,may,320,,no,0
24,single,secondary,no,no,cellular,oct,165,95.0,yes,1
36,married,secondary,no,no,unknown,jun,73,,no,0
36,married,secondary,no,no,cellular,jul,43,,no,0
38,divorced,unknown,no,no,unknown,jun,1409,,yes,0
29,married,secondary,yes,no,unknown,jun,153,,no,0
37,married,secondary,yes,no,cellular,apr,420,,no,0
47,married,secondary,yes,no,unknown,may,68,,no,0
28,single,secondary,yes,no,cellular,jan,161,265.0,no,1
75,married,secondary,no,no,telephone,apr,185,181.0,yes,1
59,married,primary,no,no,telephone,jul,733,,no,0
43,divorced,secondary,yes,yes,cellular,may,163,370.0,no,1
46,married,tertiary,yes,yes,cellular,nov,64,,no,0
43,single,tertiary,yes,no,cellular,aug,161,,no,0
31,married,secondary,yes,yes,cellular,may,0,,no,0
39,married,tertiary,no,no,cellular,apr,567,,yes,0
56,married,unknown,no,no,cellular,jul,83,,no,0
44,single,tertiary,yes,no,unknown,may,194,,no,0
48,married,secondary,yes,no,cellular,jul,114,,no,0
35,married,secondary,yes,no,unknown,may,265,,no,0
27,single,tertiary,yes,no,unknown,may,163,,no,0
44,married,tertiary,yes,yes,cellular,feb,170,,yes,0
32,single,unknown,no,no,cellular,jul,474,,yes,0
29,single,secondary,no,no,cellular,may,246,,no,0
33,single,secondary,yes,no,cellular,aug,131,,no,0
28,single,secondary,yes,no,unknown,may,350,,no,0
51,single,tertiary,yes,no,cellular,nov,99,,no,0
28,single,secondary,no,no,unknown,aug,61,,no,0
46,married,unknown,yes,no,cellular,aug,260,457.0,yes,1
45,married,secondary,no,no,cellular,apr,572,,no,0
47,divorced,tertiary,yes,no,cellular,may,85,370.0,no,1
38,divorced,tertiary,no,no,cellular,aug,138,,no,0
38,married,secondary,no,no,cellular,aug,252,,yes,0
29,single,primary,yes,no,cellular,may,137,,no,0
41,married,primary,yes,no,cellular,nov,88,,no,0
45,married,secondary,no,no,cellular,may,269,,no,0
31,married,secondary,yes,no,cellular,sep,245,,no,0
36,single,secondary,no,yes,cellular,jul,258,,no,0
28,married,tertiary,yes,no,cellular,may,348,,no,0
38,single,secondary,yes,no,unknown,may,21,,no,0
55,married,secondary,yes,no,cellular,feb,445,267.0,no,1
48,married,secondary,yes,no,unknown,may,465,,no,0
44,married,tertiary,no,no,cellular,nov,240,40.0,no,1
35,single,tertiary,no,yes,cellular,jul,71,,no,0
35,single,tertiary,yes,no,cellular,apr,687,9.0,yes,1
55,married,secondary,yes,no,unknown,may,267,,no,0
35,divorced,secondary,no,yes,cellular,jul,199,,no,0
49,married,secondary,yes,yes,cellular,jul,95,,no,0
28,single,secondary,yes,no,unknown,may,218,,no,0
46,married,primary,no,no,telephone,jan,157,,no,0
43,single,primary,yes,no,cellular,nov,104,,no,0
46,divorced,tertiary,no,no,cellular,jan,1199,,yes,0
25,single,secondary,yes,no,cellular,may,191,,no,0
56,married,secondary,no,yes,cellular,jul,428,,no,0
36,divorced,secondary,yes,yes,unknown,may,207,,no,0
52,married,tertiary,no,no,cellular,aug,762,,yes,0
36,single,secondary,yes,no,cellular,feb,631,260.0,yes,1
35,married,secondary,yes,no,cellular,may,19,360.0,no,1
43,married,primary,yes,no,telephone,oct,166,183.0,yes,1
33,single,tertiary,no,no,cellular,jan,219,,no,0
55,divorced,tertiary,no,no,unknown,may,283,,no,0
46,married,primary,no,no,cellular,aug,153,,no,0
38,married,secondary,no,no,unknown,jun,119,,no,0
39,married,secondary,yes,no,telephone,oct,158,,yes,0
38,married,tertiary,yes,no,cellular,may,251,,no,0
48,single,primary,yes,no,unknown,jun,112,,no,0
48,married,tertiary,no,yes,cellular,feb,1423,,no,0
46,married,secondary,yes,no,cellular,apr,836,,no,0
52,divorced,secondary,no,no,cellular,jul,530,,no,0
36,married,tertiary,yes,yes,cellular,jan,150,189.0,no,1
33,single,primary,yes,no,unknown,may,180,,no,0
35,married,primary,yes,no,cellular,nov,217,,no,0
35,married,secondary,yes,no,unknown,jun,826,,no,0
51,divorced,primary,yes,no,cellular,may,829,296.0,yes,1
48,married,secondary,no,no,cellular,apr,271,79.0,yes,1
47,married,tertiary,yes,no,cellular,may,323,364.0,no,1
50,married,primary,no,no,unknown,may,60,,no,0
26,married,secondary,yes,no,cellular,may,253,,no,0
38,married,secondary,yes,yes,unknown,may,195,,no,0
46,divorced,secondary,yes,no,unknown,may,229,,no,0
50,single,unknown,no,no,unknown,jun,189,,no,0
45,married,tertiary,no,no,cellular,apr,619,,yes,0
34,married,tertiary,yes,no,cellular,aug,144,,no,0
37,married,secondary,yes,yes,cellular,may,133,,no,0
43,divorced,secondary,yes,yes,cellular,feb,618,274.0,no,1
46,married,unknown,no,no,telephone,feb,14,,no,0
48,married,tertiary,no,no,cellular,sep,103,91.0,no,1
30,married,secondary,no,yes,cellular,jul,829,,yes,0
36,single,primary,yes,no,unknown,may,141,,no,0
33,married,tertiary,yes,yes,cellular,feb,21,,no,0
51,divorced,secondary,yes,no,unknown,jun,290,,no,0
40,divorced,secondary,no,no,cellular,aug,738,,yes,0
27,single,secondary,no,no,cellular,feb,171,91.0,yes,1
41,single,tertiary,yes,no,cellular,feb,16,,no,0
59,single,tertiary,no,no,cellular,feb,537,,no,0
45,married,secondary,no,no,cellular,jul,25,,no,0
43,married,secondary,yes,no,cellular,may,227,,no,0
33,single,tertiary,yes,yes,unknown,jun,178,,no,0
37,divorced,secondary,yes,no,unknown,may,5,,no,0
58,married,secondary,no,yes,cellular,jul,106,,no,0
43,married,secondary,yes,no,cellular,may,73,370.0,no,1
40,married,tertiary,no,no,unknown,jun,111,,no,0
57,divorced,primary,no,no,telephone,jul,1037,,no,0
46,married,secondary,yes,yes,cellular,aug,128,,no,0
48,divorced,tertiary,yes,no,cellular,aug,488,,no,0
26,single,secondary,yes,no,unknown,jun,31,,no,0
57,married,unknown,yes,no,unknown,may,211,,no,0
58,married,tertiary,yes,no,telephone,nov,263,,no,0
32,married,tertiary,no,no,cellular,nov,75,,no,0
28,single,secondary,yes,no,cellular,apr,89,,no,0
36,married,secondary,yes,no,cellular,may,240,,no,0
38,married,primary,yes,yes,cellular,apr,239,332.0,no,1
32,married,secondary,yes,no,cellular,aug,135,,no,0
30,single,tertiary,yes,no,cellular,jul,33,,no,0
35,single,primary,no,no,cellular,feb,115,,no,0
47,married,unknown,no,no,cellular,jul,1103,,no,0
31,single,secondary,yes,no,cellular,apr,172,,no,0
38,single,primary,yes,yes,unknown,aug,17,,no,0
55,divorced,tertiary,yes,yes,cellular,jul,121,,no,0
42,divorced,secondary,yes,no,cellular,apr,804,262.0,no,1
57,divorced,unknown,no,no,unknown,may,95,,no,0
60,married,primary,no,no,cellular,aug,105,,no,0
35,married,secondary,yes,yes,unknown,may,133,,no,0
50,married,secondary,yes,yes,unknown,jun,87,,no,0
29,married,primary,no,yes,cellular,jul,109,,no,0
35,divorced,tertiary,yes,yes,cellular,nov,110,93.0,no,1
49,married,secondary,no,no,cellular,jul,206,,no,0
45,married,secondary,yes,no,unknown,may,78,,no,0
25,single,primary,no,no,telephone,apr,120,,no,0
23,single,secondary,yes,no,cellular,may,92,342.0,no,1
33,married,tertiary,yes,no,cellular,may,97,180.0,no,1
30,married,secondary,yes,yes,cellular,aug,97,,no,0
36,married,tertiary,no,no,cellular,sep,91,37.0,yes,1
27,married,secondary,yes,no,unknown,jun,1181,,yes,0
35,single,tertiary,yes,no,cellular,may,105,,no,0
56,divorced,tertiary,no,no,cellular,jul,86,,no,0
56,married,unknown,no,no,cellular,aug,111,,no,0
50,married,secondary,no,no,unknown,may,290,,no,0
43,married,secondary,yes,no,cellular,jul,557,,no,0
40,divorced,primary,no,yes,cellular,nov,330,,no,0
53,married,secondary,yes,yes,unknown,may,197,,no,0
50,married,tertiary,no,no,cellular,aug,19,,no,0
39,married,unknown,yes,yes,unknown,may,83,,no,0
33,married,tertiary,no,no,cellular,feb,113,,no,0
51,married,secondary,no,yes,cellular,jul,378,,no,0
26,divorced,secondary,yes,no,unknown,jun,357,,no,0
25,single,secondary,no,no,cellular,jun,89,,yes,0
47,married,secondary,yes,yes,cellular,aug,108,,no,0
32,single,secondary,yes,no,cellular,apr,70,336.0,no,1
46,married,primary,no,no,unknown,jun,9,,no,0
36,single,secondary,yes,no,unknown,may,134,,no,0
27,married,secondary,yes,no,unknown,may,332,,no,0
45,married,primary,no,no,telephone,jul,24,,no,0
45,married,tertiary,yes,no,cellular,may,177,357.0,no,1
52,married,tertiary,no,no,cellular,aug,150,,no,0
75,married,primary,no,no,cellular,jun,344,,no,0
39,divorced,secondary,yes,no,unknown,may,150,,no,0
54,married,secondary,no,yes,cellular,jul,85,,no,0
56,married,tertiary,no,no,cellular,aug,236,,no,0
38,married,secondary,yes,no,unknown,jun,404,,no,0
58,married,secondary,no,yes,cellular,feb,135,92.0,yes,1
30,single,secondary,yes,no,cellular,aug,116,,no,0
32,single,secondary,no,no,cellular,jul,356,,yes,0
32,married,secondary,no,no,cellular,jan,558,,no,0
25,single,secondary,no,no,cellular,jul,136,,no,0
34,married,tertiary,yes,yes,cellular,nov,81,,no,0
46,married,secondary,no,no,cellular,aug,67,,no,0
30,single,secondary,no,no,unknown,jun,276,,no,0
34,single,secondary,no,no,cellular,aug,70,,no,0
50,married,unknown,yes,no,cellular,may,92,347.0,no,1
44,married,primary,no,no,cellular,aug,299,,no,0
40,married,tertiary,no,no,cellular,aug,87,,no,0
29,single,tertiary,no,no,cellular,feb,251,,no,0
25,married,unknown,yes,no,cellular,jul,1037,,yes,0
25,single,tertiary,yes,yes,cellular,apr,1034,,yes,0
35,married,secondary,no,no,cellular,aug,197,,no,0
45,single,secondary,yes,yes,unknown,jul,89,,no,0
63,married,tertiary,no,no,cellular,oct,130,182.0,no,1
37,single,secondary,yes,no,unknown,may,1187,,yes,0
28,single,secondary,no,no,cellular,jan,452,,no,0
31,married,primary,no,no,telephone,nov,21,,no,0
33,single,tertiary,no,no,cellular,may,324,,no,0
40,married,secondary,yes,no,cellular,nov,43,185.0,no,1
51,married,secondary,no,no,cellular,aug,80,,no,0
48,married,secondary,yes,yes,unknown,may,144,,no,0
36,single,tertiary,yes,no,cellular,nov,14,,no,0
40,married,secondary,yes,no,cellular,may,431,172.0,no,1
42,married,primary,yes,no,cellular,jul,167,,no,0
44,married,tertiary,no,no,cellular,aug,165,,no,0
43,married,secondary,no,no,cellular,jan,41,,no,0
27,single,secondary,yes,yes,cellular,feb,466,,no,0
44,married,primary,no,no,cellular,aug,174,,no,0
56,divorced,secondary,yes,yes,unknown,may,185,,no,0
31,single,tertiary,no,no,cellular,aug,257,,no,0
52,divorced,secondary,no,no,unknown,jun,103,,no,0
44,married,secondary,yes,no,unknown,may,477,,no,0
50,divorced,tertiary,yes,no,cellular,jul,604,,no,0
33,single,secondary,yes,no,cellular,feb,178,273.0,no,1
30,single,tertiary,no,no,unknown,may,476,,no,0
29,single,secondary,no,no,telephone,jul,127,,no,0
43,single,primary,yes,no,cellular,jul,783,,no,0
29,single,tertiary,no,no,cellular,feb,98,,no,0
34,single,tertiary,no,no,cellular,aug,738,,yes,0
32,married,secondary,yes,no,unknown,jun,183,,no,0
40,married,secondary,yes,no,cellular,apr,156,318.0,no,1
40,married,secondary,yes,yes,cellular,feb,241,262.0,no,1
33,married,secondary,no,yes,cellular,may,88,,no,0
47,married,secondary,no,no,cellular,aug,59,,no,0
53,married,secondary,no,no,cellular,nov,244,,no,0
33,single,secondary,no,yes,cellular,nov,459,,no,0
31,married,primary,yes,yes,unknown,may,59,,no,0
37,married,tertiary,no,no,cellular,aug,340,,no,0
58,married,secondary,no,no,cellular,aug,422,,no,0
32,single,secondary,no,no,cellular,feb,233,,no,0
39,married,secondary,yes,yes,cellular,jul,330,,no,0
26,single,tertiary,no,no,cellular,apr,407,,yes,0
33,single,secondary,no,yes,cellular,nov,255,,no,0
34,divorced,tertiary,no,no,cellular,aug,227,,no,0
23,single,tertiary,no,no,cellular,may,289,,no,0
39,single,primary,no,no,telephone,jul,80,,no,0
35,single,secondary,yes,no,unknown,may,338,,no,0
47,single,secondary,no,yes,cellular,jul,525,,no,0
33,single,tertiary,no,no,cellular,oct,611,183.0,yes,1
38,married,secondary,yes,no,unknown,may,762,,yes,0
43,married,secondary,no,yes,telephone,jul,238,,no,0
23,single,secondary,yes,no,unknown,may,167,,no,0
34,married,secondary,yes,no,cellular,nov,109,,no,0
51,married,secondary,yes,yes,cellular,jul,125,,no,0
54,married,secondary,yes,no,unknown,may,266,,no,0
37,married,tertiary,no,no,cellular,sep,155,,no,0
24,single,secondary,yes,no,unknown,jun,161,,no,0
32,single,tertiary,no,no,cellular,aug,165,,no,0
57,married,secondary,yes,no,unknown,may,10,,no,0
28,single,tertiary,no,yes,cellular,jul,125,,no,0
43,married,primary,yes,no,cellular,nov,70,,no,0
33,single,secondary,no,no,cellular,aug,133,,no,0
42,divorced,primary,yes,no,cellular,apr,99,251.0,no,1
28,single,tertiary,yes,yes,cellular,jul,568,,no,0
39,married,primary,yes,no,unknown,may,229,,no,0
31,single,tertiary,no,no,cellular,nov,68,,no,0
60,married,primary,no,no,telephone,jun,94,,no,0
36,married,secondary,yes,no,cellular,jan,167,198.0,no,1
33,married,tertiary,no,no,cellular,nov,136,287.0,no,1
38,married,secondary,no,yes,unknown,jun,143,,no,0
37,single,secondary,no,no,cellular,feb,187,83.0,no,1
38,married,secondary,yes,yes,cellular,jul,500,,no,0
34,single,primary,no,no,cellular,jan,10,2.0,no,1
34,single,tertiary,no,no,telephone,nov,67,,no,0
31,single,tertiary,no,no,cellular,mar,105,182.0,no,1
31,married,secondary,yes,no,unknown,may,730,,no,0
49,married,primary,yes,no,unknown,may,417,,no,0
39,married,secondary,yes,no,cellular,jul,290,,no,0
34,single,primary,no,no,cellular,may,324,360.0,no,1
26,single,secondary,no,no,cellular,apr,148,,yes,0
56,divorced,unknown,no,no,cellular,may,121,,no,0
28,married,primary,yes,yes,unknown,jun,178,,no,0
42,married,tertiary,yes,no,cellular,may,117,169.0,no,1
45,single,primary,no,no,unknown,apr,122,,yes,0
52,married,tertiary,no,no,telephone,jul,254,,no,0
22,single,secondary,yes,no,unknown,may,154,,no,0
44,married,secondary,no,yes,telephone,jul,13,,no,0
39,single,primary,yes,yes,cellular,jul,166,,no,0
32,married,secondary,no,no,unknown,may,197,,no,0
58,married,tertiary,no,no,cellular,aug,121,,no,0
46,married,secondary,yes,no,unknown,may,546,,no,0
28,single,secondary,no,no,cellular,feb,260,,no,0
26,single,tertiary,yes,no,cellular,jul,486,,no,0
34,single,tertiary,yes,no,unknown,may,68,,no,0
29,single,secondary,no,no,telephone,feb,70,,no,0
37,single,secondary,yes,no,unknown,jun,1045,,yes,0
31,single,secondary,yes,yes,cellular,nov,125,,no,0
40,married,secondary,no,no,cellular,jul,117,,no,0
30,single,unknown,yes,yes,cellular,may,599,306.0,no,1
29,married,secondary,yes,no,unknown,may,565,,no,0
39,single,tertiary,yes,yes,cellular,apr,13,319.0,no,1
59,divorced,primary,no,yes,unknown,jul,195,,no,0
54,married,secondary,yes,no,cellular,feb,379,,no,0
77,married,secondary,no,no,telephone,jan,1616,95.0,yes,1
63,married,unknown,no,no,cellular,sep,109,,no,0
32,single,tertiary,no,no,cellular,may,417,,no,0
48,married,secondary,no,no,unknown,jun,50,,no,0
42,married,tertiary,no,no,cellular,apr,354,79.0,yes,1
36,married,tertiary,no,no,cellular,jan,255,88.0,yes,1
40,married,secondary,no,no,cellular,oct,87,200.0,no,1
32,married,secondary,yes,no,unknown,may,223,,no,0
53,single,secondary,yes,no,cellular,aug,317,180.0,yes,1
25,married,secondary,yes,no,unknown,may,24,,no,0
28,married,tertiary,yes,yes,cellular,feb,126,,no,0
49,married,secondary,no,no,unknown,jun,19,,no,0
42,married,primary,yes,no,cellular,apr,76,,no,0
30,single,primary,no,no,cellular,feb,224,,no,0
60,married,tertiary,no,no,cellular,may,94,112.0,no,1
25,single,secondary,no,no,cellular,jun,837,,yes,0
38,married,secondary,yes,no,unknown,may,159,,no,0
47,married,unknown,no,no,unknown,jun,77,,no,0
32,married,secondary,yes,no,cellular,apr,648,272.0,yes,1
40,married,secondary,yes,no,cellular,feb,126,,no,0
59,married,secondary,yes,no,telephone,may,437,361.0,no,1
51,divorced,tertiary,no,no,cellular,aug,95,,no,0
58,married,secondary,yes,no,cellular,may,393,,no,0
32,single,secondary,yes,no,cellular,aug,156,,no,0
32,single,secondary,yes,no,cellular,may,215,,no,0
40,married,primary,yes,no,cellular,may,275,,no,0
36,married,secondary,yes,no,unknown,may,122,,no,0
30,single,secondary,no,no,cellular,feb,114,,no,0
58,divorced,secondary,no,no,cellular,jul,478,,yes,0
69,married,unknown,no,no,telephone,mar,225,90.0,yes,1
32,married,secondary,no,no,cellular,jul,353,,no,0
54,married,secondary,no,no,telephone,apr,1366,150.0,no,1
26,single,secondary,yes,no,unknown,may,371,,no,0
56,married,secondary,yes,no,unknown,may,139,,no,0
50,single,secondary,no,no,cellular,oct,298,,no,0
37,single,secondary,no,no,unknown,jun,40,,no,0
29,single,secondary,no,no,cellular,nov,85,142.0,no,1
45,married,primary,no,no,cellular,jul,110,,no,0
55,single,secondary,no,no,telephone,nov,762,,no,0
38,single,primary,yes,no,unknown,may,35,,no,0
59,married,primary,no,yes,cellular,jul,335,,no,0
36,married,tertiary,yes,no,unknown,may,141,,no,0
55,married,secondary,no,no,cellular,feb,781,,yes,0
58,married,tertiary,no,no,unknown,jun,363,,no,0
25,single,secondary,yes,no,cellular,jul,61,,no,0
56,divorced,secondary,no,no,cellular,aug,220,117.0,no,1
49,married,secondary,yes,yes,cellular,aug,253,,no,0
34,married,tertiary,yes,no,cellular,jul,363,,no,0
40,married,tertiary,yes,yes,cellular,nov,170,,no,0
28,single,tertiary,yes,no,cellular,jul,262,,no,0
46,married,secondary,yes,no,cellular,apr,126,149.0,no,1
25,single,tertiary,no,no,cellular,jul,300,,no,0
43,married,primary,yes,no,cellular,jul,279,,no,0
34,single,secondary,no,no,cellular,nov,184,,no,0
26,single,secondary,no,yes,cellular,jul,240,,no,0
38,married,unknown,no,no,unknown,jun,178,,no,0
24,married,secondary,yes,no,unknown,may,166,,no,0
26,married,secondary,yes,no,cellular,may,252,,no,0
24,single,tertiary,yes,no,unknown,may,230,,no,0
33,single,secondary,no,no,cellular,jul,782,,yes,0
55,single,secondary,yes,no,unknown,may,38,,no,0
33,single,secondary,yes,no,cellular,may,30,336.0,no,1
59,married,primary,yes,no,telephone,jul,73,,no,0
31,single,secondary,yes,no,cellular,may,290,370.0,no,1
26,married,primary,yes,no,unknown,may,21,,no,0
59,married,primary,no,no,cellular,aug,129,,no,0
59,married,secondary,no,yes,cellular,jul,101,,no,0
56,married,primary,no,no,cellular,jan,184,,no,0
41,divorced,secondary,yes,no,cellular,may,14,75.0,no,1
50,divorced,tertiary,no,yes,cellular,feb,748,,no,0
47,married,secondary,yes,no,cellular,jul,113,,no,0
37,married,secondary,yes,no,unknown,may,389,,no,0
32,single,tertiary,yes,no,cellular,may,130,,no,0
46,married,secondary,no,yes,cellular,jul,154,,no,0
27,married,tertiary,yes,no,cellular,jul,148,,no,0
44,married,secondary,no,no,cellular,jul,96,,no,0
53,divorced,primary,no,no,unknown,jun,422,,no,0
68,divorced,primary,no,no,cellular,apr,233,,yes,0
49,single,secondary,yes,yes,unknown,jun,73,,no,0
43,single,tertiary,yes,no,unknown,may,218,,no,0
35,married,tertiary,yes,no,cellular,nov,547,,no,0
36,married,secondary,no,yes,cellular,feb,521,193.0,no,1
29,single,secondary,yes,no,cellular,may,109,352.0,no,1
36,married,secondary,yes,no,telephone,may,16,,no,0
28,single,secondary,yes,no,cellular,may,251,,no,0
45,married,secondary,yes,no,unknown,may,215,,no,0
46,divorced,tertiary,yes,yes,cellular,nov,169,,no,0
48,divorced,secondary,no,no,unknown,jun,342,,no,0
53,married,secondary,yes,no,cellular,may,133,,no,0
44,divorced,tertiary,yes,no,telephone,jun,55,82.0,no,1
49,single,tertiary,yes,no,cellular,jul,674,,no,0
34,single,unknown,no,no,cellular,jun,253,,yes,0
57,married,primary,yes,no,unknown,may,384,,no,0
47,divorced,secondary,no,no,cellular,aug,64,,no,0
37,married,secondary,no,yes,unknown,jun,176,,no,0
48,married,secondary,no,no,cellular,aug,21,,no,0
45,married,secondary,yes,no,unknown,may,118,,no,0
65,married,tertiary,no,no,cellular,aug,280,185.0,no,1
42,married,secondary,yes,no,cellular,may,74,,no,0
42,married,tertiary,yes,no,cellular,may,579,295.0,yes,1
32,single,secondary,no,no,cellular,may,312,,no,0
53,married,secondary,yes,no,unknown,may,134,,no,0
26,single,tertiary,no,no,cellular,feb,236,183.0,no,1
48,married,primary,no,no,cellular,aug,348,,no,0
46,married,tertiary,no,no,cellular,jan,56,,no,0
37,married,tertiary,yes,no,unknown,may,645,,no,0
52,single,unknown,no,no,cellular,feb,168,,no,0
46,single,tertiary,yes,no,cellular,apr,175,,no,0
43,married,tertiary,no,no,cellular,aug,120,,no,0
25,single,secondary,no,no,telephone,oct,251,,no,0
59,single,secondary,yes,no,unknown,may,1063,,yes,0
48,married,primary,no,yes,cellular,nov,79,172.0,no,1
56,married,secondary,yes,yes,cellular,apr,12,,no,0
53,married,secondary,yes,no,unknown,may,153,,no,0
27,single,tertiary,yes,no,cellular,may,10,,no,0
30,single,secondary,yes,no,cellular,apr,997,,yes,0
25,single,tertiary,no,no,cellular,feb,207,,no,0
30,single,tertiary,no,no,cellular,jun,102,85.0,no,1
32,married,secondary,yes,no,cellular,nov,131,194.0,no,1
39,single,secondary,yes,yes,cellular,feb,292,,no,0
47,married,tertiary,no,yes,cellular,jan,243,161.0,no,1
26,single,secondary,no,no,cellular,feb,44,,no,0
33,married,tertiary,no,no,cellular,aug,121,,no,0
36,single,secondary,yes,no,telephone,may,134,,no,0
44,married,secondary,yes,yes,unknown,jun,171,,no,0
49,married,secondary,no,no,cellular,nov,586,,no,0
44,married,tertiary,yes,no,cellular,jul,497,,no,0
58,divorced,tertiary,no,no,cellular,apr,162,295.0,no,1
52,married,unknown,no,no,telephone,jun,193,145.0,no,1
55,married,secondary,yes,yes,cellular,nov,325,192.0,no,1
57,married,tertiary,yes,no,unknown,may,391,,no,0
55,divorced,tertiary,yes,no,cellular,jul,1331,,no,0
48,single,secondary,yes,yes,cellular,feb,369,,no,0
39,divorced,secondary,yes,no,cellular,may,8,,no,0
56,married,secondary,no,no,cellular,aug,239,,no,0
40,married,tertiary,no,no,cellular,jul,761,,no,0
47,married,primary,yes,yes,unknown,jun,118,,no,0
35,married,tertiary,no,no,cellular,apr,266,87.0,yes,1
34,single,secondary,yes,no,cellular,jul,483,,no,0
30,single,tertiary,no,no,cellular,aug,618,,no,0
43,married,secondary,no,no,cellular,aug,79,,no,0
71,married,tertiary,no,no,cellular,aug,116,,no,0
58,married,tertiary,no,yes,cellular,jul,85,,no,0
52,married,primary,yes,no,cellular,may,82,,no,0
37,single,secondary,yes,no,unknown,jun,203,,no,0
42,married,tertiary,yes,no,unknown,may,238,,no,0
41,married,primary,yes,no,unknown,may,67,,no,0
27,single,secondary,no,no,cellular,jun,66,,no,0
39,married,tertiary,yes,no,cellular,apr,236,336.0,no,1
30,single,tertiary,no,no,cellular,aug,19,,no,0
43,divorced,tertiary,no,no,cellular,aug,79,,no,0
40,single,secondary,no,yes,unknown,jun,14,,no,0
26,single,tertiary,yes,no,cellular,apr,639,,no,0
52,married,secondary,yes,no,unknown,jun,20,,no,0
32,single,primary,yes,yes,cellular,may,274,,no,0
31,married,secondary,yes,no,cellular,may,201,350.0,no,1
28,married,tertiary,yes,no,cellular,apr,152,,no,0
34,single,secondary,yes,yes,unknown,may,185,,no,0
44,single,primary,yes,no,cellular,jul,184,,no,0
43,married,tertiary,no,no,cellular,jul,942,,yes,0
41,married,tertiary,no,no,cellular,apr,75,,no,0
36,married,tertiary,no,no,unknown,jun,87,,no,0
68,married,primary,no,no,cellular,mar,373,,yes,0
55,single,tertiary,no,no,cellular,apr,156,,no,0
50,married,unknown,yes,yes,unknown,jun,64,,no,0
48,divorced,secondary,yes,no,unknown,may,364,,no,0
34,married,tertiary,yes,no,cellular,jul,8,,no,0
42,married,primary,yes,no,unknown,may,262,,no,0
62,married,secondary,yes,yes,cellular,sep,261,183.0,yes,1
56,married,secondary,yes,no,unknown,may,302,,no,0
31,married,secondary,yes,no,unknown,may,143,,no,0
37,single,secondary,no,no,cellular,jul,143,,no,0
26,single,secondary,yes,no,cellular,may,34,374.0,no,1
34,married,secondary,yes,no,cellular,may,551,,no,0
30,divorced,secondary,yes,no,cellular,may,177,,no,0
46,married,primary,yes,no,unknown,may,570,,no,0
27,single,unknown,yes,yes,unknown,may,77,,no,0
26,single,tertiary,no,yes,unknown,may,57,,no,0
41,married,unknown,no,no,cellular,jul,647,,no,0
44,married,unknown,yes,no,cellular,aug,44,100.0,no,1
51,married,primary,no,no,cellular,aug,75,,no,0
33,divorced,secondary,no,no,cellular,jul,374,,no,0
45,married,secondary,no,no,cellular,aug,115,,no,0
27,married,primary,no,no,unknown,may,531,,no,0
41,single,secondary,no,no,cellular,jul,413,,no,0
29,single,unknown,yes,yes,cellular,jul,1806,,yes,0
22,single,secondary,no,no,cellular,jan,143,,yes,0
33,married,secondary,yes,no,unknown,may,76,,no,0
30,married,secondary,no,yes,unknown,jul,66,85.0,no,1
38,married,tertiary,no,no,cellular,aug,482,,yes,0
45,single,secondary,no,yes,cellular,jul,55,,no,0
54,divorced,primary,yes,no,cellular,may,34,348.0,no,1
52,married,tertiary,yes,yes,unknown,may,392,,no,0
52,married,secondary,yes,yes,cellular,may,161,332.0,no,1
31,single,secondary,yes,no,unknown,may,104,,no,0
33,married,primary,no,no,cellular,aug,237,,no,0
56,married,primary,no,yes,cellular,jul,227,,no,0
44,divorced,secondary,no,yes,unknown,jun,501,,no,0
33,single,secondary,yes,yes,cellular,may,308,,no,0
49,married,primary,no,no,unknown,jun,40,,no,0
45,married,secondary,yes,no,cellular,aug,192,,no,0
44,single,secondary,yes,no,unknown,jun,179,,no,0
27,single,tertiary,yes,no,unknown,may,160,,no,0
53,married,tertiary,no,no,cellular,aug,96,,no,0
32,married,secondary,no,no,cellular,aug,162,,no,0
34,married,secondary,yes,no,cellular,may,200,364.0,no,1
36,single,tertiary,no,no,cellular,aug,207,98.0,yes,1
46,married,secondary,no,no,cellular,aug,225,,no,0
39,single,secondary,yes,no,unknown,may,1410,,yes,0
55,married,primary,no,no,unknown,jun,922,,yes,0
47,married,secondary,no,no,cellular,aug,784,,yes,0
36,married,secondary,yes,no,unknown,may,251,,no,0
57,divorced,primary,yes,no,unknown,may,32,,no,0
38,married,secondary,no,no,unknown,jun,313,,no,0
31,married,primary,yes,no,cellular,may,9,362.0,no,1
47,married,secondary,yes,no,cellular,apr,211,87.0,no,1
39,single,secondary,yes,no,cellular,may,6,175.0,no,1
29,married,tertiary,yes,yes,unknown,may,79,,no,0
38,divorced,secondary,yes,yes,unknown,jul,120,,no,0
29,divorced,secondary,yes,no,cellular,feb,42,228.0,no,1
44,married,secondary,yes,no,cellular,nov,116,,no,0
45,married,primary,yes,no,unknown,may,57,,no,0
33,married,secondary,yes,no,telephone,jul,216,,no,0
45,single,tertiary,yes,no,cellular,nov,139,,no,0
33,single,secondary,yes,no,cellular,jan,323,259.0,no,1
36,divorced,secondary,yes,no,cellular,jun,215,371.0,yes,1
33,single,tertiary,no,no,cellular,aug,329,,no,0
37,married,secondary,yes,no,cellular,jan,88,244.0,no,1
53,married,primary,no,no,cellular,aug,80,,no,0
55,married,primary,no,no,cellular,aug,625,,yes,0
36,single,tertiary,yes,no,unknown,may,101,,no,0
49,divorced,tertiary,no,no,cellular,aug,185,,yes,0
42,divorced,secondary,no,no,cellular,aug,21,,no,0
32,married,secondary,yes,no,cellular,apr,160,,no,0
42,single,secondary,no,no,cellular,jan,96,,no,0
45,married,tertiary,no,no,telephone,nov,46,,no,0
50,married,primary,no,yes,cellular,jul,173,,no,0
42,divorced,tertiary,no,no,cellular,sep,692,,yes,0
37,single,secondary,yes,no,unknown,jun,87,,no,0
40,married,tertiary,yes,yes,cellular,nov,114,,no,0
31,married,secondary,yes,yes,cellular,jul,143,,no,0
37,married,secondary,no,no,unknown,jun,305,,no,0
42,married,primary,yes,no,unknown,may,249,,no,0
76,married,unknown,no,no,cellular,oct,139,,no,0
30,single,secondary,no,no,cellular,jul,188,,no,0
31,single,unknown,no,no,cellular,feb,92,,no,0
30,single,tertiary,no,no,cellular,aug,996,,no,0
57,divorced,secondary,no,yes,cellular,jul,445,,no,0
42,married,tertiary,yes,no,unknown,may,110,,no,0
26,married,secondary,yes,no,unknown,may,224,,no,0
35,married,secondary,no,no,unknown,jun,436,,no,0
36,married,secondary,yes,no,unknown,jun,56,,no,0
35,single,tertiary,no,no,unknown,jun,668,,no,0
36,married,tertiary,no,no,cellular,jul,130,,no,0
42,married,primary,yes,no,telephone,jul,175,,no,0
41,single,secondary,yes,no,cellular,nov,254,,no,0
23,single,secondary,yes,no,unknown,may,507,,no,0
53,single,primary,yes,yes,unknown,may,72,,no,0
57,married,primary,yes,no,cellular,apr,207,346.0,no,1
29,single,tertiary,yes,no,unknown,may,329,,no,0
32,single,secondary,no,no,cellular,nov,206,,no,0
50,single,primary,yes,no,cellular,may,108,,no,0
34,married,primary,no,yes,cellular,jul,241,,no,0
32,married,tertiary,yes,no,cellular,jul,370,,no,0
25,single,secondary,yes,no,cellular,jul,633,,yes,0
37,single,secondary,yes,no,cellular,apr,249,,no,0
45,divorced,secondary,no,no,cellular,nov,79,106.0,no,1
30,married,secondary,no,no,cellular,aug,72,99.0,no,1
43,married,tertiary,no,no,cellular,feb,147,,yes,0
30,single,tertiary,no,no,cellular,oct,437,,no,0
50,married,tertiary,no,yes,cellular,jul,149,,no,0
47,married,tertiary,yes,no,unknown,may,162,,no,0
28,single,secondary,no,no,cellular,jan,532,,yes,0
34,married,primary,yes,no,cellular,jul,1389,,no,0
59,married,secondary,no,no,telephone,jul,312,381.0,no,1
64,divorced,secondary,no,no,cellular,oct,621,181.0,yes,1
46,single,secondary,yes,no,cellular,apr,194,,no,0
39,single,primary,yes,no,unknown,may,699,,no,0
48,married,secondary,no,no,cellular,feb,130,,no,0
24,single,secondary,no,no,unknown,may,180,,no,0
89,divorced,primary,no,no,telephone,dec,207,189.0,no,1
39,married,tertiary,no,no,unknown,jun,12,,no,0
52,married,primary,yes,yes,cellular,aug,155,,no,0
60,divorced,tertiary,yes,no,cellular,dec,415,190.0,yes,1
41,married,secondary,yes,no,unknown,may,596,,no,0
47,married,secondary,yes,no,cellular,may,234,,no,0
44,married,primary,no,no,unknown,jun,250,,no,0
45,married,tertiary,yes,no,cellular,may,85,,no,0
48,divorced,primary,no,no,unknown,jun,248,,no,0
54,married,primary,yes,yes,telephone,apr,158,,no,0
31,single,tertiary,no,no,cellular,aug,321,,no,0
40,married,tertiary,no,no,cellular,aug,220,364.0,no,1
31,married,tertiary,yes,no,cellular,jul,215,,no,0
35,married,tertiary,yes,no,cellular,apr,860,,yes,0
42,married,secondary,no,no,cellular,may,489,174.0,no,1
79,married,secondary,no,no,telephone,mar,303,,yes,0
47,married,primary,yes,no,cellular,jul,145,,no,0
35,married,tertiary,yes,no,cellular,nov,70,111.0,no,1
41,married,tertiary,no,yes,cellular,jul,695,,no,0
49,married,secondary,no,no,unknown,jun,626,,no,0
36,single,tertiary,no,no,cellular,apr,78,84.0,no,1
58,married,primary,yes,no,unknown,jun,16,,no,0
30,single,tertiary,no,no,cellular,feb,179,93.0,yes,1
33,married,secondary,yes,yes,cellular,nov,46,122.0,no,1
43,married,primary,yes,yes,telephone,may,10,,no,0
64,divorced,secondary,no,no,cellular,mar,409,,yes,0
43,married,secondary,no,no,cellular,may,187,71.0,yes,1
55,divorced,tertiary,no,no,cellular,feb,305,94.0,yes,1
48,married,secondary,yes,no,cellular,jun,404,92.0,no,1
26,single,secondary,yes,no,unknown,may,177,,no,0
37,single,secondary,yes,no,cellular,apr,20,335.0,no,1
48,single,secondary,no,no,unknown,may,148,,no,0
45,single,secondary,yes,no,cellular,may,101,301.0,no,1
54,single,secondary,yes,no,cellular,feb,93,,no,0
26,single,secondary,yes,yes,cellular,jan,206,239.0,no,1
45,married,secondary,no,no,cellular,may,552,90.0,yes,1
27,single,secondary,no,no,unknown,jul,269,,no,0
43,married,unknown,no,no,unknown,may,437,,no,0
30,single,tertiary,yes,no,cellular,aug,13,,no,0
33,married,tertiary,no,yes,cellular,jul,57,,no,0
58,married,secondary,yes,no,cellular,apr,115,343.0,no,1
59,married,secondary,yes,no,unknown,may,748,,yes,0
30,single,tertiary,no,no,cellular,apr,212,202.0,yes,1
34,married,primary,yes,no,unknown,mar,30,,no,0
35,divorced,tertiary,yes,no,unknown,may,26,,no,0
31,married,secondary,yes,no,unknown,may,285,,no,0
25,single,secondary,no,no,cellular,may,226,,yes,0
38,single,secondary,no,yes,unknown,jun,587,,no,0
28,single,secondary,yes,yes,unknown,may,125,,no,0
60,divorced,primary,no,no,telephone,jul,295,,no,0
35,single,secondary,no,no,unknown,jun,46,,no,0
52,married,primary,no,no,unknown,jun,118,,no,0
50,married,tertiary,no,no,cellular,jul,243,,no,0
47,married,secondary,yes,no,cellular,jul,105,,no,0
35,married,primary,yes,no,unknown,may,65,,no,0
35,single,tertiary,no,yes,unknown,may,192,,no,0
33,single,tertiary,yes,yes,unknown,jul,343,,no,0
39,single,primary,no,yes,unknown,jun,35,,no,0
35,married,tertiary,no,no,cellular,oct,108,,no,0
34,divorced,secondary,no,yes,telephone,oct,24,,no,0
55,married,primary,yes,no,unknown,may,291,,no,0
56,divorced,secondary,yes,no,telephone,feb,81,,no,0
45,married,unknown,yes,no,cellular,feb,776,,no,0
44,married,primary,yes,no,cellular,may,23,,no,0
35,married,tertiary,yes,no,cellular,jul,555,,no,0
29,married,secondary,no,yes,cellular,jul,151,,no,0
54,married,tertiary,no,yes,cellular,jul,443,,no,0
35,married,secondary,yes,no,cellular,may,101,,no,0
68,married,secondary,no,no,telephone,dec,2062,257.0,yes,1
33,single,tertiary,yes,no,cellular,feb,8,254.0,no,1
67,divorced,secondary,no,no,cellular,feb,186,97.0,yes,1
34,divorced,secondary,no,no,cellular,jul,641,,yes,0
57,married,tertiary,yes,no,cellular,nov,79,,no,0
57,married,secondary,no,no,cellular,feb,200,,no,0
31,single,secondary,no,no,cellular,aug,35,,no,0
42,divorced,secondary,no,no,unknown,jun,18,,no,0
31,divorced,secondary,yes,no,unknown,may,289,,no,0
32,single,tertiary,no,no,cellular,aug,231,,no,0
37,married,tertiary,yes,no,cellular,aug,190,84.0,no,1
36,divorced,tertiary,no,no,cellular,jul,127,,no,0
38,divorced,primary,no,no,unknown,jun,242,,no,0
39,single,secondary,yes,no,cellular,may,104,170.0,no,1
51,married,secondary,yes,no,unknown,jun,215,,no,0
46,married,primary,yes,yes,cellular,jan,133,,no,0
60,divorced,secondary,yes,yes,unknown,may,157,,no,0
49,married,tertiary,yes,yes,cellular,sep,249,91.0,yes,1
58,divorced,tertiary,no,no,cellular,apr,354,87.0,yes,1
43,divorced,secondary,yes,no,unknown,may,259,,no,0
29,married,primary,yes,no,telephone,jul,256,,no,0
35,married,tertiary,yes,no,cellular,may,36,365.0,no,1
39,married,tertiary,no,no,unknown,jun,197,,no,0
30,married,primary,yes,yes,unknown,jul,538,,no,0
49,married,primary,yes,no,cellular,jul,51,,no,0
22,single,secondary,no,no,cellular,oct,368,,yes,0
48,married,secondary,yes,no,cellular,mar,291,238.0,no,1
21,single,secondary,no,no,cellular,may,382,89.0,yes,1
32,married,secondary,yes,yes,cellular,apr,850,,yes,0
31,single,secondary,yes,no,cellular,nov,225,95.0,no,1
41,married,secondary,no,no,cellular,aug,122,,no,0
32,single,secondary,yes,no,cellular,nov,1015,,no,0
37,married,secondary,yes,yes,cellular,jun,254,96.0,no,1
50,single,secondary,no,yes,unknown,jun,146,,no,0
30,single,secondary,no,no,cellular,jan,111,196.0,no,1
26,single,tertiary,yes,no,cellular,mar,93,98.0,no,1
25,married,secondary,yes,no,cellular,jul,754,,yes,0
47,divorced,tertiary,no,yes,cellular,nov,148,,no,0
39,married,primary,yes,no,unknown,may,53,,no,0
51,married,secondary,yes,no,cellular,apr,139,,no,0
33,single,secondary,no,no,unknown,jun,719,,no,0
59,married,primary,yes,no,telephone,jul,81,,no,0
46,married,secondary,yes,no,cellular,jul,411,,no,0
35,married,secondary,no,no,cellular,aug,242,,no,0
35,married,secondary,no,yes,cellular,jul,874,,no,0
47,single,secondary,no,no,cellular,jul,212,,no,0
56,married,primary,yes,no,unknown,may,130,,no,0
39,divorced,primary,yes,no,unknown,jun,172,,no,0
35,married,tertiary,no,no,cellular,jan,261,,yes,0
35,married,secondary,yes,no,unknown,may,211,,no,0
28,single,secondary,no,yes,cellular,jul,681,,yes,0
29,married,tertiary,yes,yes,cellular,jul,192,,no,0
41,married,secondary,no,no,cellular,mar,101,,no,0
34,married,tertiary,no,no,cellular,nov,98,,no,0
47,married,tertiary,no,no,unknown,jun,100,,no,0
39,married,tertiary,yes,no,cellular,may,877,300.0,yes,1
59,married,primary,no,no,telephone,nov,207,153.0,no,1
55,divorced,secondary,yes,no,cellular,apr,157,332.0,no,1
62,married,secondary,no,no,cellular,apr,389,,yes,0
33,single,tertiary,yes,no,cellular,may,536,,yes,0
55,divorced,tertiary,no,no,cellular,jun,591,,yes,0
32,married,primary,yes,no,cellular,feb,177,,no,0
33,single,secondary,yes,no,cellular,aug,93,,no,0
72,married,primary,no,no,telephone,mar,255,91.0,yes,1
43,married,unknown,yes,no,telephone,jan,170,240.0,no,1
53,married,primary,yes,no,cellular,aug,375,,no,0
30,married,primary,yes,no,unknown,may,32,,no,0
51,divorced,secondary,no,no,unknown,may,137,,no,0
45,married,secondary,no,yes,cellular,aug,86,,no,0
37,married,secondary,yes,no,cellular,may,340,175.0,no,1
37,married,secondary,no,no,telephone,jul,209,,no,0
56,divorced,secondary,no,no,cellular,aug,67,,no,0
30,single,tertiary,no,no,cellular,aug,471,,yes,0
41,married,tertiary,yes,no,unknown,jun,14,,no,0
31,single,secondary,no,no,cellular,jul,80,,no,0
32,single,secondary,yes,no,unknown,may,59,,no,0
35,single,secondary,yes,no,unknown,jun,113,,no,0
58,married,secondary,yes,no,cellular,apr,104,332.0,no,1
34,married,secondary,yes,no,unknown,may,79,,no,0
36,married,tertiary,no,no,cellular,aug,157,97.0,yes,1
42,single,tertiary,no,no,unknown,jun,241,,no,0
30,single,secondary,no,yes,unknown,jun,207,,no,0
48,divorced,secondary,yes,no,cellular,may,83,368.0,no,1
53,married,secondary,no,no,cellular,aug,18,,no,0
41,single,secondary,no,yes,cellular,jul,426,,no,0
39,married,tertiary,no,no,cellular,aug,902,,yes,0
33,single,tertiary,no,no,telephone,feb,363,,no,0
41,single,secondary,yes,no,unknown,may,119,,no,0
49,divorced,tertiary,yes,no,unknown,jun,126,,no,0
41,divorced,tertiary,yes,no,unknown,may,160,,no,0
53,married,secondary,no,no,telephone,feb,13,,no,0
58,married,secondary,no,no,cellular,feb,216,91.0,yes,1
20,married,unknown,no,no,cellular,aug,385,93.0,yes,1
35,married,secondary,yes,no,unknown,may,190,,no,0
55,divorced,tertiary,yes,no,cellular,jun,103,95.0,yes,1
32,single,tertiary,yes,no,cellular,nov,261,,no,0
45,married,tertiary,yes,no,cellular,jul,192,,no,0
69,married,tertiary,no,no,cellular,apr,333,,no,0
30,single,tertiary,yes,no,cellular,may,251,,no,0
27,married,secondary,yes,no,cellular,may,166,,no,0
36,married,secondary,yes,no,cellular,apr,245,,no,0
36,married,tertiary,yes,no,cellular,sep,75,239.0,no,1
46,divorced,primary,no,no,unknown,jun,52,,no,0
37,married,tertiary,yes,no,cellular,nov,219,,no,0
35,single,tertiary,no,no,cellular,apr,164,,yes,0
39,married,primary,yes,no,unknown,may,383,,no,0
43,married,tertiary,no,no,cellular,may,98,77.0,no,1
46,married,unknown,yes,no,telephone,may,833,,yes,0
58,married,secondary,no,yes,cellular,aug,57,,no,0
51,married,secondary,yes,no,cellular,jul,63,,no,0
51,married,secondary,yes,yes,cellular,may,805,,no,0
39,married,secondary,no,no,cellular,may,86,,no,0
35,married,tertiary,yes,no,unknown,may,61,,no,0
29,single,primary,no,no,telephone,feb,40,,no,0
56,divorced,secondary,no,no,cellular,aug,47,,no,0
45,married,primary,no,no,unknown,may,230,,no,0
39,single,tertiary,no,no,cellular,aug,113,,no,0
47,divorced,primary,no,no,cellular,jul,240,,no,0
28,married,primary,yes,no,telephone,may,921,,no,0
40,married,tertiary,yes,no,cellular,jul,383,,no,0
46,married,tertiary,yes,yes,cellular,feb,339,,no,0
36,single,tertiary,yes,no,cellular,apr,281,,no,0
35,married,tertiary,no,no,unknown,jun,124,,no,0
26,single,secondary,no,no,cellular,feb,104,,yes,0
50,married,tertiary,no,no,cellular,aug,85,,no,0
47,married,secondary,no,no,cellular,aug,436,403.0,yes,1
34,married,primary,yes,no,cellular,may,217,287.0,no,1
37,divorced,tertiary,yes,no,cellular,apr,436,140.0,no,1
42,married,secondary,no,no,cellular,jul,194,,no,0
30,married,secondary,yes,no,cellular,may,124,298.0,no,1
41,married,secondary,yes,no,cellular,may,303,351.0,no,1
27,single,tertiary,no,no,cellular,apr,336,,no,0
50,married,secondary,yes,no,cellular,aug,1834,,no,0
33,married,unknown,yes,no,cellular,nov,195,,no,0
40,married,secondary,no,no,unknown,jun,368,,no,0
48,married,tertiary,no,no,cellular,jan,417,,yes,0
42,married,secondary,yes,no,unknown,may,69,,no,0
51,married,tertiary,no,no,cellular,jul,77,,no,0
34,married,secondary,yes,no,cellular,jul,190,,no,0
38,single,tertiary,yes,no,cellular,aug,373,,no,0
34,divorced,tertiary,no,no,cellular,nov,382,,no,0
26,married,secondary,no,no,unknown,jul,149,,no,0
41,single,secondary,no,no,cellular,aug,292,,no,0
36,divorced,secondary,yes,no,cellular,may,722,344.0,yes,1
41,married,secondary,yes,no,unknown,may,127,,no,0
35,married,tertiary,yes,no,unknown,may,55,,no,0
27,single,secondary,yes,no,cellular,may,552,,no,0
34,divorced,secondary,yes,no,cellular,may,150,,no,0
41,married,secondary,yes,no,cellular,jul,63,,no,0
38,single,secondary,yes,no,cellular,may,150,,no,0
58,single,secondary,yes,yes,cellular,may,985,,yes,0
58,single,secondary,yes,no,cellular,feb,55,8.0,no,1
29,married,secondary,yes,no,cellular,may,536,334.0,yes,1
43,married,primary,no,no,unknown,jun,168,,no,0
51,married,primary,no,yes,cellular,aug,202,,no,0
30,single,tertiary,yes,no,cellular,feb,157,,no,0
53,married,secondary,no,no,cellular,aug,41,,no,0
29,divorced,tertiary,no,no,cellular,jul,54,,no,0
41,married,primary,yes,yes,cellular,apr,150,,no,0
59,divorced,primary,no,no,cellular,jul,298,,no,0
50,divorced,tertiary,no,no,cellular,nov,349,,no,0
76,married,tertiary,no,no,cellular,oct,344,183.0,yes,1
56,married,unknown,no,no,cellular,feb,305,192.0,yes,1
37,single,secondary,no,no,unknown,jun,93,,no,0
20,single,unknown,no,no,cellular,sep,327,,yes,0
32,married,secondary,yes,no,cellular,jul,84,,no,0
34,single,tertiary,yes,no,cellular,feb,250,,no,0
45,married,primary,yes,no,cellular,oct,108,,no,0
34,married,tertiary,yes,no,cellular,jul,324,,no,0
37,married,secondary,yes,no,unknown,jun,135,,no,0
23,married,secondary,yes,no,unknown,jun,104,,no,0
62,married,secondary,yes,no,cellular,mar,168,,yes,0
33,single,tertiary,no,no,cellular,jul,351,,yes,0
43,divorced,tertiary,no,no,unknown,may,279,,no,0
52,married,unknown,no,no,cellular,aug,88,,no,0
29,married,tertiary,no,no,cellular,apr,179,,yes,0
36,married,tertiary,no,no,cellular,aug,252,,no,0
50,divorced,secondary,yes,no,cellular,may,109,92.0,no,1
46,married,secondary,no,no,cellular,aug,645,,yes,0
48,married,primary,yes,no,cellular,aug,536,,no,0
37,married,secondary,no,no,cellular,aug,132,,no,0
39,single,secondary,yes,no,cellular,apr,510,,yes,0
52,married,primary,yes,no,cellular,nov,73,,no,0
54,divorced,tertiary,no,no,cellular,aug,90,,no,0
32,married,secondary,yes,no,unknown,jun,85,,no,0
30,single,secondary,yes,no,unknown,may,66,,no,0
38,married,tertiary,no,no,cellular,jul,230,,no,0
32,single,secondary,yes,no,unknown,may,413,,no,0
44,married,primary,yes,no,cellular,jul,83,,no,0
32,married,tertiary,no,no,cellular,apr,211,196.0,no,1
46,single,secondary,yes,no,cellular,jan,137,97.0,no,1
36,single,tertiary,yes,no,cellular,may,8,,no,0
31,single,secondary,no,no,unknown,may,350,,no,0
32,married,secondary,yes,no,unknown,jun,815,,yes,0
52,married,secondary,no,no,cellular,jul,135,,no,0
45,divorced,tertiary,yes,yes,cellular,nov,206,162.0,no,1
44,single,secondary,yes,no,cellular,may,324,268.0,no,1
40,divorced,primary,yes,yes,cellular,apr,139,346.0,no,1
25,married,secondary,yes,no,cellular,jul,225,,no,0
36,married,tertiary,yes,no,cellular,nov,72,29.0,no,1
32,married,secondary,no,no,cellular,nov,269,,no,0
43,married,secondary,yes,no,unknown,may,163,,no,0
34,married,secondary,yes,yes,cellular,jul,181,,no,0
32,single,secondary,no,no,cellular,aug,161,,no,0
52,married,primary,no,no,cellular,jul,81,,no,0
31,married,unknown,yes,no,cellular,feb,425,189.0,no,1
36,single,tertiary,no,no,cellular,jul,185,181.0,no,1
54,married,unknown,yes,no,unknown,may,227,,no,0
74,married,secondary,no,no,telephone,feb,127,,yes,0
35,single,tertiary,no,no,cellular,aug,109,,no,0
35,single,secondary,no,yes,cellular,nov,278,,no,0
58,married,secondary,yes,no,unknown,may,300,,no,0
32,single,unknown,no,no,cellular,feb,35,,no,0
22,single,secondary,yes,no,unknown,jun,53,,no,0
36,married,secondary,yes,no,cellular,may,215,280.0,no,1
41,married,primary,yes,yes,unknown,may,209,,no,0
27,married,secondary,yes,no,cellular,may,97,370.0,no,1
48,divorced,tertiary,yes,no,unknown,may,249,,no,0
32,single,tertiary,yes,no,cellular,mar,101,,yes,0
55,married,secondary,no,yes,unknown,jun,423,,no,0
34,single,secondary,no,no,cellular,jan,89,,no,0
34,single,tertiary,yes,no,telephone,may,47,,no,0
28,single,primary,yes,no,unknown,may,150,,no,0
35,married,tertiary,yes,no,unknown,jun,312,,no,0
48,married,secondary,yes,yes,cellular,nov,62,,no,0
34,married,secondary,yes,no,cellular,jun,301,,yes,0
45,married,secondary,yes,yes,unknown,jun,152,,no,0
41,divorced,secondary,yes,no,cellular,aug,142,88.0,no,1
35,married,tertiary,yes,no,cellular,apr,565,13.0,yes,1
46,married,secondary,yes,no,cellular,jan,444,196.0,no,1
32,married,secondary,yes,no,cellular,nov,224,,no,0
48,married,tertiary,yes,yes,cellular,nov,77,,no,0
78,married,unknown,yes,no,cellular,oct,211,185.0,yes,1
33,married,primary,yes,no,cellular,jul,260,,no,0
81,divorced,primary,no,no,telephone,oct,172,,no,0
58,married,unknown,no,no,cellular,nov,52,,no,0
38,married,secondary,yes,no,cellular,apr,125,,no,0
58,single,tertiary,no,yes,cellular,jul,82,,no,0
49,divorced,secondary,yes,no,cellular,may,90,,no,0
30,married,secondary,yes,no,telephone,nov,119,167.0,no,1
30,single,secondary,no,no,cellular,jul,132,,no,0
28,single,secondary,yes,no,cellular,aug,221,,yes,0
42,married,tertiary,no,yes,cellular,jul,106,,no,0
30,single,tertiary,no,no,cellular,aug,578,,no,0
36,single,secondary,yes,no,cellular,apr,700,,yes,0
32,single,tertiary,no,no,cellular,may,208,98.0,yes,1
33,married,secondary,yes,no,unknown,may,726,,no,0
45,single,primary,yes,no,telephone,feb,156,,no,0
38,married,secondary,yes,no,unknown,may,408,,no,0
27,married,secondary,yes,no,cellular,jul,198,,no,0
44,married,tertiary,yes,no,unknown,may,457,,no,0
39,married,secondary,yes,no,cellular,jan,144,248.0,no,1
59,married,secondary,yes,no,unknown,may,806,,no,0
35,single,secondary,yes,no,cellular,jan,219,246.0,no,1
33,married,secondary,yes,no,unknown,jun,121,,no,0
27,single,tertiary,no,yes,cellular,jan,283,,no,0
46,married,secondary,yes,yes,cellular,feb,219,244.0,no,1
51,divorced,tertiary,yes,no,cellular,aug,109,,no,0
54,married,tertiary,no,no,cellular,oct,269,541.0,yes,1
30,single,secondary,yes,no,cellular,apr,265,,no,0
48,married,primary,yes,no,unknown,may,21,,no,0
45,divorced,primary,yes,no,unknown,may,336,,no,0
30,married,secondary,yes,no,cellular,apr,834,,no,0
53,married,secondary,no,no,cellular,aug,82,,no,0
40,married,secondary,no,no,cellular,nov,348,127.0,no,1
44,divorced,tertiary,no,no,cellular,aug,92,,no,0
37,married,secondary,no,no,unknown,jun,257,,no,0
27,married,secondary,no,no,telephone,oct,131,,yes,0
32,single,secondary,yes,no,cellular,apr,8,,no,0
37,married,secondary,no,no,cellular,aug,241,,no,0
27,single,secondary,no,no,cellular,aug,75,,no,0
31,married,primary,yes,no,cellular,may,235,,no,0
44,divorced,secondary,yes,no,cellular,may,155,,no,0
51,single,unknown,yes,no,unknown,may,33,,no,0
33,single,secondary,yes,no,cellular,apr,303,,no,0
32,married,secondary,yes,no,cellular,jan,164,,no,0
57,married,tertiary,yes,yes,unknown,may,107,,no,0
36,married,secondary,no,no,cellular,jun,516,292.0,yes,1
38,married,secondary,no,yes,unknown,jun,14,,no,0
45,married,tertiary,no,no,cellular,jun,761,,no,0
33,married,tertiary,yes,no,cellular,nov,280,89.0,no,1
38,married,secondary,yes,no,unknown,jun,111,,no,0
21,single,secondary,no,no,cellular,mar,266,,yes,0
37,single,secondary,yes,no,cellular,apr,81,,no,0
56,married,secondary,yes,no,cellular,apr,156,305.0,yes,1
26,single,secondary,yes,no,cellular,apr,242,,no,0
34,married,secondary,yes,no,cellular,apr,186,327.0,no,1
31,single,secondary,yes,no,cellular,nov,279,,no,0
36,married,tertiary,no,no,cellular,nov,78,,no,0
43,married,tertiary,no,no,unknown,jun,104,,no,0
40,divorced,secondary,yes,no,unknown,may,91,,no,0
42,divorced,secondary,yes,yes,unknown,may,147,,no,0
53,single,secondary,no,no,cellular,aug,134,,no,0
57,married,secondary,no,no,cellular,aug,198,,no,0
26,single,secondary,no,yes,cellular,feb,246,,no,0
26,single,tertiary,no,no,unknown,may,159,,no,0
41,married,primary,yes,no,unknown,may,160,,no,0
51,married,secondary,no,yes,unknown,jun,179,,no,0
60,married,primary,no,no,telephone,jul,40,,no,0
46,married,tertiary,no,no,cellular,jul,389,,no,0
31,married,tertiary,no,no,cellular,aug,377,,no,0
33,married,tertiary,yes,no,cellular,nov,262,,no,0
40,married,primary,no,no,unknown,jun,292,,no,0
36,married,unknown,no,yes,cellular,jul,185,,no,0
49,married,unknown,yes,no,cellular,may,143,347.0,no,1
41,married,tertiary,yes,yes,unknown,may,86,,no,0
52,married,secondary,no,yes,cellular,jul,197,,no,0
35,single,secondary,no,yes,cellular,jul,84,,no,0
30,married,secondary,no,no,cellular,jan,142,,no,0
45,married,secondary,yes,no,cellular,may,408,,no,0
36,married,tertiary,no,no,cellular,aug,97,,no,0
29,single,tertiary,no,no,cellular,apr,366,199.0,no,1
49,married,secondary,yes,no,cellular,aug,168,,no,0
66,married,secondary,no,no,cellular,aug,212,,yes,0
42,married,secondary,yes,no,cellular,jul,17,,no,0
56,married,unknown,no,no,cellular,aug,130,,no,0
44,married,secondary,no,yes,cellular,jan,138,183.0,no,1
31,single,tertiary,no,no,cellular,aug,170,,no,0
31,single,tertiary,no,no,cellular,feb,228,,no,0
36,married,secondary,yes,no,cellular,jul,393,,no,0
50,married,secondary,no,no,unknown,jun,165,,no,0
49,married,primary,yes,no,unknown,jun,223,,no,0
40,married,secondary,no,no,cellular,jun,220,219.0,no,1
50,married,primary,no,no,unknown,jun,17,,no,0
54,divorced,secondary,yes,no,cellular,may,895,365.0,no,1
44,single,secondary,yes,no,cellular,may,56,361.0,no,1
53,divorced,tertiary,no,yes,cellular,jun,438,,yes,0
57,divorced,secondary,yes,no,cellular,nov,219,,no,0
37,married,secondary,no,no,telephone,oct,376,,yes,0
45,married,secondary,yes,no,cellular,jul,287,181.0,yes,1
35,married,secondary,yes,yes,unknown,may,30,,no,0
58,married,secondary,yes,yes,cellular,apr,329,346.0,no,1
33,single,tertiary,yes,no,cellular,feb,311,,no,0
51,married,secondary,yes,no,cellular,may,136,359.0,no,1
34,married,secondary,yes,no,cellular,aug,352,828.0,yes,1
32,married,secondary,yes,no,unknown,may,102,,no,0
49,married,secondary,yes,yes,unknown,may,265,,no,0
39,married,primary,no,no,unknown,jun,394,,no,0
45,married,secondary,no,no,unknown,jun,113,,no,0
46,married,tertiary,yes,no,unknown,may,197,,no,0
24,single,tertiary,no,no,cellular,jun,239,95.0,yes,1
29,single,secondary,yes,no,unknown,may,108,,no,0
50,married,secondary,no,no,cellular,jul,16,,no,0
30,married,secondary,yes,no,unknown,may,216,,no,0
35,married,secondary,yes,no,cellular,nov,171,183.0,no,1
32,single,tertiary,no,no,cellular,jan,365,,no,0
41,single,tertiary,no,no,telephone,jul,63,,no,0
32,married,tertiary,yes,no,unknown,may,189,,no,0
45,married,unknown,no,no,cellular,aug,408,,no,0
59,married,secondary,no,no,telephone,may,125,370.0,no,1
43,single,tertiary,no,no,cellular,aug,229,,no,0
53,married,secondary,no,no,cellular,aug,123,,no,0
30,married,secondary,yes,no,unknown,may,807,,no,0
42,married,secondary,yes,no,telephone,feb,23,,no,0
36,married,tertiary,no,no,cellular,jan,76,,no,0
44,married,primary,no,no,unknown,may,107,,no,0
34,married,tertiary,yes,no,cellular,jun,485,227.0,yes,1
53,divorced,secondary,no,no,cellular,nov,561,,yes,0
39,married,tertiary,no,no,cellular,aug,425,,no,0
32,married,tertiary,no,no,cellular,nov,221,,no,0
57,married,secondary,no,no,cellular,aug,107,,no,0
32,married,primary,yes,no,cellular,jul,95,,no,0
39,single,tertiary,yes,no,cellular,may,14,,no,0
28,married,secondary,no,no,cellular,jul,588,,yes,0
33,married,secondary,no,no,cellular,jan,127,,no,0
25,single,secondary,yes,no,unknown,may,312,,no,0
38,divorced,secondary,yes,no,cellular,oct,576,183.0,yes,1
33,single,tertiary,no,no,cellular,aug,81,,no,0
42,divorced,secondary,yes,yes,cellular,jul,272,,no,0
60,married,secondary,no,no,cellular,aug,276,,no,0
31,married,secondary,no,no,unknown,may,121,,no,0
33,married,secondary,yes,no,cellular,may,143,,no,0
42,divorced,secondary,no,no,cellular,jul,61,,no,0
35,single,tertiary,yes,no,unknown,may,83,,no,0
39,married,primary,yes,no,unknown,may,680,,no,0
53,married,primary,yes,no,unknown,may,0,,no,0
24,single,secondary,yes,no,cellular,may,424,,no,0
37,single,tertiary,no,no,telephone,feb,63,,no,0
59,married,tertiary,yes,yes,cellular,may,106,280.0,no,1
32,married,tertiary,yes,yes,cellular,aug,144,,no,0
45,divorced,tertiary,yes,no,cellular,nov,101,,no,0
51,divorced,primary,no,no,unknown,jun,167,,no,0
57,married,secondary,no,yes,telephone,jul,31,,no,0
66,married,tertiary,no,no,cellular,aug,550,,yes,0
34,married,secondary,yes,no,cellular,nov,798,182.0,no,1
25,single,secondary,yes,no,cellular,may,323,,no,0
38,married,tertiary,yes,no,cellular,apr,526,260.0,yes,1
32,single,secondary,no,no,cellular,may,123,,no,0
37,married,secondary,yes,no,cellular,jul,112,324.0,no,1
52,single,unknown,yes,no,unknown,may,170,,no,0
53,married,secondary,yes,no,cellular,nov,286,,no,0
76,divorced,primary,no,no,cellular,oct,107,,yes,0
21,single,unknown,no,no,cellular,jun,270,,yes,0
40,married,secondary,yes,yes,unknown,may,29,,no,0
41,single,primary,yes,no,unknown,jun,950,,no,0
36,married,tertiary,no,no,cellular,apr,76,,no,0
57,married,secondary,no,no,unknown,jun,93,,no,0
37,divorced,secondary,yes,no,cellular,nov,555,,yes,0
56,married,secondary,yes,no,cellular,aug,335,,no,0
48,married,secondary,yes,yes,unknown,may,154,,no,0
30,single,secondary,yes,no,cellular,jul,65,,no,0
36,married,secondary,yes,no,cellular,may,189,,no,0
37,married,primary,yes,no,unknown,may,281,,no,0
46,married,tertiary,no,no,cellular,nov,118,,no,0
28,single,secondary,no,yes,unknown,jun,3183,,yes,0
47,married,primary,no,no,unknown,jun,374,,no,0
57,married,secondary,no,no,cellular,jan,132,,no,0
44,married,secondary,yes,no,unknown,may,243,,no,0
54,married,primary,yes,no,unknown,may,589,,no,0
35,married,tertiary,no,no,cellular,apr,131,185.0,no,1
51,married,secondary,no,yes,cellular,aug,143,,no,0
25,single,tertiary,no,yes,cellular,jul,201,,no,0
53,divorced,secondary,yes,yes,unknown,jul,25,417.0,yes,1
33,married,tertiary,yes,yes,cellular,jan,706,,no,0
60,married,primary,no,no,unknown,jun,177,,no,0
32,single,secondary,yes,no,cellular,aug,14,,no,0
46,married,tertiary,no,no,cellular,aug,182,,no,0
56,married,secondary,no,yes,cellular,jul,183,221.0,yes,1
44,divorced,secondary,yes,no,cellular,feb,607,,no,0
40,married,secondary,no,no,cellular,jun,78,,no,0
37,married,secondary,yes,yes,cellular,aug,209,,no,0
31,single,tertiary,yes,no,cellular,jul,164,,no,0
40,single,primary,yes,no,telephone,may,7,,no,0
39,married,secondary,yes,no,cellular,may,312,,no,0
52,married,unknown,yes,yes,cellular,jul,83,,no,0
36,married,secondary,yes,no,cellular,nov,476,124.0,no,1
32,single,secondary,no,no,telephone,feb,176,288.0,no,1
27,single,tertiary,yes,yes,cellular,jan,195,,no,0
50,married,secondary,no,yes,cellular,aug,70,,no,0
57,married,secondary,no,no,cellular,jul,364,,no,0
52,divorced,primary,yes,yes,unknown,jun,63,,no,0
58,divorced,secondary,no,no,cellular,jul,271,,no,0
28,single,tertiary,yes,no,cellular,mar,631,,yes,0
35,single,tertiary,no,no,cellular,feb,141,176.0,no,1
53,divorced,secondary,yes,yes,cellular,nov,64,,no,0
50,married,tertiary,yes,yes,cellular,aug,40,,no,0
47,divorced,primary,no,no,cellular,jul,69,,no,0
46,married,secondary,yes,no,cellular,feb,67,,no,0
59,married,secondary,yes,no,unknown,may,143,,no,0
53,married,tertiary,no,no,cellular,aug,100,,no,0
33,married,tertiary,yes,no,cellular,may,137,,no,0
44,married,tertiary,yes,no,cellular,feb,80,80.0,no,1
27,single,secondary,no,no,cellular,aug,106,110.0,no,1
47,married,secondary,yes,yes,cellular,may,151,,no,0
27,single,tertiary,yes,yes,unknown,may,68,,no,0
30,single,secondary,no,no,cellular,aug,90,,no,0
30,single,secondary,yes,no,cellular,may,91,370.0,no,1
58,married,secondary,yes,no,telephone,feb,702,264.0,no,1
37,single,secondary,no,no,unknown,jun,187,,no,0
47,married,tertiary,yes,no,cellular,may,217,,no,0
43,single,primary,yes,no,cellular,may,902,,yes,0
43,divorced,tertiary,yes,no,cellular,aug,89,401.0,no,1
40,married,primary,yes,no,unknown,may,260,,no,0
36,single,secondary,no,no,cellular,feb,443,,no,0
49,married,secondary,no,no,cellular,aug,220,,no,0
47,single,secondary,yes,no,unknown,may,62,,no,0
28,single,tertiary,no,no,telephone,jan,399,2.0,no,1
52,married,secondary,no,yes,cellular,jun,301,134.0,yes,1
35,divorced,secondary,no,no,cellular,feb,195,97.0,yes,1
47,married,unknown,no,no,cellular,jul,172,,no,0
31,single,tertiary,yes,no,unknown,jun,122,,no,0
30,single,tertiary,no,yes,cellular,jul,100,,no,0
29,single,secondary,yes,no,cellular,jul,203,,no,0
48,married,unknown,no,no,cellular,aug,104,,no,0
57,married,tertiary,yes,yes,cellular,apr,267,294.0,no,1
59,divorced,tertiary,yes,no,cellular,jul,52,,no,0
46,divorced,primary,yes,yes,cellular,jul,379,,no,0
50,divorced,primary,no,no,cellular,jul,51,,no,0
53,married,secondary,no,yes,cellular,aug,360,,no,0
32,single,secondary,no,yes,cellular,jul,110,,no,0
25,married,tertiary,no,no,cellular,apr,352,,no,0
58,married,unknown,no,yes,cellular,jul,78,,no,0
48,married,secondary,yes,no,unknown,may,126,,no,0
31,divorced,secondary,yes,no,unknown,may,208,,no,0
37,single,secondary,no,no,cellular,jul,392,,no,0
36,married,secondary,no,no,cellular,jan,187,185.0,no,1
35,married,tertiary,yes,no,cellular,nov,187,,no,0
47,married,secondary,yes,yes,cellular,apr,250,,no,0
42,married,primary,yes,no,telephone,may,17,,no,0
42,divorced,secondary,no,no,unknown,jun,249,,no,0
48,single,tertiary,yes,no,cellular,jul,462,,no,0
41,married,primary,no,no,unknown,jun,305,,no,0
61,married,tertiary,no,no,cellular,oct,136,,yes,0
56,married,tertiary,no,no,cellular,jul,81,,no,0
32,single,secondary,yes,no,cellular,may,158,354.0,no,1
57,single,primary,no,yes,cellular,nov,362,,no,0
34,married,tertiary,yes,yes,cellular,sep,74,,no,0
52,married,primary,no,no,cellular,aug,20,,no,0
46,divorced,secondary,no,no,unknown,jun,79,,no,0
58,divorced,secondary,yes,no,unknown,may,154,,no,0
42,married,secondary,yes,no,unknown,jun,36,,no,0
41,married,secondary,yes,no,cellular,jul,148,,no,0
30,married,secondary,no,no,cellular,nov,186,,no,0
60,married,tertiary,yes,no,cellular,may,187,,no,0
31,married,primary,yes,no,cellular,may,465,360.0,no,1
34,married,secondary,yes,no,cellular,apr,575,,no,0
45,married,unknown,yes,no,cellular,jul,80,,no,0
31,single,tertiary,yes,yes,cellular,may,117,352.0,no,1
27,single,secondary,no,no,unknown,aug,8,,no,0
36,married,secondary,no,yes,cellular,jul,716,,yes,0
35,married,tertiary,no,no,cellular,aug,484,,no,0
32,single,tertiary,no,no,cellular,aug,377,,no,0
48,married,primary,no,no,cellular,aug,103,,no,0
33,single,tertiary,no,no,cellular,aug,244,,no,0
50,married,primary,yes,no,unknown,jun,134,,no,0
26,single,tertiary,yes,no,cellular,may,301,,no,0
41,married,tertiary,no,no,cellular,aug,74,,no,0
42,single,primary,no,no,cellular,jul,86,,no,0
30,divorced,tertiary,no,no,cellular,aug,382,,no,0
50,married,primary,yes,no,unknown,may,129,,no,0
36,married,tertiary,no,no,cellular,aug,99,,no,0
31,single,unknown,yes,no,cellular,feb,254,260.0,no,1
34,married,tertiary,yes,no,cellular,apr,243,153.0,no,1
45,single,tertiary,no,no,cellular,jul,852,182.0,yes,1
45,married,secondary,no,yes,cellular,nov,652,126.0,yes,1
37,single,secondary,no,no,unknown,jun,11,,no,0
44,married,secondary,yes,no,telephone,may,37,303.0,no,1
57,married,secondary,yes,no,unknown,jun,198,,no,0
56,married,secondary,no,no,cellular,aug,210,,no,0
42,married,secondary,yes,no,unknown,may,201,,no,0
54,divorced,tertiary,no,yes,cellular,jul,259,,no,0
54,divorced,unknown,yes,no,cellular,apr,263,,no,0
55,married,secondary,yes,no,cellular,jan,134,,no,0
26,single,tertiary,no,no,cellular,jan,104,,no,0
51,single,tertiary,yes,no,cellular,nov,157,110.0,no,1
34,single,secondary,yes,no,cellular,may,197,,no,0
47,married,primary,no,no,cellular,aug,71,,no,0
41,married,secondary,no,no,unknown,jun,78,,no,0
45,married,tertiary,yes,yes,cellular,feb,190,264.0,no,1
30,married,secondary,yes,yes,cellular,jul,250,,no,0
34,single,tertiary,no,no,unknown,may,77,,no,0
35,married,secondary,no,no,cellular,aug,106,,no,0
37,divorced,tertiary,yes,no,cellular,may,668,,yes,0
33,single,secondary,yes,no,cellular,may,30,,no,0
60,married,secondary,no,no,cellular,sep,520,,yes,0
38,married,secondary,yes,no,cellular,jul,240,,no,0
36,married,secondary,yes,no,telephone,may,42,,no,0
50,married,primary,yes,yes,telephone,feb,56,196.0,no,1
46,married,primary,yes,no,telephone,nov,100,,no,0
32,married,secondary,yes,no,unknown,may,132,,no,0
41,married,tertiary,yes,no,unknown,jun,154,,no,0
47,married,secondary,no,yes,unknown,jul,504,,no,0
58,married,tertiary,no,no,cellular,feb,1109,262.0,yes,1
61,divorced,tertiary,no,no,cellular,aug,290,,yes,0
39,married,tertiary,yes,no,unknown,may,27,,no,0
46,married,primary,no,yes,cellular,jul,145,,no,0
33,divorced,tertiary,yes,no,telephone,feb,12,256.0,no,1
55,married,secondary,yes,no,unknown,may,901,,no,0
32,married,primary,yes,no,unknown,may,21,,no,0
44,married,secondary,yes,yes,cellular,jul,18,,no,0
44,married,secondary,yes,yes,cellular,may,528,,no,0
42,divorced,primary,no,no,cellular,jul,422,,no,0
32,married,tertiary,no,no,cellular,aug,219,84.0,no,1
56,married,secondary,yes,yes,cellular,aug,82,,no,0
39,married,secondary,yes,no,cellular,aug,63,,no,0
35,married,primary,no,yes,telephone,nov,26,,no,0
36,married,primary,no,no,cellular,aug,238,,no,0
41,married,tertiary,yes,yes,cellular,may,310,,no,0
33,single,secondary,no,no,cellular,nov,125,,no,0
30,single,secondary,yes,no,cellular,nov,528,,yes,0
38,married,tertiary,yes,no,cellular,aug,131,,no,0
41,married,secondary,yes,no,unknown,may,1147,,no,0
22,single,secondary,no,no,cellular,oct,258,,yes,0
30,married,secondary,yes,no,cellular,jul,661,,no,0
50,divorced,primary,no,no,cellular,jul,118,,no,0
51,married,tertiary,yes,yes,unknown,jun,394,,no,0
25,single,secondary,no,no,cellular,apr,327,,yes,0
31,married,secondary,yes,no,unknown,may,546,,no,0
45,single,secondary,yes,no,unknown,may,131,,no,0
30,single,tertiary,yes,no,unknown,may,255,,no,0
38,married,tertiary,yes,no,unknown,may,317,,no,0
50,married,secondary,yes,no,unknown,may,334,,no,0
27,single,secondary,no,no,cellular,jul,799,,no,0
30,single,secondary,yes,no,cellular,may,353,,no,0
51,married,primary,no,no,cellular,aug,453,,no,0
37,married,primary,yes,yes,cellular,may,340,,no,0
31,single,secondary,no,no,cellular,aug,100,,no,0
30,married,secondary,yes,no,unknown,may,541,,no,0
36,married,secondary,no,no,cellular,aug,80,,no,0
55,married,tertiary,no,yes,unknown,jun,12,,no,0
51,divorced,tertiary,no,no,cellular,nov,200,165.0,no,1
28,single,tertiary,no,yes,cellular,jul,470,,no,0
26,married,tertiary,yes,no,cellular,feb,133,,no,0
50,married,primary,no,no,unknown,jun,199,,no,0
47,married,tertiary,yes,no,unknown,may,316,,no,0
53,married,secondary,yes,no,unknown,may,535,,no,0
56,married,secondary,no,yes,unknown,jun,181,,no,0
26,single,secondary,yes,no,cellular,jul,63,,no,0
45,married,secondary,yes,no,cellular,nov,92,188.0,no,1
47,married,secondary,no,yes,unknown,jun,61,,no,0
42,married,primary,yes,no,telephone,jul,190,,no,0
43,married,tertiary,yes,no,unknown,may,256,,no,0
32,single,secondary,yes,no,cellular,apr,317,363.0,yes,1
47,married,tertiary,no,yes,cellular,feb,313,,no,0
31,married,primary,yes,no,cellular,may,317,352.0,no,1
50,married,tertiary,no,no,cellular,jul,106,,no,0
43,married,tertiary,yes,no,cellular,apr,129,337.0,no,1
35,single,secondary,yes,no,unknown,may,193,,no,0
44,married,tertiary,yes,no,unknown,may,346,,no,0
68,married,secondary,no,no,cellular,jun,586,,yes,0
36,married,tertiary,no,no,cellular,aug,159,,no,0
40,single,secondary,yes,no,unknown,may,71,,no,0
32,married,secondary,yes,yes,cellular,jan,203,87.0,yes,1
35,married,secondary,yes,no,cellular,jul,105,,no,0
28,single,tertiary,no,no,cellular,may,135,,no,0
34,married,secondary,yes,no,cellular,may,124,,no,0
22,single,secondary,yes,yes,cellular,may,336,,no,0
42,married,secondary,no,no,cellular,jul,305,,no,0
30,single,tertiary,yes,no,cellular,jul,368,,no,0
45,married,secondary,yes,no,cellular,aug,141,,no,0
38,married,tertiary,no,no,cellular,jul,532,,yes,0
33,married,tertiary,yes,no,cellular,may,84,167.0,no,1
58,single,secondary,no,no,telephone,mar,220,,no,0
32,married,secondary,no,no,cellular,feb,210,,no,0
32,married,secondary,yes,no,cellular,apr,317,,yes,0
33,married,tertiary,yes,no,cellular,nov,122,,no,0
40,divorced,tertiary,yes,no,unknown,oct,112,,yes,0
48,married,tertiary,no,no,cellular,aug,106,,no,0
37,divorced,tertiary,yes,no,cellular,may,74,351.0,no,1
38,married,tertiary,no,no,cellular,may,272,182.0,yes,1
60,married,unknown,no,no,cellular,aug,106,,no,0
45,married,tertiary,yes,no,cellular,may,469,342.0,no,1
59,married,secondary,yes,no,unknown,may,832,,no,0
41,married,secondary,yes,yes,telephone,jul,165,,no,0
29,married,tertiary,no,no,cellular,apr,437,264.0,no,1
36,married,tertiary,yes,no,cellular,may,155,,no,0
45,married,unknown,yes,yes,cellular,jul,145,,no,0
50,married,tertiary,no,no,cellular,may,177,387.0,no,1
30,married,secondary,yes,yes,cellular,may,143,364.0,no,1
54,married,primary,yes,no,cellular,nov,186,,no,0
57,married,tertiary,no,no,telephone,nov,95,,no,0
46,married,primary,yes,no,cellular,apr,249,237.0,no,1
28,single,unknown,no,no,cellular,sep,184,,no,0
37,divorced,tertiary,yes,no,unknown,may,1622,,yes,0
31,married,secondary,yes,yes,unknown,may,134,,no,0
60,divorced,unknown,yes,no,unknown,may,144,,no,0
38,single,secondary,yes,no,cellular,jan,52,,no,0
27,single,secondary,yes,no,cellular,may,176,,no,0
34,divorced,secondary,yes,no,cellular,nov,56,163.0,no,1
41,married,secondary,no,no,cellular,nov,1268,,no,0
34,married,secondary,yes,no,unknown,may,165,,no,0
25,single,secondary,no,yes,unknown,jul,316,,no,0
31,single,tertiary,no,no,cellular,aug,11,,no,0
56,married,primary,no,yes,cellular,nov,84,,no,0
36,single,tertiary,yes,no,cellular,jul,111,,no,0
47,married,secondary,yes,yes,unknown,nov,81,,no,0
27,married,secondary,yes,no,cellular,jul,55,,no,0
57,married,secondary,yes,yes,cellular,aug,93,,no,0
49,married,unknown,no,no,cellular,apr,119,,no,0
40,married,unknown,yes,no,unknown,may,311,,no,0
55,divorced,primary,yes,no,unknown,may,343,,no,0
44,married,tertiary,yes,no,cellular,aug,159,,no,0
48,married,secondary,yes,no,telephone,may,139,,no,0
36,divorced,secondary,yes,no,cellular,may,365,,yes,0
48,married,primary,no,no,cellular,aug,136,,no,0
37,married,secondary,yes,no,cellular,nov,62,190.0,no,1
30,married,tertiary,yes,yes,unknown,jun,238,,no,0
46,married,secondary,no,no,telephone,jul,16,,no,0
35,divorced,secondary,no,no,cellular,jul,186,,no,0
20,single,unknown,no,no,cellular,mar,196,182.0,no,1
51,single,secondary,yes,no,cellular,may,496,343.0,no,1
31,married,secondary,yes,no,cellular,apr,279,,no,0
59,married,tertiary,no,no,cellular,jul,167,,no,0
43,married,primary,yes,no,cellular,jul,578,,no,0
34,single,secondary,no,no,cellular,feb,684,,no,0
38,single,tertiary,yes,no,unknown,may,85,,no,0
53,married,tertiary,yes,no,cellular,may,429,193.0,no,1
36,single,secondary,no,no,cellular,may,87,308.0,no,1
40,married,primary,yes,no,unknown,may,283,,no,0
51,single,tertiary,yes,no,unknown,may,18,,no,0
60,married,unknown,no,yes,cellular,aug,104,,no,0
60,married,tertiary,yes,yes,cellular,jun,128,192.0,no,1
46,divorced,tertiary,yes,no,unknown,jun,10,,no,0
31,single,tertiary,yes,no,cellular,may,124,,no,0
44,married,secondary,no,no,cellular,sep,205,,no,0
36,married,tertiary,yes,no,cellular,aug,160,,no,0
51,divorced,tertiary,yes,no,cellular,may,102,355.0,no,1
59,divorced,secondary,no,no,unknown,jun,13,,no,0
19,single,primary,no,no,cellular,may,72,,no,0
40,married,primary,no,yes,telephone,jul,201,,no,0
29,married,secondary,yes,yes,cellular,may,382,,yes,0
42,married,secondary,yes,no,unknown,may,285,,no,0
41,married,secondary,yes,no,cellular,apr,949,254.0,yes,1
35,single,secondary,yes,no,cellular,feb,515,,yes,0
58,married,unknown,no,no,unknown,jun,37,,no,0
30,single,tertiary,no,no,cellular,feb,48,,no,0
41,married,primary,yes,no,cellular,jan,419,,no,0
57,married,secondary,no,no,cellular,aug,101,,no,0
28,single,secondary,no,no,cellular,feb,155,,no,0
47,married,primary,no,no,cellular,aug,231,,no,0
42,single,tertiary,yes,no,unknown,may,161,,no,0
34,single,secondary,yes,no,unknown,jun,102,,no,0
40,married,tertiary,yes,no,unknown,nov,85,,yes,0
32,married,secondary,no,no,cellular,feb,350,,no,0
43,married,secondary,yes,no,unknown,may,168,,no,0
20,single,unknown,no,no,cellular,jul,253,,yes,0
51,married,tertiary,yes,no,cellular,may,138,,no,0
47,married,secondary,no,no,cellular,aug,73,,no,0
47,single,tertiary,no,no,unknown,jun,58,,no,0
48,married,primary,yes,no,cellular,jun,262,,no,0
32,married,tertiary,yes,no,cellular,feb,133,77.0,no,1
36,divorced,tertiary,no,yes,cellular,aug,118,,no,0
45,married,secondary,no,no,cellular,feb,326,,no,0
37,single,primary,yes,no,unknown,jun,309,,no,0
62,married,secondary,no,no,telephone,mar,139,,no,0
38,divorced,tertiary,yes,no,unknown,may,89,,no,0
45,married,tertiary,yes,yes,cellular,may,234,,no,0
52,divorced,primary,no,no,cellular,feb,307,,no,0
32,married,secondary,yes,no,cellular,jan,206,,no,0
43,married,secondary,yes,no,cellular,nov,102,,no,0
49,divorced,tertiary,no,no,cellular,apr,285,132.0,no,1
55,married,primary,no,no,cellular,aug,196,,no,0
35,married,tertiary,no,no,unknown,jun,400,,no,0
53,divorced,secondary,no,yes,unknown,jun,192,,no,0
39,married,secondary,yes,no,unknown,may,209,,no,0
36,married,secondary,yes,no,cellular,feb,220,,no,0
41,married,secondary,yes,yes,cellular,nov,425,176.0,no,1
46,single,secondary,yes,no,unknown,may,33,,no,0
46,married,primary,no,no,telephone,may,32,301.0,no,1
56,married,secondary,yes,no,unknown,may,66,,no,0
28,single,tertiary,no,no,cellular,feb,271,,no,0
42,divorced,secondary,no,no,cellular,nov,137,,no,0
60,married,secondary,no,no,cellular,jul,981,,yes,0
33,divorced,tertiary,yes,no,cellular,jul,1491,,yes,0
55,married,tertiary,no,no,cellular,jul,814,,yes,0
53,married,tertiary,no,no,cellular,feb,208,,yes,0
38,married,secondary,no,no,cellular,mar,103,,no,0
24,single,tertiary,yes,no,unknown,jun,15,,no,0
33,single,secondary,yes,no,unknown,may,189,,no,0
34,married,tertiary,no,no,cellular,feb,426,,yes,0
43,divorced,secondary,yes,no,cellular,may,274,358.0,no,1
46,single,tertiary,yes,no,telephone,may,91,175.0,no,1
43,single,secondary,no,no,cellular,feb,58,264.0,no,1
23,single,secondary,yes,no,cellular,may,170,,no,0
30,married,secondary,yes,no,cellular,apr,1034,,no,0
28,married,secondary,yes,no,unknown,may,667,,no,0
35,married,secondary,no,no,unknown,jun,445,,no,0
56,married,unknown,no,no,telephone,jul,26,,no,0
51,married,primary,no,no,cellular,aug,65,,no,0
54,married,primary,no,yes,cellular,jul,1027,,no,0
51,married,unknown,yes,no,cellular,may,176,341.0,no,1
42,divorced,secondary,yes,yes,unknown,may,141,,no,0
55,married,secondary,no,no,unknown,jun,192,,no,0
53,married,primary,yes,no,cellular,nov,677,,yes,0
26,married,tertiary,yes,yes,unknown,may,1266,,no,0
33,single,secondary,yes,no,unknown,jun,63,,no,0
40,married,tertiary,no,no,cellular,aug,131,98.0,yes,1
37,married,tertiary,yes,no,cellular,nov,101,,no,0
44,married,secondary,no,no,cellular,nov,280,,no,0
37,divorced,secondary,yes,no,cellular,may,68,359.0,no,1
38,divorced,secondary,yes,no,unknown,jun,373,,no,0
31,single,tertiary,yes,no,unknown,jun,25,,no,0
35,married,tertiary,yes,no,cellular,may,235,352.0,no,1
36,married,secondary,yes,no,telephone,may,1143,,no,0
31,married,tertiary,no,no,cellular,nov,161,,no,0
29,single,tertiary,yes,no,cellular,jul,396,,yes,0
44,divorced,secondary,yes,yes,unknown,jun,81,,no,0
42,married,secondary,yes,no,cellular,aug,149,78.0,yes,1
48,married,tertiary,no,no,cellular,aug,232,,yes,0
51,married,primary,yes,no,cellular,nov,714,186.0,no,1
51,married,primary,yes,no,cellular,jul,2015,,yes,0
60,divorced,primary,no,yes,cellular,jul,165,,no,0
32,single,tertiary,no,no,cellular,aug,148,,no,0
26,single,secondary,yes,no,unknown,jun,237,,no,0
32,married,tertiary,no,no,cellular,jan,458,,no,0
58,married,secondary,yes,no,cellular,jul,144,,no,0
67,married,unknown,no,no,cellular,sep,372,,no,0
42,married,tertiary,no,yes,cellular,aug,91,,no,0
48,married,primary,yes,no,unknown,may,100,,no,0
33,married,tertiary,yes,no,telephone,oct,51,,no,0
44,single,tertiary,no,no,cellular,mar,207,199.0,yes,1
27,married,secondary,no,no,cellular,jul,77,,no,0
43,divorced,secondary,yes,no,cellular,may,149,,no,0
35,married,tertiary,yes,no,unknown,jun,104,,no,0
44,married,secondary,no,yes,cellular,feb,351,,no,0
58,married,secondary,no,no,cellular,aug,503,,no,0
39,married,tertiary,no,no,cellular,dec,929,189.0,yes,1
35,married,secondary,yes,no,cellular,apr,203,,no,0
53,married,tertiary,no,no,cellular,aug,129,,no,0
50,married,secondary,no,no,cellular,aug,103,,no,0
47,married,primary,no,no,cellular,aug,19,,no,0
52,single,tertiary,yes,no,cellular,may,402,,no,0
34,married,secondary,yes,no,cellular,may,1806,287.0,yes,1
36,single,primary,yes,no,unknown,may,134,,no,0
37,married,tertiary,no,no,cellular,apr,114,,no,0
48,married,primary,no,no,unknown,jun,29,,no,0
40,single,secondary,no,no,cellular,feb,671,,no,0
51,married,secondary,yes,no,unknown,jun,450,,no,0
43,divorced,secondary,yes,no,telephone,may,16,,no,0
30,married,secondary,no,no,cellular,may,93,,no,0
42,divorced,secondary,no,no,cellular,apr,127,,yes,0
38,single,secondary,yes,no,cellular,aug,1687,,no,0
53,married,unknown,yes,no,unknown,may,209,,no,0
36,single,tertiary,yes,no,unknown,jun,1068,,yes,0
63,married,secondary,no,no,cellular,oct,389,195.0,yes,1
31,married,secondary,no,no,cellular,jul,185,,no,0
48,married,secondary,yes,no,unknown,may,70,,no,0
27,single,tertiary,yes,no,unknown,jan,127,,no,0
35,married,secondary,yes,yes,cellular,may,1313,312.0,yes,1
39,single,tertiary,yes,no,cellular,aug,248,131.0,no,1
59,married,tertiary,no,yes,cellular,jul,55,,no,0
30,married,secondary,yes,no,cellular,apr,62,332.0,no,1
34,married,tertiary,no,no,cellular,aug,130,,yes,0
32,married,secondary,no,yes,cellular,aug,82,,no,0
28,single,secondary,yes,yes,unknown,jul,260,,no,0
65,married,unknown,no,no,telephone,aug,256,,yes,0
41,single,primary,no,no,cellular,may,239,368.0,no,1
35,single,tertiary,yes,no,cellular,may,100,169.0,no,1
46,married,secondary,yes,yes,cellular,oct,251,430.0,no,1
33,single,tertiary,yes,no,cellular,aug,215,,no,0
58,married,primary,yes,no,unknown,may,91,,no,0
39,married,secondary,yes,no,cellular,jul,214,,no,0
29,single,tertiary,no,no,cellular,feb,132,103.0,yes,1
33,single,tertiary,yes,no,cellular,jul,66,,no,0
28,single,secondary,no,no,cellular,feb,16,,no,0
30,married,secondary,yes,no,cellular,may,197,,no,0
32,single,tertiary,no,no,cellular,aug,49,,no,0
34,single,secondary,yes,no,unknown,may,407,,no,0
72,married,secondary,no,no,cellular,sep,135,,no,0
55,married,secondary,no,no,cellular,nov,149,170.0,no,1
36,married,tertiary,yes,yes,cellular,nov,358,,no,0
61,married,secondary,no,no,cellular,jun,224,,no,0
31,single,secondary,yes,no,cellular,apr,178,,no,0
31,single,tertiary,no,yes,cellular,jul,85,,no,0
42,married,secondary,yes,yes,unknown,may,269,,no,0
54,married,tertiary,no,no,unknown,jun,120,,no,0
49,married,primary,yes,no,unknown,may,155,,no,0
44,single,tertiary,yes,no,unknown,jun,65,,no,0
40,single,secondary,no,no,telephone,jul,78,,no,0
52,single,tertiary,no,no,cellular,may,466,354.0,no,1
40,married,tertiary,no,no,cellular,aug,261,,no,0
45,divorced,tertiary,yes,no,cellular,jul,144,,no,0
30,single,secondary,no,no,cellular,feb,337,95.0,yes,1
26,married,secondary,no,no,cellular,jan,216,,no,0
31,married,tertiary,yes,no,cellular,nov,316,99.0,yes,1
41,married,secondary,yes,no,unknown,may,91,,no,0
27,single,secondary,yes,no,unknown,may,116,,no,0
54,married,secondary,yes,no,cellular,may,104,,no,0
36,married,secondary,yes,no,unknown,may,110,,no,0
32,single,tertiary,no,no,cellular,nov,299,,no,0
45,married,secondary,yes,no,unknown,jun,172,,no,0
52,married,secondary,no,yes,cellular,nov,93,115.0,no,1
54,married,primary,no,no,unknown,may,255,,no,0
23,single,secondary,yes,no,unknown,may,44,,no,0
39,single,tertiary,yes,no,cellular,jul,310,,no,0
60,divorced,tertiary,no,yes,telephone,jul,207,,no,0
43,married,tertiary,yes,no,unknown,jun,662,,yes,0
34,married,unknown,yes,no,cellular,apr,233,,no,0
54,married,primary,no,no,cellular,may,225,,no,0
58,married,secondary,no,no,unknown,jun,188,,no,0
48,married,tertiary,yes,no,cellular,feb,168,203.0,no,1
32,married,secondary,no,no,cellular,apr,234,,no,0
25,single,secondary,no,no,telephone,aug,170,,yes,0
30,married,secondary,yes,yes,unknown,jun,62,,no,0
32,married,tertiary,yes,no,cellular,jun,883,674.0,no,1
26,single,unknown,no,no,cellular,may,399,,no,0
53,married,secondary,no,yes,telephone,nov,88,113.0,no,1
51,married,secondary,yes,no,cellular,aug,1226,,yes,0
43,married,secondary,yes,yes,unknown,may,128,,no,0
40,married,tertiary,yes,no,cellular,nov,639,27.0,yes,1
60,married,secondary,no,no,cellular,aug,83,,no,0
58,married,unknown,no,no,cellular,aug,50,,no,0
47,married,secondary,no,no,unknown,jun,385,,no,0
41,single,secondary,no,no,cellular,aug,149,,no,0
39,married,secondary,yes,yes,cellular,may,183,,no,0
48,divorced,tertiary,no,no,cellular,aug,290,,no,0
52,married,secondary,no,no,cellular,jul,168,,no,0
50,married,primary,no,no,unknown,may,114,,no,0
41,divorced,tertiary,no,yes,cellular,nov,158,,no,0
33,single,secondary,yes,no,cellular,apr,372,,no,0
47,divorced,secondary,yes,yes,cellular,may,178,,no,0
41,single,secondary,yes,no,unknown,sep,22,107.0,no,1
28,single,secondary,yes,no,cellular,may,190,,no,0
28,single,secondary,yes,no,unknown,jun,712,,yes,0
31,married,secondary,yes,no,unknown,may,134,,no,0
34,married,tertiary,yes,no,cellular,jul,380,,no,0
39,married,primary,yes,no,cellular,jul,377,,no,0
50,married,primary,yes,no,unknown,may,152,,no,0
42,married,secondary,yes,no,cellular,jul,528,,no,0
35,married,tertiary,yes,yes,cellular,nov,83,,no,0
30,single,tertiary,yes,no,unknown,may,469,,no,0
29,single,secondary,no,no,cellular,jul,175,95.0,no,1
37,divorced,secondary,yes,no,cellular,jan,638,266.0,no,1
34,married,tertiary,no,no,cellular,aug,52,,no,0
30,married,primary,yes,no,cellular,jul,259,,no,0
33,married,secondary,yes,no,cellular,jul,81,,no,0
59,married,primary,yes,yes,unknown,may,717,,no,0
30,single,primary,no,no,cellular,nov,119,,no,0
34,married,secondary,no,no,cellular,feb,696,,no,0
39,married,tertiary,no,yes,unknown,may,189,,no,0
36,married,secondary,no,no,unknown,may,271,,no,0
50,married,primary,no,no,cellular,aug,149,,no,0
82,divorced,primary,no,no,cellular,jan,86,93.0,no,1
57,married,tertiary,no,no,cellular,aug,314,,no,0
44,married,secondary,no,no,unknown,may,85,,no,0
32,divorced,secondary,yes,no,cellular,apr,48,,no,0
39,married,tertiary,yes,no,cellular,may,1145,170.0,no,1
42,married,secondary,no,no,unknown,jun,948,,no,0
58,divorced,secondary,yes,yes,unknown,may,180,,no,0
39,divorced,secondary,yes,no,unknown,jun,90,,no,0
31,single,secondary,yes,no,cellular,may,193,,no,0
49,divorced,secondary,no,no,cellular,jul,435,,no,0
28,single,unknown,no,no,cellular,jan,554,,no,0
50,married,secondary,no,no,telephone,jun,143,,no,0
75,married,tertiary,no,no,cellular,apr,240,,yes,0
49,single,unknown,no,no,cellular,jan,91,,no,0
44,married,secondary,yes,no,cellular,aug,112,,no,0
48,married,primary,yes,no,telephone,may,22,,no,0
23,married,secondary,yes,no,unknown,may,409,,no,0
37,married,secondary,no,no,cellular,aug,68,,no,0
27,married,tertiary,yes,no,cellular,apr,163,271.0,no,1
46,married,tertiary,no,no,cellular,aug,172,,no,0
27,single,secondary,yes,no,unknown,may,101,,no,0
56,married,primary,no,yes,telephone,jul,1877,,yes,0
43,single,unknown,yes,no,unknown,may,328,,no,0
47,divorced,secondary,yes,yes,unknown,may,335,,no,0
36,married,primary,yes,no,cellular,may,31,,no,0
39,married,tertiary,no,no,cellular,jun,385,165.0,no,1
29,single,tertiary,no,no,cellular,feb,162,184.0,no,1
31,married,secondary,yes,yes,cellular,nov,533,,no,0
39,married,tertiary,no,no,cellular,aug,422,,no,0
46,married,secondary,no,no,cellular,jul,156,,no,0
48,married,primary,yes,yes,cellular,may,307,177.0,yes,1
31,single,secondary,yes,no,cellular,may,309,,yes,0
32,married,tertiary,yes,no,unknown,jun,1060,,yes,0
44,married,tertiary,no,no,cellular,aug,125,,no,0
46,married,secondary,no,no,telephone,jan,100,,no,0
50,married,secondary,yes,no,cellular,may,7,342.0,no,1
38,divorced,secondary,yes,no,cellular,may,722,,no,0
34,single,secondary,yes,no,cellular,apr,92,321.0,no,1
33,married,primary,no,no,cellular,may,47,,no,0
57,married,secondary,yes,yes,telephone,may,12,,no,0
31,married,tertiary,yes,no,cellular,feb,155,,no,0
40,married,primary,yes,no,cellular,may,23,332.0,no,1
52,divorced,secondary,yes,no,unknown,may,63,,no,0
38,married,secondary,yes,no,cellular,apr,217,,no,0
29,married,secondary,yes,no,cellular,jul,74,,no,0
31,single,secondary,yes,no,cellular,apr,416,,no,0
37,divorced,secondary,no,yes,cellular,nov,380,167.0,no,1
28,single,secondary,no,no,cellular,jan,220,,no,0
41,married,secondary,no,yes,cellular,may,86,,no,0
54,married,primary,no,no,cellular,nov,102,,no,0
38,married,secondary,yes,no,unknown,may,359,,no,0
41,divorced,tertiary,yes,no,cellular,feb,69,252.0,no,1
26,single,tertiary,no,no,telephone,jan,145,164.0,no,1
42,married,secondary,yes,no,cellular,jul,272,,no,0
24,single,secondary,yes,no,unknown,may,105,,no,0
59,married,primary,no,no,cellular,dec,467,186.0,yes,1
35,married,primary,yes,no,unknown,may,247,,no,0
27,married,secondary,yes,yes,unknown,may,239,,no,0
41,married,tertiary,no,no,cellular,aug,193,,yes,0
46,married,secondary,yes,no,unknown,jul,6,,no,0
29,single,secondary,no,no,unknown,may,190,,no,0
43,single,secondary,no,no,cellular,may,68,363.0,no,1
46,married,primary,no,no,cellular,jul,92,,no,0
55,single,tertiary,yes,no,unknown,may,118,,no,0
42,married,secondary,no,no,cellular,jul,113,93.0,no,1
30,single,tertiary,no,no,cellular,oct,155,184.0,no,1
33,single,tertiary,no,no,cellular,oct,246,,no,0
30,single,secondary,no,no,cellular,dec,329,,yes,0
34,married,primary,yes,no,unknown,jun,80,,no,0
48,married,secondary,yes,no,cellular,sep,378,386.0,yes,1
36,married,tertiary,yes,no,cellular,nov,7,,no,0
33,single,tertiary,no,no,cellular,mar,238,,yes,0
36,married,secondary,yes,no,unknown,may,1001,,yes,0
31,married,primary,yes,yes,unknown,may,488,,no,0
40,married,secondary,yes,no,cellular,nov,353,172.0,no,1
44,divorced,secondary,no,no,cellular,apr,411,,no,0
36,single,unknown,no,no,unknown,jun,359,,no,0
43,single,primary,yes,no,unknown,may,322,,no,0
32,single,primary,yes,no,cellular,feb,72,273.0,no,1
39,married,tertiary,no,no,cellular,jun,140,,yes,0
33,single,secondary,no,no,cellular,apr,301,,yes,0
55,divorced,secondary,no,yes,cellular,jul,1417,,yes,0
37,married,tertiary,yes,no,unknown,may,226,,no,0
49,married,secondary,no,no,unknown,jun,156,,no,0
25,single,primary,yes,no,cellular,apr,59,322.0,no,1
31,single,secondary,no,no,telephone,jan,49,,no,0
59,married,secondary,no,no,cellular,jan,285,,no,0
33,single,tertiary,no,no,cellular,aug,122,,no,0
40,divorced,secondary,yes,no,unknown,may,163,,no,0
30,married,secondary,yes,no,unknown,may,160,,no,0
48,married,secondary,no,no,cellular,jul,66,,no,0
47,married,secondary,no,yes,cellular,dec,193,220.0,no,1
44,single,secondary,no,no,cellular,jan,255,,no,0
28,single,secondary,yes,yes,telephone,feb,39,,no,0
49,married,secondary,yes,no,cellular,may,156,178.0,no,1
38,single,secondary,yes,no,cellular,feb,159,187.0,no,1
30,single,secondary,yes,no,unknown,may,1204,,no,0
43,married,tertiary,no,no,unknown,jun,285,,no,0
43,married,tertiary,no,no,cellular,aug,142,,no,0
31,single,tertiary,yes,yes,cellular,nov,846,100.0,no,1
39,divorced,secondary,no,no,cellular,oct,242,48.0,yes,1
33,single,secondary,yes,no,unknown,may,160,,no,0
40,married,secondary,no,no,telephone,jul,22,,no,0
36,married,secondary,yes,yes,unknown,jun,56,,no,0
41,married,tertiary,yes,no,cellular,jul,81,,no,0
29,single,tertiary,no,yes,cellular,jan,624,,no,0
53,married,tertiary,no,no,cellular,jun,91,185.0,no,1
30,married,primary,yes,no,cellular,nov,432,184.0,no,1
82,married,secondary,no,no,telephone,feb,330,,yes,0
35,married,tertiary,yes,no,cellular,feb,357,,no,0
50,divorced,tertiary,yes,yes,cellular,jul,172,,no,0
45,single,tertiary,no,no,cellular,aug,29,,no,0
33,married,primary,yes,no,unknown,may,147,,no,0
32,single,tertiary,yes,no,cellular,aug,82,,no,0
41,single,secondary,yes,no,unknown,jun,332,,no,0
44,married,tertiary,yes,no,unknown,jul,300,,no,0
51,married,secondary,yes,no,cellular,jan,436,270.0,no,1
27,single,secondary,no,no,cellular,may,159,87.0,yes,1
38,married,primary,no,no,cellular,apr,574,,yes,0
46,married,secondary,yes,no,cellular,aug,370,,no,0
39,single,secondary,yes,no,unknown,jun,157,,no,0
31,single,tertiary,no,no,cellular,aug,121,,no,0
40,married,primary,yes,yes,unknown,jun,240,,no,0
37,married,secondary,yes,yes,cellular,jul,56,,no,0
40,married,primary,yes,no,cellular,feb,161,,no,0
42,married,unknown,yes,no,cellular,apr,291,332.0,no,1
42,married,tertiary,no,yes,cellular,nov,340,,no,0
32,single,primary,yes,no,unknown,may,112,,no,0
51,married,secondary,no,no,unknown,jun,587,,yes,0
44,married,primary,no,yes,cellular,jul,1211,,yes,0
43,married,secondary,yes,yes,cellular,may,114,301.0,no,1
23,married,secondary,yes,yes,telephone,may,19,358.0,no,1
27,single,secondary,yes,no,unknown,may,205,,no,0
29,married,secondary,yes,no,cellular,may,44,355.0,no,1
48,divorced,tertiary,yes,no,cellular,may,208,96.0,yes,1
58,divorced,primary,no,no,unknown,jun,59,,no,0
64,married,secondary,no,no,cellular,mar,84,88.0,no,1
44,married,tertiary,no,no,cellular,apr,96,,no,0
36,married,tertiary,yes,no,cellular,apr,555,,yes,0
33,married,tertiary,no,no,cellular,nov,118,,no,0
28,married,unknown,yes,no,unknown,may,180,,no,0
47,married,tertiary,yes,no,unknown,may,282,,no,0
49,married,secondary,yes,yes,unknown,may,178,,no,0
41,married,secondary,yes,no,cellular,apr,75,,no,0
50,married,tertiary,no,no,cellular,nov,625,,no,0
33,married,tertiary,no,no,cellular,aug,102,,no,0
40,married,primary,yes,no,unknown,may,288,,no,0
42,married,secondary,no,no,telephone,oct,172,,no,0
32,single,unknown,no,no,cellular,aug,192,91.0,no,1
31,single,tertiary,no,no,cellular,aug,361,,no,0
30,single,secondary,yes,no,cellular,may,85,,no,0
35,married,tertiary,yes,no,cellular,nov,295,124.0,no,1
42,married,tertiary,no,no,unknown,jun,203,,no,0
40,married,secondary,yes,no,cellular,may,181,,no,0
30,married,tertiary,yes,yes,cellular,nov,75,,no,0
58,divorced,secondary,yes,yes,cellular,jul,98,,no,0
28,married,primary,yes,no,cellular,may,161,337.0,no,1
37,single,secondary,yes,yes,cellular,nov,341,,no,0
33,married,secondary,no,no,cellular,aug,88,259.0,no,1
33,married,secondary,yes,no,cellular,apr,342,332.0,no,1
56,married,secondary,no,no,unknown,jun,9,,no,0
39,married,secondary,no,no,cellular,sep,55,46.0,no,1
57,divorced,primary,no,no,cellular,nov,142,,no,0
42,married,primary,yes,no,unknown,may,53,,no,0
54,married,secondary,yes,no,unknown,may,44,,no,0
41,single,secondary,yes,yes,unknown,may,192,,no,0
38,married,primary,no,no,cellular,aug,101,,no,0
60,divorced,primary,yes,yes,unknown,may,80,,no,0
37,married,secondary,yes,no,cellular,may,169,,no,0
28,married,secondary,yes,no,unknown,may,571,,no,0
46,married,tertiary,no,no,cellular,aug,79,,no,0
32,single,unknown,yes,no,cellular,jan,452,253.0,no,1
35,married,primary,yes,no,unknown,jun,60,,no,0
61,married,secondary,no,no,cellular,aug,81,,no,0
31,single,tertiary,no,no,cellular,aug,144,,no,0
59,married,primary,no,no,cellular,jul,114,,no,0
44,married,tertiary,no,no,cellular,aug,1015,,no,0
59,married,secondary,no,no,cellular,jan,127,,no,0
35,single,tertiary,yes,yes,cellular,nov,52,,no,0
27,married,secondary,yes,no,cellular,apr,1665,,yes,0
36,married,tertiary,no,no,unknown,jun,112,,no,0
59,married,primary,no,yes,unknown,jun,158,,no,0
43,married,primary,yes,no,cellular,apr,138,263.0,no,1
38,single,tertiary,no,no,unknown,jun,1051,,yes,0
34,single,secondary,yes,yes,cellular,nov,88,,no,0
43,married,secondary,no,no,cellular,may,13,89.0,no,1
28,single,primary,yes,no,cellular,may,68,363.0,no,1
28,married,tertiary,no,no,cellular,oct,333,616.0,no,1
33,married,secondary,yes,no,cellular,jul,270,,no,0
29,single,tertiary,no,no,cellular,may,393,,yes,0
33,married,primary,yes,no,cellular,apr,178,,no,0
55,married,tertiary,yes,no,cellular,nov,66,,no,0
56,married,secondary,yes,no,unknown,may,333,,no,0
75,married,primary,no,no,cellular,feb,364,,yes,0
54,divorced,primary,no,no,cellular,jul,98,,no,0
48,married,tertiary,no,no,cellular,aug,203,,no,0
26,married,secondary,no,no,cellular,jul,94,,no,0
36,married,tertiary,no,no,cellular,sep,281,97.0,yes,1
46,single,tertiary,no,no,cellular,may,114,60.0,no,1
33,single,secondary,no,no,unknown,may,149,,no,0
36,married,tertiary,no,yes,cellular,jul,261,,no,0
33,married,secondary,yes,no,cellular,may,112,,no,0
38,single,secondary,yes,no,unknown,jun,215,,no,0
42,divorced,tertiary,yes,no,cellular,jul,509,,no,0
42,married,primary,no,no,telephone,may,24,,no,0
72,married,secondary,no,yes,cellular,mar,229,339.0,yes,1
39,married,secondary,no,no,cellular,nov,749,,yes,0
35,single,tertiary,no,yes,cellular,jul,247,,no,0
29,married,secondary,no,yes,cellular,jul,249,,no,0
37,married,secondary,yes,yes,cellular,may,151,171.0,no,1
31,married,tertiary,no,no,cellular,aug,198,,no,0
48,married,primary,yes,no,unknown,jun,53,,no,0
37,married,primary,yes,no,unknown,may,460,,no,0
40,married,secondary,no,no,unknown,may,56,,no,0
35,divorced,secondary,yes,no,unknown,may,574,,no,0
41,married,secondary,yes,no,cellular,jul,239,,no,0
48,married,secondary,yes,no,cellular,may,78,,no,0
35,single,tertiary,yes,no,cellular,nov,133,90.0,no,1
63,married,tertiary,no,no,telephone,nov,57,,no,0
32,divorced,secondary,yes,no,cellular,nov,50,,no,0
37,married,tertiary,no,no,cellular,aug,846,,yes,0
39,married,secondary,no,no,cellular,apr,70,,no,0
42,married,primary,no,yes,cellular,jul,113,,no,0
36,single,secondary,yes,no,unknown,may,98,,no,0
44,single,tertiary,yes,no,cellular,jul,435,,no,0
60,divorced,secondary,no,no,cellular,oct,416,,yes,0
32,married,tertiary,no,no,telephone,aug,133,,no,0
37,divorced,secondary,yes,yes,cellular,feb,131,,no,0
30,married,secondary,no,no,cellular,apr,840,,yes,0
34,divorced,tertiary,no,no,cellular,mar,189,480.0,no,1
58,married,tertiary,no,no,cellular,aug,201,,no,0
55,married,secondary,no,no,cellular,aug,281,,no,0
39,single,tertiary,yes,no,unknown,jun,216,,no,0
49,married,tertiary,yes,yes,unknown,may,46,,no,0
32,divorced,primary,yes,no,cellular,jul,129,,no,0
56,married,secondary,yes,no,unknown,may,129,,no,0
55,divorced,secondary,no,no,cellular,aug,430,,no,0
41,married,secondary,no,yes,cellular,jul,354,,no,0
35,single,secondary,yes,no,unknown,may,290,,no,0
50,married,secondary,yes,no,cellular,may,301,,no,0
33,single,tertiary,yes,no,cellular,oct,104,111.0,no,1
47,married,primary,no,yes,cellular,jul,564,,no,0
52,married,primary,no,no,cellular,aug,96,,no,0
58,married,tertiary,yes,no,unknown,may,65,,no,0
29,single,tertiary,no,no,cellular,apr,548,,yes,0
28,single,secondary,yes,no,unknown,may,407,,no,0
53,married,secondary,yes,yes,cellular,may,410,,no,0
46,married,unknown,no,no,unknown,jun,67,,no,0
37,married,primary,yes,no,cellular,may,24,362.0,no,1
55,married,unknown,yes,no,telephone,jul,90,,no,0
48,single,secondary,yes,no,cellular,apr,188,,no,0
37,married,tertiary,no,no,cellular,aug,133,,no,0
51,married,unknown,yes,no,unknown,may,52,,no,0
50,married,primary,yes,no,cellular,may,116,363.0,no,1
35,married,secondary,yes,no,cellular,apr,14,,no,0
31,married,secondary,no,no,cellular,aug,141,,no,0
36,married,secondary,yes,no,cellular,apr,9,322.0,no,1
74,married,tertiary,no,no,cellular,jan,172,161.0,no,1
37,married,secondary,yes,no,unknown,may,129,,no,0
33,single,tertiary,no,no,cellular,aug,978,,yes,0
34,married,tertiary,yes,no,cellular,feb,136,,yes,0
27,married,secondary,yes,no,cellular,may,113,337.0,no,1
30,married,primary,yes,yes,cellular,may,323,,no,0
29,single,secondary,yes,no,unknown,may,75,,no,0
39,married,secondary,yes,yes,cellular,may,181,,no,0
39,married,secondary,yes,no,cellular,may,126,,no,0
29,married,secondary,no,no,cellular,may,322,,no,0
33,single,secondary,no,no,cellular,jun,110,,no,0
42,married,primary,yes,no,cellular,apr,384,,yes,0
33,married,tertiary,yes,no,cellular,mar,305,326.0,yes,1
32,married,secondary,yes,yes,cellular,may,219,,no,0
53,divorced,secondary,yes,yes,cellular,aug,1452,98.0,yes,1
34,married,secondary,no,no,cellular,nov,319,100.0,no,1
40,married,tertiary,no,yes,telephone,jul,697,,no,0
46,married,primary,no,no,cellular,nov,162,,no,0
48,married,secondary,yes,yes,cellular,feb,212,,no,0
60,married,secondary,no,yes,unknown,jun,151,,no,0
44,married,secondary,no,yes,unknown,jun,197,,no,0
52,married,secondary,no,no,cellular,oct,99,185.0,no,1
40,married,secondary,no,no,unknown,jul,9,,no,0
31,married,secondary,no,no,cellular,nov,7,,no,0
44,divorced,secondary,no,no,unknown,jun,108,,no,0
40,married,tertiary,yes,yes,cellular,jul,249,,no,0
57,married,tertiary,no,no,cellular,aug,83,,no,0
56,married,unknown,no,no,cellular,jun,58,,no,0
33,married,secondary,no,no,cellular,apr,166,,no,0
30,married,secondary,yes,no,unknown,may,236,,no,0
31,married,secondary,no,yes,cellular,nov,111,129.0,no,1
38,single,secondary,no,no,cellular,aug,391,,no,0
35,married,secondary,yes,no,cellular,may,484,364.0,no,1
28,married,tertiary,no,no,cellular,feb,239,,no,0
40,married,secondary,no,no,unknown,may,37,,no,0
57,divorced,primary,no,no,cellular,may,227,,no,0
46,married,primary,yes,yes,cellular,may,118,357.0,no,1
36,married,primary,no,no,unknown,jun,174,,no,0
53,divorced,unknown,yes,no,cellular,may,298,,no,0
36,married,primary,no,yes,unknown,jun,78,,no,0
57,married,secondary,no,no,telephone,nov,46,,no,0
47,single,tertiary,no,no,cellular,jan,240,,no,0
46,married,secondary,yes,no,unknown,may,93,,no,0
37,married,primary,no,no,unknown,jun,439,,no,0
46,married,primary,no,no,cellular,aug,265,,no,0
25,single,secondary,no,yes,cellular,jul,316,,no,0
34,married,primary,yes,no,telephone,may,26,,no,0
34,married,secondary,yes,yes,unknown,may,494,,no,0
42,divorced,secondary,no,no,cellular,jan,48,,no,0
37,single,secondary,no,no,cellular,jan,163,,no,0
44,divorced,primary,yes,no,cellular,may,176,,no,0
45,married,tertiary,yes,no,telephone,may,309,,no,0
35,single,secondary,no,yes,cellular,jul,936,,no,0
56,married,tertiary,no,no,cellular,may,185,83.0,no,1
59,married,secondary,yes,no,unknown,may,98,,no,0
74,married,tertiary,no,no,telephone,oct,200,,no,0
47,single,tertiary,yes,no,cellular,jun,614,94.0,yes,1
36,single,tertiary,no,no,unknown,oct,5,772.0,no,1
47,married,tertiary,no,no,cellular,jul,96,340.0,no,1
37,divorced,secondary,yes,no,cellular,aug,105,,no,0
56,single,secondary,no,yes,cellular,jul,819,,yes,0
45,married,tertiary,no,no,cellular,nov,212,,no,0
28,single,secondary,yes,no,unknown,may,168,,no,0
68,married,unknown,no,no,telephone,jun,149,,no,0
48,married,secondary,yes,no,cellular,jul,338,,no,0
37,married,secondary,no,no,unknown,jun,44,,no,0
32,single,tertiary,yes,no,cellular,may,449,338.0,no,1
51,married,secondary,yes,no,cellular,apr,164,,no,0
34,married,unknown,yes,no,cellular,jul,504,,no,0
36,single,tertiary,no,no,cellular,jul,156,179.0,no,1
33,divorced,primary,no,yes,cellular,feb,308,213.0,no,1
37,married,primary,no,no,unknown,may,112,,no,0
46,married,secondary,yes,no,cellular,nov,281,,no,0
35,single,primary,yes,no,unknown,may,148,,no,0
51,divorced,tertiary,no,no,cellular,aug,60,,no,0
27,single,secondary,yes,no,unknown,may,174,,no,0
36,married,primary,no,no,cellular,feb,167,,no,0
51,married,tertiary,yes,no,cellular,may,109,,no,0
50,divorced,secondary,no,no,cellular,aug,282,,no,0
58,divorced,primary,no,no,telephone,jul,53,,no,0
38,married,secondary,yes,yes,cellular,may,236,287.0,no,1
28,single,tertiary,yes,no,telephone,may,421,,no,0
52,married,secondary,yes,no,unknown,jun,58,,no,0
42,single,primary,no,no,cellular,jun,92,,no,0
31,single,tertiary,no,no,cellular,nov,377,,no,0
39,married,primary,no,yes,unknown,jun,320,,no,0
50,divorced,primary,no,no,cellular,aug,75,,no,0
39,divorced,secondary,yes,no,unknown,may,430,,no,0
57,divorced,secondary,no,no,unknown,may,173,,no,0
61,married,primary,yes,yes,unknown,jun,323,,no,0
34,single,secondary,no,yes,cellular,jul,695,,yes,0
45,single,primary,no,yes,cellular,jul,395,,no,0
33,married,tertiary,no,no,cellular,aug,257,102.0,no,1
34,divorced,secondary,yes,no,cellular,aug,245,183.0,yes,1
31,single,secondary,no,no,cellular,aug,129,,no,0
52,married,secondary,no,yes,cellular,jan,165,,no,0
42,married,secondary,yes,no,cellular,apr,400,,no,0
52,married,primary,no,no,cellular,aug,172,,no,0
38,married,primary,no,no,unknown,jun,219,,no,0
48,married,primary,yes,no,telephone,may,34,,no,0
48,married,tertiary,no,no,cellular,aug,157,,no,0
39,married,secondary,yes,no,cellular,nov,125,,no,0
38,divorced,tertiary,yes,no,cellular,may,157,179.0,no,1
43,divorced,secondary,no,yes,cellular,jul,145,,no,0
35,divorced,tertiary,yes,no,cellular,nov,109,193.0,no,1
56,married,secondary,yes,no,unknown,jun,220,,no,0
41,married,secondary,yes,no,cellular,aug,69,,no,0
44,married,primary,yes,no,unknown,jun,22,,no,0
59,married,secondary,yes,no,cellular,nov,84,,no,0
57,divorced,unknown,yes,no,cellular,apr,225,319.0,no,1
31,married,secondary,yes,no,cellular,jul,89,,no,0
40,single,tertiary,yes,no,cellular,nov,353,,no,0
44,divorced,secondary,no,no,cellular,aug,56,,no,0
51,single,tertiary,no,no,cellular,jan,643,,no,0
59,married,secondary,yes,no,unknown,may,131,,no,0
52,married,tertiary,no,no,cellular,jul,107,,no,0
40,single,secondary,yes,no,cellular,may,242,169.0,no,1
26,single,secondary,yes,no,cellular,jul,142,,no,0
26,single,secondary,no,yes,cellular,jul,141,,no,0
49,married,secondary,yes,no,telephone,jul,162,,no,0
38,married,secondary,no,no,unknown,jun,162,,no,0
45,married,primary,yes,no,cellular,may,63,,no,0
43,married,primary,yes,no,cellular,may,293,370.0,no,1
33,single,tertiary,no,no,telephone,aug,66,,no,0
36,single,secondary,no,yes,unknown,jun,559,,no,0
21,single,secondary,no,no,telephone,jun,329,95.0,no,1
59,married,primary,yes,yes,cellular,nov,319,182.0,no,1
38,married,primary,yes,no,unknown,jun,263,,no,0
56,married,secondary,no,no,cellular,jul,239,,no,0
50,divorced,tertiary,no,no,cellular,jun,510,,yes,0
28,single,tertiary,yes,no,cellular,feb,65,,yes,0
46,married,primary,yes,no,cellular,nov,157,,no,0
45,married,tertiary,no,no,cellular,aug,239,,no,0
34,single,secondary,no,yes,cellular,aug,61,,no,0
41,married,secondary,no,no,cellular,jul,169,,no,0
45,married,secondary,yes,yes,unknown,oct,187,,yes,0
80,married,primary,no,no,telephone,may,128,,no,0
50,married,tertiary,no,no,cellular,oct,170,183.0,yes,1
34,single,tertiary,yes,no,unknown,may,133,,no,0
62,married,secondary,no,no,cellular,may,243,186.0,yes,1
40,single,primary,yes,yes,cellular,jul,106,,no,0
31,married,primary,yes,no,cellular,may,239,,no,0
35,married,secondary,yes,no,unknown,may,145,,no,0
34,divorced,secondary,yes,no,cellular,may,67,,no,0
35,divorced,secondary,yes,no,cellular,nov,47,,no,0
58,married,primary,yes,no,cellular,aug,98,,no,0
39,married,tertiary,no,no,cellular,aug,97,,no,0
28,married,secondary,no,no,cellular,jul,130,,no,0
39,single,secondary,yes,no,cellular,may,93,349.0,no,1
37,single,tertiary,no,no,cellular,oct,120,,no,0
47,married,secondary,no,yes,cellular,nov,136,,no,0
46,married,secondary,yes,no,cellular,jul,122,,no,0
29,single,tertiary,no,no,unknown,may,103,,no,0
42,married,unknown,yes,no,unknown,may,105,,no,0
33,married,tertiary,yes,no,unknown,may,232,,no,0
48,married,secondary,no,no,cellular,aug,62,,no,0
55,married,primary,no,no,unknown,jun,207,,no,0
41,married,secondary,yes,yes,unknown,jun,83,,no,0
34,married,secondary,yes,no,cellular,apr,95,,no,0
36,single,secondary,yes,no,cellular,may,303,,yes,0
55,married,tertiary,no,no,cellular,jan,441,,yes,0
38,married,primary,yes,no,cellular,nov,960,,no,0
35,single,secondary,yes,no,cellular,feb,155,254.0,no,1
48,divorced,tertiary,yes,no,cellular,may,72,363.0,no,1
51,married,tertiary,no,no,cellular,feb,122,92.0,yes,1
52,married,primary,yes,no,cellular,feb,306,253.0,no,1
30,single,tertiary,no,no,unknown,jul,71,,no,0
30,single,secondary,yes,no,cellular,jan,113,,no,0
60,married,primary,yes,no,unknown,may,631,,no,0
36,married,secondary,yes,no,cellular,may,544,,no,0
27,single,secondary,yes,yes,unknown,may,81,,no,0
36,married,secondary,yes,no,unknown,may,309,,no,0
55,married,primary,no,no,cellular,aug,295,,no,0
33,married,secondary,no,yes,cellular,jul,285,,no,0
37,married,secondary,yes,no,cellular,may,222,300.0,no,1
33,married,secondary,yes,yes,cellular,may,21,,no,0
35,single,tertiary,no,no,cellular,aug,30,,no,0
37,married,primary,yes,no,cellular,nov,14,185.0,no,1
38,married,secondary,yes,yes,unknown,may,105,,no,0
54,married,primary,yes,yes,cellular,may,114,,no,0
51,married,secondary,no,no,cellular,nov,193,,no,0
35,single,tertiary,no,no,cellular,jul,160,,no,0
58,married,tertiary,yes,no,telephone,jul,990,,yes,0
49,married,tertiary,no,no,cellular,jan,61,2.0,no,1
50,married,primary,yes,no,unknown,jun,349,,no,0
51,single,tertiary,yes,no,cellular,jan,158,,no,0
28,single,secondary,yes,yes,cellular,aug,129,,no,0
51,married,primary,no,no,cellular,aug,265,,no,0
34,single,tertiary,no,no,cellular,may,63,336.0,no,1
53,married,primary,yes,no,cellular,dec,352,,yes,0
30,divorced,secondary,yes,no,cellular,jul,658,,yes,0
42,married,secondary,no,no,unknown,jun,315,,no,0
33,single,tertiary,yes,no,cellular,nov,190,,no,0
33,single,secondary,no,no,cellular,jan,159,,no,0
50,married,tertiary,no,no,cellular,nov,1184,160.0,no,1
38,single,secondary,no,no,unknown,jun,43,,no,0
27,single,secondary,no,no,cellular,apr,97,,no,0
28,single,secondary,yes,no,unknown,may,377,,no,0
39,divorced,secondary,yes,no,unknown,may,245,,no,0
29,single,secondary,yes,yes,cellular,apr,379,,yes,0
28,single,secondary,no,no,cellular,nov,137,96.0,no,1
45,married,primary,no,no,cellular,aug,109,,no,0
37,single,tertiary,yes,no,unknown,may,25,,no,0
26,single,tertiary,yes,no,cellular,jan,221,,no,0
39,married,secondary,no,no,cellular,aug,1141,,yes,0
40,married,tertiary,yes,no,cellular,may,85,,no,0
39,married,tertiary,no,no,telephone,apr,127,,no,0
25,single,secondary,yes,no,unknown,jun,95,,no,0
40,single,secondary,no,no,cellular,may,837,,yes,0
37,married,tertiary,yes,no,cellular,may,218,211.0,no,1
41,married,primary,yes,no,cellular,jul,18,,no,0
61,divorced,primary,yes,no,unknown,may,82,,no,0
43,married,secondary,yes,yes,cellular,may,7,,no,0
52,married,tertiary,no,no,unknown,jun,166,,no,0
38,married,secondary,yes,no,unknown,jun,250,,no,0
23,single,secondary,yes,no,cellular,may,434,,no,0
52,married,secondary,no,no,unknown,jun,496,,no,0
58,married,secondary,yes,no,unknown,may,265,,no,0
20,single,secondary,no,yes,cellular,jun,133,,no,0
43,divorced,tertiary,no,no,telephone,aug,146,,no,0
48,married,primary,no,no,cellular,aug,20,,no,0
35,single,tertiary,yes,no,cellular,aug,73,,no,0
60,married,secondary,yes,no,unknown,may,196,,no,0
34,married,secondary,no,no,cellular,aug,329,,no,0
49,married,secondary,yes,no,cellular,jul,93,,no,0
32,married,tertiary,yes,no,cellular,nov,489,,no,0
31,single,tertiary,yes,no,cellular,jun,140,,no,0
42,married,secondary,yes,no,unknown,may,238,,no,0
30,married,secondary,yes,no,unknown,may,141,,no,0
30,single,tertiary,no,no,cellular,jul,73,,no,0
36,single,tertiary,no,yes,cellular,aug,64,,no,0
26,single,secondary,yes,no,cellular,may,44,,no,0
31,single,tertiary,no,no,cellular,jun,150,,no,0
59,married,primary,no,no,cellular,aug,432,,no,0
37,single,secondary,yes,no,cellular,apr,640,,no,0
34,single,secondary,no,no,telephone,may,259,,no,0
51,married,primary,yes,yes,unknown,may,208,,no,0
19,single,secondary,no,no,cellular,jun,124,105.0,no,1
48,married,secondary,yes,no,unknown,may,629,,yes,0
44,married,tertiary,no,no,cellular,mar,188,,yes,0
28,single,unknown,no,no,cellular,jul,705,,yes,0
53,married,secondary,no,no,cellular,aug,222,,no,0
55,married,tertiary,no,no,cellular,jul,114,,no,0
36,divorced,tertiary,no,no,cellular,feb,383,,no,0
42,married,tertiary,no,no,cellular,jun,186,,yes,0
48,married,secondary,yes,no,unknown,may,215,,no,0
57,married,secondary,no,no,cellular,jul,84,,no,0
28,single,secondary,yes,no,unknown,may,374,,no,0
51,married,tertiary,no,yes,unknown,jun,269,,no,0
57,married,secondary,no,no,cellular,nov,127,,no,0
48,married,secondary,yes,no,cellular,jan,414,192.0,no,1
53,single,primary,yes,no,unknown,may,179,,no,0
30,married,secondary,yes,yes,unknown,may,130,,no,0
36,single,secondary,yes,no,cellular,apr,176,322.0,no,1
48,married,secondary,yes,no,unknown,jun,103,,no,0
38,married,primary,no,no,cellular,may,516,,yes,0
39,married,secondary,no,no,unknown,jun,83,,no,0
36,married,secondary,no,no,unknown,jun,332,,no,0
46,married,secondary,no,no,cellular,jul,957,182.0,yes,1
43,married,tertiary,no,no,cellular,aug,270,,no,0
51,married,primary,yes,no,unknown,may,276,,no,0
60,divorced,secondary,no,no,cellular,feb,73,,no,0
50,married,secondary,yes,no,cellular,nov,188,,no,0
28,single,secondary,no,no,cellular,dec,350,182.0,yes,1
56,divorced,tertiary,no,no,unknown,jun,75,,no,0
26,single,tertiary,yes,no,unknown,may,1560,,yes,0
49,married,tertiary,no,no,cellular,aug,72,,no,0
34,married,tertiary,no,no,cellular,aug,478,,no,0
34,married,secondary,no,no,cellular,jun,339,,yes,0
51,married,primary,no,no,cellular,aug,36,,no,0
34,married,tertiary,no,no,cellular,apr,176,,no,0
32,married,secondary,yes,no,cellular,may,20,,no,0
39,married,secondary,yes,no,unknown,may,155,,no,0
32,married,primary,yes,yes,unknown,may,120,,no,0
34,single,tertiary,no,no,cellular,feb,263,,yes,0
41,single,tertiary,no,no,unknown,jun,1540,,yes,0
35,married,secondary,yes,no,unknown,jun,103,,no,0
33,married,secondary,no,no,cellular,jul,481,,yes,0
46,married,secondary,no,yes,cellular,aug,618,,yes,0
27,single,tertiary,yes,no,unknown,may,388,,no,0
31,single,secondary,no,no,unknown,jul,96,,no,0
54,married,secondary,yes,no,telephone,nov,72,,no,0
29,single,secondary,yes,no,cellular,feb,453,273.0,no,1
35,married,secondary,no,no,unknown,jun,110,,no,0
37,married,tertiary,no,yes,cellular,jul,80,,no,0
25,married,secondary,no,yes,cellular,jul,311,,no,0
31,single,tertiary,yes,no,cellular,jul,122,,no,0
46,married,secondary,yes,no,unknown,jun,277,,no,0
47,divorced,secondary,no,no,cellular,aug,120,,no,0
29,married,secondary,yes,no,cellular,feb,197,250.0,no,1
38,married,secondary,yes,no,cellular,apr,196,346.0,no,1
33,single,tertiary,yes,no,cellular,nov,91,,no,0
74,divorced,primary,no,no,telephone,sep,251,535.0,no,1
36,married,secondary,yes,no,cellular,nov,89,,no,0
31,single,secondary,yes,no,cellular,may,73,,no,0
41,married,secondary,yes,yes,unknown,jun,197,,no,0
40,married,secondary,yes,no,telephone,feb,89,274.0,no,1
36,married,tertiary,no,no,cellular,aug,246,,no,0
31,married,secondary,yes,no,unknown,jun,119,,no,0
45,married,tertiary,no,no,cellular,sep,84,,yes,0
32,single,secondary,yes,no,cellular,apr,645,345.0,no,1
61,married,primary,no,no,cellular,sep,90,,no,0
39,married,primary,yes,yes,cellular,jul,215,,no,0
27,single,secondary,no,no,telephone,oct,301,93.0,yes,1
30,single,secondary,yes,no,cellular,jul,768,,no,0
54,married,secondary,no,no,cellular,jan,161,98.0,yes,1
25,single,secondary,yes,no,unknown,may,264,,no,0
27,single,secondary,yes,yes,cellular,may,554,356.0,yes,1
47,married,secondary,yes,yes,cellular,apr,274,238.0,no,1
56,married,primary,no,yes,cellular,jul,261,,no,0
49,divorced,primary,no,no,cellular,jan,626,,no,0
42,married,primary,yes,no,unknown,may,84,,no,0
34,single,tertiary,no,no,cellular,aug,210,,no,0
41,married,primary,yes,no,cellular,may,69,335.0,no,1
35,married,secondary,yes,no,cellular,may,34,,no,0
41,married,primary,no,no,cellular,feb,244,,no,0
54,divorced,tertiary,yes,yes,cellular,feb,85,231.0,no,1
34,married,secondary,yes,no,cellular,may,16,,no,0
35,single,secondary,yes,no,unknown,may,211,,no,0
35,married,tertiary,yes,yes,cellular,sep,112,62.0,no,1
39,married,secondary,yes,no,cellular,apr,146,281.0,no,1
35,single,secondary,no,no,telephone,nov,1441,,no,0
60,married,tertiary,no,no,cellular,aug,214,,no,0
47,divorced,tertiary,no,yes,cellular,jul,82,,no,0
40,married,tertiary,yes,no,cellular,may,145,360.0,no,1
43,married,secondary,yes,no,cellular,nov,202,,no,0
40,married,secondary,no,no,cellular,sep,169,103.0,no,1
40,married,tertiary,no,yes,cellular,jul,65,,no,0
53,divorced,secondary,no,no,unknown,jun,14,,no,0
30,married,secondary,yes,yes,unknown,may,148,,no,0
25,single,tertiary,yes,no,unknown,may,53,,no,0
61,married,primary,yes,no,cellular,apr,253,,no,0
44,married,tertiary,yes,no,cellular,nov,192,189.0,no,1
32,married,secondary,no,no,cellular,aug,181,,no,0
32,single,tertiary,no,no,cellular,feb,616,,no,0
33,single,tertiary,yes,no,unknown,may,1495,,no,0
34,married,secondary,yes,no,unknown,may,149,,no,0
38,married,primary,yes,yes,unknown,jun,18,,no,0
58,married,secondary,yes,no,unknown,may,111,,no,0
48,married,secondary,yes,yes,cellular,jul,300,,no,0
33,single,tertiary,yes,no,cellular,may,40,,no,0
42,married,primary,yes,no,cellular,may,14,178.0,no,1
39,married,secondary,yes,no,cellular,aug,171,,no,0
40,married,secondary,yes,no,unknown,may,754,,no,0
44,married,secondary,yes,no,cellular,nov,40,,no,0
54,divorced,secondary,no,yes,cellular,jul,710,,yes,0
60,divorced,tertiary,yes,no,unknown,may,498,,no,0
48,married,secondary,yes,yes,cellular,may,521,,no,0
26,single,tertiary,no,no,cellular,apr,394,,yes,0
32,single,tertiary,no,no,cellular,apr,250,,yes,0
30,married,secondary,yes,yes,cellular,nov,433,,no,0
25,single,unknown,no,no,cellular,aug,43,83.0,no,1
59,divorced,unknown,no,no,unknown,may,347,,no,0
46,married,secondary,yes,no,cellular,may,264,,no,0
49,married,secondary,yes,no,unknown,jun,84,,no,0
35,married,tertiary,yes,no,cellular,feb,193,,no,0
41,married,secondary,yes,yes,cellular,may,400,,yes,0
53,married,secondary,yes,no,unknown,may,593,,no,0
57,divorced,unknown,no,no,unknown,jun,235,,no,0
25,single,secondary,yes,no,cellular,may,156,,no,0
19,single,unknown,no,no,cellular,apr,184,,yes,0
47,divorced,secondary,yes,no,cellular,nov,262,,no,0
34,married,tertiary,no,yes,cellular,jun,269,92.0,no,1
46,divorced,tertiary,yes,no,unknown,may,94,,no,0
55,married,unknown,yes,yes,telephone,jan,100,100.0,no,1
34,single,tertiary,yes,no,cellular,jul,630,,no,0
36,married,secondary,yes,no,cellular,apr,34,,no,0
35,divorced,secondary,yes,yes,cellular,may,954,,yes,0
30,married,secondary,yes,no,cellular,nov,1065,183.0,no,1
45,divorced,tertiary,no,yes,cellular,aug,95,,no,0
48,divorced,secondary,no,no,unknown,jun,428,,no,0
34,married,primary,yes,no,cellular,may,338,288.0,no,1
52,divorced,tertiary,no,no,unknown,jun,354,,no,0
39,single,tertiary,no,no,cellular,feb,588,,yes,0
49,divorced,tertiary,yes,yes,cellular,feb,36,,no,0
56,married,primary,no,no,unknown,jun,39,,no,0
60,married,primary,no,no,unknown,jun,104,,no,0
44,married,tertiary,no,no,cellular,jun,150,,no,0
48,married,secondary,no,no,cellular,feb,429,,no,0
26,married,secondary,yes,no,cellular,jul,126,,no,0
57,single,secondary,no,no,unknown,jun,127,,no,0
26,single,secondary,yes,no,unknown,may,654,,yes,0
50,married,secondary,yes,no,unknown,may,267,,no,0
47,married,primary,yes,no,cellular,apr,325,,no,0
37,married,tertiary,yes,no,cellular,may,92,172.0,no,1
61,married,unknown,no,no,cellular,nov,1011,94.0,no,1
57,married,tertiary,yes,no,unknown,may,251,,no,0
43,married,primary,no,no,cellular,nov,227,,no,0
36,married,secondary,yes,no,cellular,apr,1554,343.0,no,1
47,married,secondary,yes,no,cellular,jul,394,,no,0
35,married,secondary,yes,no,cellular,jul,330,,no,0
44,married,secondary,no,no,cellular,jun,78,,no,0
49,married,secondary,no,yes,telephone,jul,77,,no,0
42,married,primary,yes,no,cellular,feb,164,262.0,no,1
35,married,secondary,yes,yes,cellular,may,44,,no,0
38,married,secondary,yes,yes,cellular,nov,418,,no,0
39,married,tertiary,no,no,unknown,jun,554,,yes,0
30,married,tertiary,no,no,cellular,aug,75,,no,0
45,single,tertiary,no,no,unknown,jun,133,,no,0
33,single,tertiary,no,no,cellular,aug,264,,no,0
34,married,tertiary,no,yes,telephone,jul,171,,no,0
30,married,tertiary,no,no,cellular,apr,163,,no,0
56,married,tertiary,no,no,unknown,jun,145,,no,0
31,married,primary,yes,no,cellular,nov,198,,no,0
35,married,tertiary,no,no,cellular,feb,27,,no,0
40,married,secondary,no,no,cellular,aug,182,,no,0
28,single,secondary,no,yes,cellular,jul,158,,no,0
28,married,secondary,yes,no,cellular,jul,121,,no,0
66,married,tertiary,no,no,cellular,oct,106,269.0,yes,1
35,married,tertiary,yes,no,cellular,nov,229,96.0,yes,1
34,married,tertiary,yes,no,unknown,may,88,,no,0
35,married,primary,yes,no,unknown,may,427,,no,0
49,married,primary,no,no,cellular,jan,60,,no,0
34,divorced,secondary,yes,no,cellular,may,192,,no,0
32,single,secondary,no,no,cellular,jul,88,,no,0
35,divorced,secondary,yes,yes,unknown,may,454,,no,0
40,married,secondary,no,no,unknown,may,93,,no,0
41,single,primary,no,no,cellular,jun,577,,yes,0
39,married,secondary,yes,yes,cellular,may,93,168.0,no,1
33,married,secondary,no,yes,unknown,jul,267,,no,0
52,married,primary,no,yes,cellular,jul,55,,no,0
25,single,secondary,no,yes,cellular,jul,49,,no,0
31,divorced,secondary,yes,no,cellular,jul,588,,no,0
39,married,secondary,yes,yes,unknown,may,184,,no,0
27,single,secondary,no,no,cellular,jan,163,,no,0
31,married,primary,no,no,cellular,mar,95,,no,0
56,married,primary,yes,no,telephone,aug,132,,no,0
48,married,primary,yes,no,telephone,may,267,,no,0
30,single,secondary,no,no,cellular,apr,437,80.0,yes,1
41,divorced,secondary,yes,no,cellular,aug,173,,no,0
58,married,primary,yes,no,unknown,may,114,,no,0
35,divorced,tertiary,yes,no,unknown,may,297,,no,0
38,single,secondary,yes,yes,unknown,may,122,,no,0
41,divorced,secondary,no,no,cellular,jul,45,,no,0
32,married,primary,yes,no,cellular,jul,110,,no,0
39,married,tertiary,yes,yes,cellular,aug,908,,yes,0
31,married,secondary,yes,no,unknown,may,201,,no,0
56,married,secondary,no,no,telephone,jul,119,,no,0
26,single,primary,yes,no,cellular,may,58,,no,0
55,married,secondary,no,no,cellular,nov,336,,no,0
32,married,primary,yes,no,unknown,may,252,,no,0
70,divorced,primary,no,no,telephone,jan,372,196.0,yes,1
31,married,unknown,yes,no,unknown,may,311,,no,0
32,single,secondary,yes,no,cellular,nov,581,,no,0
20,single,secondary,no,no,cellular,sep,85,,no,0
82,divorced,primary,no,no,cellular,oct,156,,no,0
31,married,secondary,yes,no,cellular,apr,357,,no,0
43,divorced,primary,no,no,cellular,aug,111,,no,0
41,single,tertiary,yes,no,unknown,may,344,,no,0
26,married,tertiary,yes,no,cellular,may,119,294.0,no,1
41,divorced,tertiary,yes,no,unknown,may,170,,no,0
32,single,secondary,yes,no,cellular,may,34,,no,0
42,single,unknown,no,no,unknown,jun,10,,no,0
58,married,secondary,no,no,cellular,jul,1869,,no,0
26,married,tertiary,no,no,cellular,may,482,,yes,0
42,married,tertiary,no,no,cellular,aug,325,,no,0
46,married,tertiary,yes,no,cellular,nov,308,,no,0
44,married,primary,no,no,cellular,apr,165,,yes,0
29,married,primary,no,no,cellular,jul,185,,no,0
30,single,secondary,no,no,cellular,aug,250,,no,0
39,divorced,secondary,no,yes,cellular,jul,16,,no,0
33,single,tertiary,yes,yes,unknown,may,149,,no,0
53,married,tertiary,no,no,cellular,nov,22,106.0,no,1
37,single,primary,no,no,unknown,jul,742,,no,0
30,single,tertiary,yes,yes,cellular,may,582,,no,0
38,single,tertiary,yes,no,unknown,may,87,,no,0
32,single,secondary,no,no,cellular,sep,125,,no,0
31,single,secondary,no,no,cellular,jul,103,,no,0
57,married,primary,no,no,cellular,aug,83,,no,0
57,married,secondary,yes,no,unknown,may,65,,no,0
37,married,tertiary,yes,no,cellular,aug,549,,no,0
59,single,unknown,no,no,cellular,jan,645,,no,0
43,married,secondary,no,no,cellular,aug,177,,no,0
31,single,tertiary,yes,no,cellular,may,745,174.0,yes,1
37,single,tertiary,no,no,cellular,jan,233,,no,0
57,married,secondary,yes,no,cellular,apr,220,367.0,no,1
66,married,secondary,no,no,cellular,feb,169,,no,0
35,married,unknown,no,no,unknown,jun,221,,no,0
35,married,tertiary,no,no,cellular,jul,361,,yes,0
28,married,tertiary,yes,no,telephone,jul,296,,no,0
31,married,secondary,yes,yes,cellular,jul,171,,no,0
56,married,secondary,no,yes,cellular,aug,157,,no,0
39,married,secondary,yes,no,telephone,may,15,,no,0
58,married,tertiary,no,no,cellular,jun,508,186.0,no,1
57,married,tertiary,no,no,unknown,may,46,,no,0
41,married,tertiary,no,no,unknown,jun,291,,no,0
34,single,tertiary,no,no,cellular,feb,71,,no,0
44,married,secondary,no,no,cellular,nov,326,,no,0
32,single,secondary,no,no,cellular,jul,182,,no,0
47,single,tertiary,no,yes,cellular,jul,802,,yes,0
47,married,primary,no,yes,telephone,jul,243,,no,0
39,single,secondary,yes,no,cellular,apr,462,648.0,yes,1
34,married,secondary,no,no,cellular,aug,534,,no,0
26,single,tertiary,yes,no,cellular,may,55,368.0,no,1
35,married,secondary,yes,no,telephone,nov,125,,no,0
28,divorced,unknown,yes,no,unknown,may,126,,no,0
54,married,secondary,no,yes,cellular,jul,273,,no,0
40,married,secondary,no,no,unknown,jun,82,,no,0
48,married,unknown,yes,no,cellular,feb,212,249.0,no,1
46,married,secondary,no,yes,unknown,jun,49,,no,0
59,married,primary,yes,no,telephone,apr,471,270.0,no,1
26,single,secondary,no,no,cellular,oct,194,92.0,yes,1
40,married,secondary,yes,yes,cellular,feb,121,,no,0
45,divorced,secondary,no,no,unknown,jun,181,,no,0
41,single,tertiary,yes,yes,unknown,may,135,,no,0
51,married,secondary,yes,yes,cellular,feb,318,,no,0
38,single,secondary,yes,no,cellular,jul,159,,no,0
53,married,tertiary,no,no,cellular,aug,329,,no,0
36,single,primary,no,no,unknown,jun,9,,no,0
34,single,secondary,yes,no,unknown,may,76,,no,0
34,married,unknown,yes,no,unknown,may,123,,no,0
38,divorced,tertiary,no,no,cellular,jul,316,182.0,no,1
45,married,secondary,no,no,cellular,jun,166,,yes,0
61,married,secondary,yes,no,telephone,aug,173,492.0,no,1
59,married,unknown,no,no,cellular,jul,69,,no,0
38,divorced,tertiary,no,no,unknown,jun,952,,yes,0
40,married,tertiary,no,no,cellular,jul,165,,no,0
40,married,secondary,yes,no,unknown,jun,126,,no,0
67,married,primary,no,no,cellular,nov,455,84.0,yes,1
54,married,secondary,no,no,telephone,jul,481,,no,0
48,married,secondary,no,yes,cellular,oct,195,104.0,no,1
59,married,primary,no,no,cellular,aug,78,,no,0
63,married,secondary,no,no,cellular,nov,168,,no,0
38,married,primary,no,no,cellular,jul,165,,no,0
67,married,unknown,no,no,telephone,aug,578,,no,0
33,single,secondary,yes,no,unknown,may,199,,no,0
46,divorced,tertiary,yes,no,unknown,may,1269,,yes,0
49,married,tertiary,no,no,unknown,jun,38,,no,0
29,single,tertiary,no,no,cellular,feb,125,,yes,0
30,single,secondary,yes,no,unknown,may,91,,no,0
34,married,unknown,no,no,cellular,aug,54,,no,0
44,married,secondary,no,no,cellular,aug,127,,no,0
40,married,primary,yes,no,cellular,may,880,,yes,0
36,married,primary,yes,yes,unknown,may,403,,no,0
34,married,secondary,yes,no,cellular,nov,283,,no,0
32,single,secondary,yes,no,cellular,may,290,176.0,no,1
32,divorced,secondary,yes,no,cellular,jul,93,,no,0
42,married,secondary,yes,yes,cellular,may,211,345.0,no,1
32,single,secondary,yes,no,cellular,nov,368,,no,0
46,married,primary,no,no,cellular,aug,178,,no,0
45,single,secondary,no,no,cellular,jun,116,,no,0
40,married,secondary,yes,no,cellular,jul,153,,no,0
77,married,tertiary,no,no,telephone,feb,483,,yes,0
34,married,secondary,yes,no,cellular,may,358,176.0,no,1
31,single,tertiary,no,no,cellular,jun,88,,no,0
54,married,secondary,yes,no,telephone,feb,221,,no,0
35,married,secondary,yes,no,unknown,may,19,,no,0
55,married,tertiary,yes,yes,unknown,may,101,,no,0
39,single,secondary,yes,no,unknown,may,322,,no,0
37,single,tertiary,no,no,cellular,aug,199,,no,0
39,married,tertiary,no,no,cellular,aug,53,,no,0
40,married,secondary,no,no,telephone,nov,48,,no,0
49,married,primary,yes,no,cellular,nov,115,,no,0
38,single,secondary,yes,no,unknown,jun,266,,no,0
31,single,secondary,yes,yes,cellular,apr,219,,no,0
31,single,tertiary,yes,no,cellular,nov,1532,,yes,0
39,married,secondary,yes,no,cellular,jan,79,,no,0
29,single,secondary,yes,no,cellular,apr,1036,,yes,0
53,married,secondary,yes,no,unknown,may,162,,no,0
81,married,tertiary,no,no,cellular,jul,170,,no,0
45,married,tertiary,yes,no,cellular,nov,134,,no,0
39,married,primary,no,yes,cellular,jul,262,,no,0
30,single,secondary,no,no,cellular,jul,566,,no,0
44,single,secondary,yes,no,cellular,may,244,,no,0
36,married,secondary,yes,no,unknown,may,325,,no,0
32,married,primary,yes,no,unknown,may,326,,no,0
30,single,secondary,yes,no,unknown,may,65,,no,0
31,married,tertiary,no,no,cellular,aug,84,,no,0
20,single,secondary,no,no,cellular,sep,500,228.0,no,1
43,married,secondary,no,no,cellular,aug,196,,no,0
31,single,secondary,yes,no,cellular,nov,82,,no,0
53,married,secondary,yes,no,cellular,may,176,,no,0
34,single,unknown,yes,no,cellular,may,99,,no,0
56,married,secondary,no,no,cellular,jun,71,,no,0
26,single,unknown,no,no,cellular,jan,177,,no,0
29,single,tertiary,yes,no,unknown,jun,250,,no,0
35,single,tertiary,no,no,cellular,aug,249,,no,0
36,single,tertiary,yes,no,unknown,may,446,,no,0
47,married,secondary,yes,no,cellular,may,25,,no,0
42,married,primary,yes,yes,cellular,may,209,,no,0
41,married,primary,yes,no,cellular,may,50,,no,0
28,married,secondary,yes,no,cellular,may,224,,no,0
47,married,unknown,no,no,unknown,jun,466,,no,0
39,divorced,secondary,yes,yes,cellular,aug,133,,no,0
47,married,secondary,no,no,cellular,may,403,87.0,yes,1
29,single,secondary,no,no,unknown,may,127,,no,0
53,single,primary,yes,no,cellular,jan,133,226.0,no,1
26,single,secondary,no,no,cellular,apr,125,,no,0
38,married,primary,yes,yes,unknown,jun,122,,no,0
33,married,secondary,no,no,cellular,aug,113,,no,0
33,married,secondary,yes,yes,cellular,aug,16,,no,0
42,married,secondary,no,no,unknown,jun,20,,no,0
30,single,tertiary,no,no,cellular,jul,489,,no,0
29,single,tertiary,yes,no,cellular,may,606,,yes,0
41,married,tertiary,no,yes,cellular,jul,211,,no,0
56,single,tertiary,no,no,unknown,mar,110,,yes,0
33,divorced,secondary,yes,no,cellular,nov,89,91.0,no,1
40,married,secondary,no,no,cellular,jul,145,,no,0
59,divorced,tertiary,no,no,unknown,may,178,,no,0
54,married,secondary,yes,no,unknown,may,189,,no,0
47,married,unknown,no,no,unknown,jun,188,,no,0
26,single,secondary,yes,yes,unknown,jun,56,,no,0
29,single,tertiary,yes,yes,cellular,feb,45,,no,0
34,married,secondary,yes,yes,unknown,may,138,,no,0
32,single,secondary,yes,no,unknown,jun,62,,no,0
36,divorced,secondary,yes,no,cellular,nov,138,,no,0
60,married,secondary,no,no,cellular,sep,177,182.0,no,1
46,single,secondary,yes,no,cellular,may,445,303.0,no,1
25,single,secondary,yes,yes,unknown,may,217,,no,0
33,married,tertiary,yes,no,unknown,may,42,,no,0
40,single,secondary,no,no,cellular,aug,399,,no,0
47,married,secondary,yes,no,unknown,may,184,,no,0
56,married,tertiary,no,no,cellular,aug,103,,no,0
36,single,tertiary,yes,no,unknown,jun,141,,no,0
57,married,tertiary,no,no,cellular,may,399,,no,0
30,single,secondary,yes,yes,cellular,nov,145,,no,0
58,single,secondary,yes,no,cellular,apr,563,,no,0
34,married,secondary,yes,no,unknown,may,682,,yes,0
43,married,secondary,no,no,unknown,jun,169,,no,0
31,single,secondary,yes,no,unknown,may,226,,no,0
29,married,secondary,yes,no,cellular,apr,367,323.0,yes,1
37,married,secondary,yes,no,unknown,may,83,,no,0
38,divorced,tertiary,yes,no,cellular,aug,266,,no,0
32,married,primary,yes,no,cellular,may,24,349.0,no,1
59,married,secondary,no,no,cellular,jul,163,,no,0
27,married,secondary,yes,no,unknown,may,65,,no,0
23,married,secondary,yes,no,cellular,may,223,,no,0
41,married,secondary,no,no,unknown,jun,196,,no,0
35,married,tertiary,yes,no,cellular,nov,46,,no,0
60,divorced,secondary,no,no,unknown,jun,360,,no,0
41,married,secondary,yes,no,cellular,nov,401,,no,0
26,single,secondary,no,no,cellular,jan,171,,no,0
52,married,tertiary,yes,no,cellular,jul,213,,no,0
52,married,secondary,yes,no,telephone,jul,265,,no,0
33,married,secondary,yes,yes,unknown,may,360,,no,0
29,single,secondary,yes,no,unknown,may,33,,no,0
43,married,primary,no,no,unknown,jun,86,,no,0
33,single,tertiary,yes,no,cellular,apr,122,98.0,yes,1
32,single,tertiary,yes,yes,cellular,may,440,,yes,0
35,single,secondary,no,yes,cellular,nov,1031,,no,0
31,single,tertiary,no,no,cellular,aug,384,,yes,0
35,divorced,secondary,yes,no,unknown,may,167,,no,0
43,married,secondary,no,no,cellular,feb,154,,no,0
40,single,tertiary,yes,no,cellular,jan,182,,no,0
54,divorced,secondary,no,yes,cellular,nov,230,,no,0
33,married,secondary,yes,yes,cellular,jan,93,,no,0
42,married,primary,yes,no,cellular,may,186,,no,0
31,single,secondary,no,no,cellular,aug,110,,no,0
48,single,secondary,yes,no,cellular,may,236,,no,0
37,married,tertiary,no,no,cellular,aug,87,,no,0
45,married,tertiary,no,no,cellular,aug,835,,no,0
39,divorced,tertiary,yes,no,cellular,may,133,,no,0
29,single,tertiary,no,no,unknown,may,52,,no,0
37,married,secondary,no,no,cellular,apr,334,,yes,0
37,single,secondary,no,no,unknown,jun,203,,no,0
33,single,secondary,yes,no,cellular,apr,329,322.0,no,1
59,married,tertiary,no,yes,unknown,jun,250,,no,0
27,married,tertiary,no,no,cellular,jan,240,301.0,yes,1
33,single,tertiary,yes,yes,cellular,nov,140,182.0,no,1
49,divorced,tertiary,yes,no,unknown,may,174,,no,0
60,married,secondary,no,no,cellular,sep,408,,yes,0
56,married,primary,yes,no,unknown,jun,59,,no,0
30,married,secondary,yes,no,cellular,jan,353,228.0,no,1
56,married,primary,yes,no,unknown,may,68,,no,0
56,married,primary,no,no,unknown,jul,5,,no,0
34,divorced,secondary,no,no,cellular,aug,166,,no,0
32,married,secondary,yes,yes,cellular,apr,165,,no,0
53,married,primary,yes,no,unknown,jun,232,,no,0
45,married,primary,yes,no,unknown,may,156,,no,0
31,single,secondary,no,no,telephone,apr,284,,no,0
51,married,tertiary,no,no,cellular,aug,244,,no,0
37,single,tertiary,no,no,cellular,jan,114,234.0,no,1
46,married,secondary,no,no,cellular,aug,96,,no,0
49,divorced,primary,yes,no,unknown,may,1080,,no,0
34,married,tertiary,no,no,cellular,sep,156,279.0,no,1
54,divorced,secondary,yes,no,unknown,jun,140,,no,0
30,married,secondary,yes,no,unknown,may,390,,no,0
33,married,secondary,no,no,cellular,aug,46,,no,0
37,married,primary,no,no,cellular,jul,76,,no,0
24,single,secondary,no,no,cellular,aug,99,79.0,no,1
56,married,primary,no,yes,cellular,jul,188,,no,0
58,single,primary,no,no,cellular,jul,106,,no,0
45,married,secondary,yes,no,cellular,jul,808,,yes,0
25,single,secondary,yes,no,cellular,may,264,351.0,no,1
36,married,secondary,yes,no,unknown,may,94,,no,0
55,married,secondary,no,no,cellular,apr,149,,no,0
38,married,primary,yes,no,cellular,nov,277,,no,0
33,married,secondary,yes,yes,unknown,may,320,,no,0
56,single,tertiary,no,no,cellular,apr,157,,no,0
47,married,secondary,no,no,cellular,apr,443,,yes,0
27,single,unknown,no,no,cellular,aug,126,524.0,no,1
58,married,secondary,yes,no,cellular,apr,341,,yes,0
31,married,secondary,yes,no,cellular,jul,112,,no,0
45,divorced,unknown,yes,no,telephone,jul,38,,no,0
41,married,secondary,no,no,unknown,jun,157,,no,0
31,single,secondary,no,no,cellular,feb,132,,no,0
31,divorced,tertiary,yes,no,unknown,may,97,,no,0
53,married,unknown,no,no,cellular,jan,139,,no,0
33,married,primary,yes,no,cellular,may,136,,no,0
32,divorced,secondary,yes,no,cellular,jul,90,,no,0
51,married,secondary,no,yes,cellular,dec,221,,yes,0
31,single,secondary,yes,no,cellular,apr,815,,no,0
26,single,secondary,yes,no,unknown,may,196,,no,0
44,married,primary,yes,no,unknown,jun,321,,no,0
38,single,secondary,no,no,cellular,aug,128,,no,0
32,single,secondary,no,yes,unknown,may,108,,no,0
34,single,secondary,no,no,cellular,apr,647,,no,0
70,divorced,secondary,no,no,cellular,oct,115,95.0,no,1
32,married,secondary,yes,no,cellular,nov,271,,no,0
26,married,secondary,yes,no,unknown,may,48,,no,0
49,married,secondary,yes,yes,cellular,jan,90,204.0,no,1
54,married,primary,no,no,cellular,nov,71,,no,0
28,married,secondary,yes,no,unknown,may,1297,,no,0
47,married,secondary,yes,no,unknown,may,322,,no,0
57,married,secondary,yes,yes,cellular,nov,90,198.0,no,1
47,married,secondary,yes,no,cellular,feb,495,258.0,no,1
47,married,unknown,yes,no,unknown,may,154,,no,0
47,married,tertiary,yes,no,unknown,may,97,,no,0
47,married,secondary,yes,no,unknown,may,347,,no,0
31,single,secondary,yes,no,cellular,apr,215,165.0,no,1
37,married,primary,no,no,unknown,jun,173,,no,0
62,married,secondary,no,no,telephone,aug,36,,no,0
39,single,tertiary,no,no,cellular,jul,122,,no,0
48,married,secondary,yes,no,cellular,may,45,,no,0
37,married,secondary,yes,no,unknown,may,183,,no,0
34,married,secondary,yes,no,unknown,jun,466,,no,0
45,married,secondary,yes,no,telephone,aug,234,,no,0
39,married,secondary,yes,yes,cellular,may,51,,no,0
26,single,secondary,no,yes,cellular,jul,538,,yes,0
39,married,secondary,no,no,cellular,aug,339,,no,0
27,single,tertiary,no,no,cellular,jan,174,,no,0
33,married,secondary,yes,no,unknown,may,129,,no,0
44,married,primary,no,no,unknown,jun,61,,no,0
41,married,secondary,yes,no,unknown,may,216,,no,0
53,married,secondary,yes,no,unknown,may,80,,no,0
44,married,unknown,yes,yes,unknown,may,63,,no,0
23,single,secondary,yes,yes,cellular,may,302,,no,0
27,single,secondary,no,no,cellular,jan,87,245.0,no,1
33,married,secondary,yes,yes,cellular,jul,85,,no,0
57,married,secondary,yes,no,unknown,may,746,,no,0
58,married,tertiary,yes,no,unknown,may,44,,no,0
41,married,secondary,no,no,cellular,jul,83,,no,0
42,married,tertiary,no,no,cellular,aug,179,,no,0
47,married,unknown,yes,no,unknown,may,135,,no,0
25,married,secondary,yes,no,cellular,may,119,,no,0
26,single,secondary,no,no,cellular,feb,141,5.0,no,1
37,married,tertiary,no,no,cellular,sep,337,186.0,yes,1
42,married,tertiary,no,no,cellular,aug,111,,no,0
28,married,secondary,yes,no,cellular,jul,598,,yes,0
36,single,secondary,yes,no,cellular,apr,342,,no,0
58,divorced,tertiary,yes,no,unknown,oct,49,,no,0
50,single,tertiary,no,yes,unknown,jan,28,,no,0
32,married,tertiary,yes,no,cellular,nov,175,,no,0
44,married,secondary,no,no,cellular,nov,289,,yes,0
33,single,tertiary,no,no,cellular,aug,296,,no,0
57,married,tertiary,yes,no,unknown,may,1007,,no,0
41,married,secondary,yes,yes,unknown,may,181,,no,0
46,married,secondary,yes,no,cellular,jul,228,,no,0
59,married,primary,yes,no,cellular,jul,186,,no,0
45,divorced,tertiary,yes,no,cellular,may,325,,no,0
44,married,primary,yes,no,unknown,may,179,,no,0
42,married,secondary,yes,no,unknown,jun,171,,no,0
25,single,tertiary,yes,no,cellular,may,268,,no,0
49,married,secondary,no,no,unknown,jun,112,,no,0
38,married,primary,yes,no,unknown,may,140,,no,0
44,married,secondary,yes,no,cellular,apr,586,,yes,0
53,divorced,secondary,yes,no,unknown,may,230,,no,0
47,married,secondary,yes,no,unknown,may,109,,no,0
35,married,secondary,no,no,cellular,aug,457,,no,0
30,single,tertiary,no,no,cellular,oct,127,149.0,yes,1
25,single,secondary,no,no,cellular,may,137,,no,0
35,married,secondary,yes,no,cellular,apr,12,,no,0
32,married,primary,yes,yes,cellular,may,308,,no,0
50,divorced,tertiary,yes,no,cellular,apr,329,,no,0
53,married,tertiary,yes,yes,unknown,may,63,,no,0
30,married,tertiary,no,no,cellular,feb,693,,no,0
42,married,secondary,yes,yes,unknown,may,251,,no,0
32,single,tertiary,no,no,cellular,jul,495,,no,0
32,married,tertiary,yes,no,cellular,nov,110,,no,0
32,single,secondary,no,yes,cellular,nov,395,,no,0
45,married,tertiary,yes,no,cellular,aug,172,,no,0
18,single,unknown,no,no,telephone,aug,104,,no,0
26,single,tertiary,yes,no,cellular,jul,233,,no,0
39,married,primary,yes,no,cellular,apr,155,,no,0
26,single,secondary,no,yes,cellular,mar,84,,no,0
32,married,secondary,yes,no,unknown,may,226,,no,0
58,married,secondary,no,no,cellular,may,122,,no,0
46,married,secondary,yes,no,cellular,aug,74,,no,0
50,married,secondary,yes,yes,cellular,aug,363,,no,0
40,married,tertiary,yes,no,cellular,aug,113,,no,0
26,single,tertiary,yes,no,cellular,may,42,292.0,no,1
27,single,tertiary,no,yes,cellular,jul,141,,no,0
29,married,tertiary,yes,no,unknown,may,182,,no,0
49,married,tertiary,no,no,unknown,jun,100,,no,0
28,single,secondary,no,yes,cellular,jul,1090,,no,0
37,divorced,primary,yes,no,unknown,may,166,,no,0
59,married,secondary,yes,no,unknown,jun,253,,no,0
48,divorced,secondary,yes,yes,cellular,mar,94,,no,0
41,married,secondary,yes,no,unknown,may,181,,no,0
49,married,primary,yes,no,unknown,may,493,,no,0
34,married,secondary,yes,no,cellular,apr,139,318.0,no,1
39,married,tertiary,yes,no,cellular,jul,590,,no,0
48,married,primary,no,no,cellular,may,340,371.0,no,1
47,married,secondary,yes,no,cellular,apr,148,,no,0
26,divorced,tertiary,yes,yes,unknown,may,121,,no,0
53,married,primary,yes,no,unknown,may,170,,no,0
33,married,secondary,yes,no,cellular,apr,7,,no,0
42,divorced,secondary,no,no,cellular,jul,92,,no,0
45,married,secondary,no,yes,unknown,jun,258,,no,0
24,single,secondary,no,no,cellular,jul,561,,no,0
33,married,secondary,yes,yes,cellular,aug,477,,yes,0
43,married,secondary,yes,no,cellular,may,270,,no,0
30,single,tertiary,yes,no,cellular,oct,316,92.0,no,1
55,married,primary,yes,no,unknown,may,285,,no,0
30,single,unknown,yes,no,unknown,jun,52,,no,0
34,married,secondary,yes,no,cellular,apr,193,329.0,no,1
31,married,secondary,yes,no,unknown,may,123,,no,0
60,married,tertiary,no,no,cellular,aug,362,,no,0
34,married,primary,yes,no,cellular,apr,115,146.0,no,1
31,single,secondary,no,no,cellular,apr,148,182.0,no,1
53,married,primary,yes,no,unknown,jun,285,,no,0
52,married,secondary,no,yes,cellular,jul,103,,no,0
49,married,primary,yes,yes,telephone,jul,834,,no,0
56,single,secondary,yes,yes,cellular,apr,754,,no,0
32,single,secondary,yes,yes,unknown,may,308,,no,0
41,married,primary,yes,yes,unknown,jun,659,,yes,0
28,married,secondary,yes,no,cellular,feb,11,252.0,no,1
30,single,tertiary,no,no,cellular,aug,292,,no,0
43,married,primary,no,no,telephone,jul,274,,no,0
42,divorced,secondary,no,no,cellular,apr,67,149.0,no,1
33,divorced,secondary,yes,no,cellular,may,114,,no,0
34,single,secondary,no,no,cellular,jul,78,,no,0
39,single,tertiary,no,yes,cellular,may,128,371.0,no,1
36,married,secondary,yes,no,cellular,jul,121,,no,0
34,single,primary,yes,no,unknown,may,138,,no,0
46,single,tertiary,yes,no,unknown,may,984,,yes,0
48,single,secondary,no,no,telephone,nov,270,,no,0
49,married,secondary,no,no,telephone,jul,1032,,yes,0
37,married,tertiary,no,yes,unknown,jun,153,,no,0
34,married,secondary,no,no,unknown,may,84,,no,0
55,married,unknown,yes,no,cellular,aug,186,101.0,yes,1
44,divorced,secondary,no,no,telephone,jul,190,,no,0
26,single,secondary,no,no,cellular,oct,217,,yes,0
32,married,tertiary,no,no,cellular,aug,134,,no,0
34,married,secondary,no,no,cellular,oct,401,,yes,0
32,married,secondary,yes,yes,unknown,jul,122,,no,0
46,married,secondary,yes,no,cellular,aug,203,,no,0
33,single,secondary,yes,no,cellular,may,186,,no,0
42,married,secondary,no,no,cellular,jan,234,181.0,no,1
20,single,unknown,no,no,cellular,jan,196,202.0,yes,1
43,married,primary,yes,no,telephone,may,176,284.0,no,1
56,married,primary,no,yes,telephone,feb,124,204.0,no,1
36,married,secondary,yes,yes,cellular,feb,138,,no,0
47,married,secondary,yes,yes,cellular,jul,153,,no,0
53,married,unknown,yes,no,cellular,nov,130,188.0,no,1
40,single,tertiary,yes,no,cellular,apr,222,153.0,no,1
26,single,secondary,no,no,cellular,aug,92,118.0,no,1
47,married,secondary,yes,no,cellular,sep,502,490.0,no,1
54,married,primary,no,yes,cellular,jul,180,,no,0
46,married,primary,no,no,cellular,feb,64,,no,0
45,married,tertiary,no,no,cellular,aug,140,,no,0
28,single,tertiary,yes,no,unknown,jun,205,,no,0
30,single,tertiary,no,no,cellular,aug,75,105.0,no,1
43,married,tertiary,no,no,unknown,jun,230,,no,0
39,single,secondary,no,yes,cellular,feb,250,,no,0
26,married,secondary,yes,yes,cellular,jul,459,,no,0
50,married,secondary,yes,no,unknown,may,744,,no,0
47,divorced,secondary,yes,yes,telephone,jan,270,,no,0
39,married,primary,yes,yes,unknown,jun,451,,no,0
50,married,secondary,no,no,cellular,jun,152,89.0,no,1
27,single,secondary,no,no,cellular,oct,256,104.0,no,1
39,divorced,secondary,yes,yes,cellular,apr,85,,no,0
40,married,secondary,no,no,cellular,jul,78,,no,0
37,married,secondary,yes,no,cellular,may,632,339.0,no,1
28,married,secondary,no,no,cellular,jun,226,182.0,yes,1
27,married,tertiary,no,no,cellular,sep,569,,yes,0
28,single,secondary,yes,no,cellular,jul,1044,,yes,0
59,married,tertiary,no,no,cellular,aug,103,,no,0
28,single,tertiary,yes,no,cellular,feb,137,,no,0
59,married,primary,no,no,cellular,may,581,63.0,no,1
36,single,tertiary,yes,no,cellular,may,450,304.0,no,1
52,married,secondary,no,no,cellular,aug,276,,no,0
59,divorced,secondary,no,no,cellular,aug,91,,no,0
33,married,tertiary,yes,yes,cellular,jul,262,,no,0
60,married,secondary,yes,no,cellular,jul,41,,no,0
44,single,secondary,yes,yes,unknown,may,103,,no,0
41,married,tertiary,yes,no,telephone,nov,60,,no,0
53,married,unknown,no,no,unknown,jun,39,,no,0
28,married,secondary,yes,no,cellular,may,191,371.0,no,1
33,single,secondary,yes,no,cellular,jan,241,266.0,no,1
54,married,secondary,yes,no,unknown,may,240,,no,0
42,single,secondary,yes,no,unknown,jun,237,,no,0
43,divorced,tertiary,yes,yes,unknown,may,224,,no,0
46,married,primary,yes,no,cellular,aug,73,,no,0
43,divorced,secondary,yes,no,unknown,may,71,,no,0
42,divorced,secondary,yes,no,cellular,aug,203,,no,0
27,married,tertiary,no,no,cellular,oct,154,,yes,0
47,married,secondary,no,no,cellular,jan,262,91.0,yes,1
31,married,tertiary,yes,yes,cellular,aug,182,,no,0
52,married,tertiary,yes,no,cellular,nov,121,123.0,no,1
44,single,tertiary,yes,no,unknown,jun,153,,no,0
34,single,tertiary,no,no,cellular,may,67,,no,0
45,married,secondary,yes,yes,cellular,may,262,352.0,no,1
43,married,tertiary,no,no,cellular,nov,215,93.0,no,1
39,single,tertiary,yes,no,cellular,apr,287,,no,0
41,married,primary,yes,yes,cellular,may,344,,no,0
57,married,secondary,no,no,cellular,feb,142,,no,0
32,married,secondary,yes,no,cellular,may,150,,no,0
31,married,secondary,no,no,telephone,nov,52,,no,0
51,married,tertiary,no,no,cellular,aug,91,,no,0
26,single,secondary,no,no,cellular,oct,209,188.0,yes,1
51,married,secondary,no,no,cellular,jul,615,,yes,0
36,married,secondary,yes,yes,cellular,jul,167,,no,0
31,single,secondary,yes,no,cellular,nov,627,,no,0
49,married,tertiary,no,no,cellular,nov,324,172.0,no,1
38,married,tertiary,yes,no,unknown,may,164,,no,0
20,married,primary,yes,yes,unknown,may,238,,no,0
34,married,secondary,yes,no,cellular,oct,252,,yes,0
33,married,secondary,yes,no,cellular,nov,76,,no,0
32,married,tertiary,yes,no,cellular,nov,268,,no,0
39,divorced,secondary,no,no,unknown,jun,155,,no,0
41,single,unknown,yes,no,unknown,may,117,,no,0
39,married,secondary,yes,no,unknown,may,92,,no,0
40,married,secondary,no,no,cellular,jul,104,,no,0
34,married,tertiary,no,no,cellular,jul,122,72.0,no,1
34,single,tertiary,yes,no,cellular,feb,43,263.0,no,1
26,single,secondary,yes,no,unknown,may,103,,no,0
27,single,secondary,yes,no,cellular,may,252,,no,0
39,married,secondary,yes,no,telephone,apr,141,,no,0
47,married,secondary,no,no,cellular,jul,210,,no,0
46,divorced,secondary,yes,no,unknown,may,485,,no,0
47,married,primary,yes,no,cellular,apr,774,164.0,yes,1
38,single,tertiary,yes,no,cellular,apr,222,,no,0
24,single,secondary,no,no,cellular,jul,338,,no,0
37,married,primary,yes,no,cellular,apr,151,,no,0
30,single,tertiary,yes,no,unknown,may,147,,no,0
34,married,tertiary,no,no,cellular,aug,148,84.0,yes,1
52,married,primary,no,no,cellular,feb,82,,no,0
32,married,secondary,no,no,cellular,may,231,362.0,no,1
48,married,secondary,yes,no,cellular,aug,127,,no,0
34,single,tertiary,yes,no,cellular,feb,155,149.0,no,1
40,married,secondary,yes,no,cellular,may,657,,yes,0
45,single,secondary,yes,no,cellular,may,247,,no,0
35,married,secondary,yes,no,unknown,may,1777,,yes,0
39,single,primary,yes,no,cellular,apr,88,,no,0
40,married,secondary,no,no,unknown,jun,150,,no,0
47,married,primary,yes,yes,unknown,jun,218,,no,0
50,married,secondary,no,no,cellular,aug,219,,no,0
33,married,primary,yes,no,cellular,jan,207,247.0,no,1
32,married,tertiary,no,no,cellular,aug,15,,no,0
58,married,secondary,yes,no,unknown,may,165,,no,0
31,single,secondary,yes,no,cellular,may,187,360.0,no,1
48,divorced,primary,no,no,cellular,jan,196,,no,0
32,single,tertiary,yes,no,cellular,nov,175,180.0,no,1
28,married,primary,yes,no,cellular,may,90,,no,0
29,married,secondary,yes,no,cellular,apr,101,,no,0
32,married,secondary,yes,no,unknown,may,64,,no,0
56,divorced,unknown,yes,no,cellular,may,1022,360.0,no,1
50,married,secondary,yes,no,cellular,jul,18,,no,0
23,single,secondary,yes,yes,unknown,may,142,,no,0
49,married,secondary,no,yes,cellular,jul,682,,no,0
57,married,unknown,yes,yes,cellular,jul,236,,no,0
32,single,tertiary,yes,no,cellular,may,72,361.0,no,1
33,married,tertiary,yes,no,unknown,may,256,,no,0
59,divorced,secondary,no,no,cellular,may,1060,,yes,0
40,married,tertiary,yes,no,cellular,feb,171,230.0,no,1
30,single,tertiary,no,no,cellular,aug,69,,no,0
46,married,primary,yes,no,unknown,may,235,,no,0
57,married,unknown,no,no,cellular,aug,163,,no,0
29,married,secondary,yes,no,cellular,may,58,,no,0
22,single,secondary,no,yes,cellular,aug,65,,no,0
45,married,secondary,yes,no,unknown,jun,160,,no,0
34,married,secondary,yes,no,unknown,may,99,,no,0
30,married,tertiary,no,no,cellular,aug,121,,no,0
49,married,primary,no,yes,telephone,jul,110,,no,0
53,divorced,primary,yes,no,cellular,feb,138,5.0,no,1
37,single,tertiary,no,no,unknown,jun,155,,no,0
46,married,secondary,yes,no,cellular,jan,153,2.0,no,1
44,divorced,secondary,no,no,cellular,jul,6,,no,0
43,married,secondary,yes,yes,cellular,feb,539,204.0,no,1
25,single,tertiary,yes,yes,unknown,may,102,,no,0
44,single,tertiary,no,no,unknown,jul,158,,no,0
40,single,tertiary,yes,no,cellular,jul,157,,no,0
36,married,tertiary,yes,no,cellular,jul,165,,no,0
56,married,secondary,no,no,unknown,may,73,,no,0
44,divorced,secondary,yes,yes,cellular,feb,127,257.0,yes,1
48,married,primary,no,no,cellular,aug,61,,no,0
28,single,tertiary,yes,no,cellular,may,209,,no,0
47,married,tertiary,no,no,cellular,feb,518,212.0,no,1
49,married,unknown,no,no,unknown,may,92,,no,0
50,married,primary,no,no,unknown,jun,135,,no,0
38,married,primary,yes,no,cellular,jun,101,94.0,no,1
34,married,tertiary,no,no,cellular,jun,298,,no,0
59,married,secondary,no,no,cellular,jun,415,89.0,yes,1
31,single,primary,yes,no,telephone,may,113,,no,0
42,single,unknown,no,no,unknown,jun,115,,no,0
37,married,tertiary,yes,no,unknown,may,162,,no,0
47,married,secondary,no,no,cellular,nov,144,,no,0
30,single,secondary,no,no,cellular,apr,108,,yes,0
47,married,primary,yes,yes,unknown,jun,67,,no,0
35,married,tertiary,no,no,cellular,aug,95,,no,0
37,married,unknown,yes,no,unknown,jun,548,,no,0
37,married,tertiary,no,no,cellular,nov,149,,yes,0
46,married,unknown,yes,no,telephone,jul,417,,no,0
40,single,unknown,yes,no,cellular,feb,258,,no,0
40,married,secondary,yes,no,unknown,jun,322,,no,0
60,married,primary,no,no,cellular,jan,374,,no,0
32,divorced,tertiary,yes,no,unknown,may,399,,no,0
57,married,primary,yes,no,unknown,may,104,,no,0
34,married,secondary,yes,no,unknown,may,258,,no,0
49,married,tertiary,yes,no,cellular,jul,507,,no,0
36,single,primary,yes,no,unknown,may,242,,no,0
48,divorced,secondary,no,no,unknown,jun,633,,no,0
43,married,tertiary,no,no,cellular,aug,88,,no,0
47,divorced,primary,yes,no,cellular,jul,327,,no,0
50,married,primary,yes,no,telephone,jul,241,,no,0
46,divorced,tertiary,no,no,cellular,mar,420,276.0,yes,1
33,single,secondary,yes,no,cellular,may,297,334.0,yes,1
58,married,tertiary,no,yes,cellular,aug,76,,no,0
36,married,tertiary,yes,no,cellular,apr,22,,no,0
33,married,secondary,yes,no,cellular,may,173,,no,0
57,married,primary,yes,no,unknown,jun,397,,no,0
50,single,tertiary,yes,no,unknown,may,2,,no,0
52,divorced,secondary,yes,no,unknown,may,271,,no,0
44,married,primary,yes,yes,unknown,may,94,,no,0
44,married,tertiary,no,yes,cellular,jul,97,,no,0
30,married,tertiary,yes,no,cellular,nov,191,175.0,no,1
31,married,secondary,yes,no,unknown,may,265,,no,0
51,divorced,tertiary,yes,no,cellular,nov,233,,no,0
52,married,tertiary,no,no,cellular,aug,244,,no,0
40,married,secondary,yes,no,cellular,apr,329,,no,0
51,married,tertiary,no,no,unknown,jun,44,,no,0
52,married,secondary,no,yes,cellular,jul,199,,no,0
53,married,tertiary,no,yes,cellular,jan,86,,no,0
38,married,secondary,yes,no,unknown,may,1521,,no,0
62,married,secondary,no,no,cellular,sep,28,,no,0
51,married,primary,yes,no,cellular,may,211,,no,0
40,married,primary,yes,no,cellular,jul,138,,no,0
42,single,tertiary,no,no,unknown,may,243,,no,0
54,single,secondary,yes,no,cellular,feb,115,234.0,no,1
39,married,tertiary,yes,no,unknown,may,191,,no,0
40,married,secondary,yes,no,unknown,jul,251,,no,0
32,married,secondary,no,no,cellular,aug,331,,no,0
50,married,tertiary,yes,no,cellular,apr,707,302.0,yes,1
72,divorced,tertiary,no,no,cellular,feb,279,,yes,0
46,single,primary,yes,no,cellular,may,207,,no,0
57,married,tertiary,no,yes,cellular,jan,139,,no,0
38,single,tertiary,no,no,cellular,nov,8,,no,0
55,married,tertiary,yes,no,cellular,nov,8,,no,0
36,married,secondary,yes,no,cellular,apr,172,,no,0
26,married,secondary,yes,no,unknown,may,1143,,yes,0
33,married,tertiary,yes,yes,cellular,feb,124,271.0,no,1
54,married,tertiary,no,no,telephone,jun,800,,no,0
38,single,secondary,yes,no,unknown,may,72,,no,0
83,divorced,primary,no,no,cellular,jul,200,,no,0
33,divorced,secondary,yes,yes,unknown,may,254,,no,0
64,married,secondary,no,no,cellular,oct,501,,yes,0
26,married,secondary,no,no,cellular,jun,221,126.0,no,1
56,divorced,secondary,no,yes,unknown,jul,678,,no,0
34,single,secondary,no,no,cellular,aug,186,,no,0
33,married,secondary,yes,no,cellular,jul,263,,no,0
56,married,secondary,no,no,cellular,aug,629,,no,0
47,married,unknown,no,yes,cellular,jul,89,,no,0
43,married,secondary,yes,yes,cellular,jul,166,,no,0
54,divorced,secondary,yes,no,unknown,may,381,,no,0
35,married,secondary,no,yes,cellular,jun,147,119.0,yes,1
26,single,secondary,yes,no,cellular,may,156,348.0,no,1
34,single,primary,yes,no,unknown,may,351,,no,0
42,married,secondary,yes,no,unknown,may,202,,no,0
57,married,tertiary,no,no,cellular,oct,115,185.0,yes,1
33,married,primary,yes,no,cellular,may,116,,no,0
47,married,secondary,no,no,telephone,nov,27,,no,0
37,married,secondary,no,yes,cellular,feb,9,,no,0
40,married,primary,no,no,cellular,jul,42,,no,0
56,married,primary,yes,yes,cellular,feb,331,209.0,no,1
52,married,primary,yes,yes,telephone,feb,82,244.0,no,1
47,married,secondary,no,yes,cellular,nov,74,145.0,no,1
59,married,tertiary,no,no,cellular,nov,161,,no,0
45,married,secondary,yes,no,unknown,may,84,,no,0
57,divorced,tertiary,no,no,cellular,aug,1357,,yes,0
74,divorced,tertiary,yes,no,cellular,may,492,,no,0
43,divorced,secondary,yes,no,cellular,may,150,342.0,no,1
29,married,tertiary,yes,no,cellular,apr,185,85.0,no,1
44,single,secondary,no,no,cellular,may,193,,yes,0
57,married,primary,no,no,unknown,jun,188,,no,0
76,divorced,primary,no,no,cellular,aug,192,,no,0
69,married,primary,no,no,cellular,aug,230,,no,0
56,married,tertiary,no,no,cellular,aug,644,,yes,0
44,married,primary,no,no,cellular,nov,843,,no,0
42,single,secondary,yes,no,cellular,apr,160,,no,0
33,single,primary,yes,no,cellular,may,99,353.0,no,1
38,married,tertiary,no,no,cellular,jun,253,,no,0
56,married,tertiary,yes,no,unknown,jun,45,,no,0
34,married,secondary,no,no,cellular,aug,95,,no,0
51,married,secondary,yes,no,cellular,may,623,,yes,0
32,single,tertiary,yes,no,unknown,may,140,,no,0
56,married,secondary,no,no,cellular,apr,203,,no,0
52,divorced,secondary,yes,yes,cellular,may,87,,no,0
29,married,secondary,yes,no,cellular,jul,988,,yes,0
35,divorced,secondary,yes,no,cellular,apr,73,,no,0
29,single,tertiary,yes,no,cellular,may,371,,no,0
46,single,secondary,yes,yes,unknown,may,206,,no,0
59,divorced,secondary,no,yes,cellular,jan,503,,no,0
28,married,secondary,yes,yes,unknown,may,480,,no,0
61,married,secondary,no,no,cellular,jul,464,,no,0
37,married,tertiary,yes,no,cellular,jul,163,,no,0
34,married,secondary,yes,no,unknown,may,109,,no,0
47,married,tertiary,yes,yes,cellular,jul,122,,no,0
42,married,secondary,yes,no,cellular,jul,305,,no,0
46,married,unknown,yes,no,unknown,may,323,,no,0
29,single,secondary,yes,no,unknown,may,134,,no,0
47,married,secondary,yes,no,unknown,may,160,,no,0
35,single,secondary,yes,no,cellular,may,65,,no,0
41,married,primary,yes,no,cellular,may,54,,no,0
33,married,secondary,no,no,cellular,sep,250,,yes,0
57,married,primary,no,yes,telephone,jul,78,,no,0
35,single,tertiary,yes,no,cellular,nov,274,,no,0
44,married,secondary,yes,no,cellular,may,262,,no,0
31,married,tertiary,no,no,cellular,aug,122,,no,0
24,single,secondary,yes,no,unknown,may,86,,no,0
60,married,secondary,yes,no,unknown,may,407,,no,0
27,single,secondary,no,yes,cellular,jul,261,,no,0
57,married,primary,no,yes,cellular,feb,620,196.0,no,1
26,single,primary,yes,no,cellular,jul,577,,yes,0
53,married,secondary,no,no,telephone,jun,145,,no,0
33,married,tertiary,yes,no,unknown,may,418,,no,0
31,married,secondary,yes,no,cellular,may,556,,no,0
29,single,secondary,yes,no,cellular,may,196,,no,0
38,married,secondary,no,no,cellular,aug,91,,no,0
32,single,secondary,yes,yes,unknown,may,272,,no,0
43,married,tertiary,no,no,cellular,oct,1573,139.0,no,1
35,single,secondary,no,no,telephone,jan,103,,no,0
55,married,primary,no,no,unknown,jun,272,,no,0
29,single,tertiary,yes,no,unknown,jun,226,,no,0
55,single,secondary,yes,no,cellular,may,300,370.0,no,1
45,divorced,secondary,yes,no,unknown,may,62,,no,0
51,married,secondary,yes,no,unknown,may,556,,no,0
49,single,primary,no,no,cellular,jul,474,,no,0
48,single,primary,no,no,unknown,jun,9,,no,0
28,single,tertiary,yes,no,cellular,jul,263,,no,0
34,married,secondary,yes,no,cellular,nov,98,,no,0
41,divorced,secondary,yes,no,cellular,feb,938,,yes,0
54,divorced,secondary,no,no,cellular,sep,106,105.0,yes,1
35,married,secondary,yes,no,cellular,apr,694,331.0,no,1
57,married,primary,yes,no,telephone,jul,103,,no,0
56,married,secondary,no,no,cellular,nov,163,110.0,no,1
44,married,primary,yes,no,unknown,jun,25,,no,0
33,single,secondary,yes,no,unknown,jun,27,,no,0
30,married,tertiary,yes,no,cellular,may,10,175.0,no,1
45,divorced,secondary,no,no,unknown,jun,653,,no,0
50,married,secondary,yes,no,unknown,jun,464,,no,0
59,married,secondary,no,yes,cellular,nov,121,,no,0
35,married,tertiary,no,no,cellular,aug,129,,no,0
41,single,unknown,yes,no,cellular,may,442,370.0,no,1
46,married,tertiary,no,yes,cellular,feb,128,,no,0
37,single,secondary,no,no,cellular,nov,244,154.0,no,1
55,married,primary,no,no,telephone,feb,75,,no,0
43,divorced,secondary,yes,no,unknown,jun,130,,no,0
52,married,tertiary,no,no,cellular,aug,97,,no,0
58,married,secondary,yes,no,cellular,oct,120,186.0,no,1
43,married,tertiary,no,no,cellular,nov,380,88.0,yes,1
39,married,secondary,yes,yes,unknown,may,232,,no,0
28,married,secondary,yes,no,cellular,may,152,366.0,no,1
28,single,secondary,no,no,cellular,aug,119,,no,0
42,married,secondary,no,no,cellular,feb,1013,,no,0
30,single,secondary,no,yes,cellular,nov,548,,no,0
45,married,secondary,yes,no,unknown,may,29,,no,0
55,married,primary,no,no,cellular,aug,139,,no,0
43,married,secondary,yes,yes,cellular,may,300,,no,0
50,divorced,unknown,no,no,unknown,jun,335,,no,0
43,married,secondary,no,no,cellular,jan,383,,no,0
58,married,primary,yes,yes,cellular,jul,1226,,no,0
50,married,secondary,yes,no,cellular,aug,216,,no,0
27,married,secondary,no,no,telephone,jul,222,,no,0
32,single,secondary,no,no,cellular,feb,216,,no,0
47,married,secondary,yes,no,cellular,jul,676,,no,0
58,married,secondary,no,no,cellular,jul,400,,no,0
43,married,tertiary,yes,no,unknown,jun,154,,no,0
35,married,secondary,yes,no,unknown,jun,57,,no,0
41,single,tertiary,yes,no,unknown,may,178,,no,0
38,single,unknown,yes,no,unknown,may,334,,no,0
52,married,tertiary,yes,yes,cellular,nov,224,175.0,no,1
56,married,primary,yes,no,cellular,jan,129,265.0,no,1
23,single,secondary,yes,no,unknown,may,54,,no,0
49,married,tertiary,no,no,cellular,aug,56,,no,0
59,married,primary,no,no,telephone,jul,19,,no,0
49,married,secondary,no,no,cellular,aug,301,,no,0
38,single,tertiary,yes,no,unknown,may,92,,no,0
32,married,secondary,yes,no,telephone,may,67,365.0,no,1
48,divorced,secondary,no,no,cellular,aug,145,,no,0
46,married,unknown,no,no,cellular,oct,171,91.0,yes,1
32,single,secondary,yes,no,cellular,apr,598,150.0,no,1
35,single,secondary,yes,no,unknown,may,163,,no,0
29,married,tertiary,no,no,cellular,jul,275,,no,0
33,single,tertiary,yes,yes,telephone,may,12,176.0,no,1
29,married,secondary,no,yes,cellular,jul,528,,no,0
35,married,secondary,yes,no,cellular,apr,738,,no,0
43,married,tertiary,no,no,cellular,jul,1153,,yes,0
31,single,tertiary,yes,no,cellular,apr,37,320.0,no,1
53,married,primary,yes,no,cellular,may,217,342.0,no,1
46,married,secondary,no,no,cellular,aug,339,,no,0
45,single,secondary,no,yes,cellular,nov,258,105.0,no,1
34,married,tertiary,yes,no,telephone,nov,6,,no,0
54,married,secondary,no,yes,unknown,jun,294,,no,0
48,married,secondary,yes,no,unknown,may,128,,no,0
40,married,secondary,yes,no,unknown,may,44,,no,0
41,married,secondary,yes,no,cellular,nov,536,,no,0
32,single,tertiary,no,no,cellular,nov,57,,no,0
34,married,primary,yes,no,cellular,apr,182,329.0,no,1
52,married,secondary,yes,no,cellular,may,164,,no,0
51,divorced,secondary,yes,no,cellular,nov,112,,no,0
30,married,tertiary,yes,no,cellular,mar,156,137.0,no,1
44,married,secondary,no,yes,cellular,aug,212,,no,0
35,single,tertiary,no,no,cellular,may,127,,no,0
37,married,secondary,yes,yes,cellular,may,95,357.0,no,1
53,married,secondary,yes,no,unknown,may,49,,no,0
36,married,tertiary,yes,no,cellular,feb,106,259.0,no,1
37,married,tertiary,no,no,unknown,jun,143,,no,0
43,married,secondary,yes,no,cellular,jul,76,,no,0
35,married,secondary,yes,no,unknown,may,135,,no,0
37,married,secondary,yes,no,cellular,nov,342,,no,0
46,married,primary,yes,yes,cellular,may,523,353.0,yes,1
44,married,secondary,yes,no,unknown,may,158,,no,0
54,married,secondary,no,yes,cellular,nov,182,81.0,yes,1
26,single,tertiary,yes,no,cellular,may,401,,no,0
37,single,tertiary,no,no,cellular,aug,234,,no,0
48,married,secondary,no,no,cellular,aug,311,,no,0
57,single,secondary,no,yes,unknown,may,204,,no,0
38,single,secondary,yes,no,cellular,mar,180,302.0,yes,1
44,divorced,secondary,yes,no,cellular,apr,241,,no,0
32,single,tertiary,yes,no,cellular,may,1598,175.0,yes,1
35,married,primary,yes,no,cellular,apr,106,,no,0
53,married,tertiary,yes,no,cellular,nov,138,,no,0
45,married,secondary,no,no,cellular,jul,65,,no,0
56,married,secondary,no,yes,cellular,nov,107,117.0,no,1
33,single,secondary,yes,no,cellular,may,54,371.0,no,1
32,married,secondary,yes,no,cellular,nov,1720,,yes,0
36,divorced,secondary,yes,no,unknown,may,265,,no,0
33,married,primary,yes,no,unknown,may,83,,no,0
36,married,secondary,yes,no,cellular,jul,54,,no,0
57,married,tertiary,yes,no,unknown,may,463,,no,0
49,married,secondary,no,no,unknown,may,160,,no,0
28,married,tertiary,yes,no,cellular,sep,202,,yes,0
33,married,secondary,yes,yes,unknown,may,951,,no,0
35,single,secondary,yes,no,unknown,may,185,,no,0
48,married,unknown,yes,no,telephone,jul,211,,no,0
57,married,tertiary,yes,no,unknown,may,97,,no,0
29,married,secondary,yes,no,cellular,jul,260,,no,0
29,single,secondary,no,no,cellular,oct,90,,no,0
33,married,secondary,no,no,cellular,dec,78,,no,0
58,married,secondary,no,no,cellular,may,1078,97.0,yes,1
33,married,secondary,yes,no,cellular,may,629,,yes,0
62,married,secondary,no,no,cellular,jan,117,280.0,no,1
33,single,tertiary,yes,no,cellular,nov,247,,no,0
42,married,tertiary,no,no,cellular,dec,288,183.0,yes,1
61,married,primary,no,no,cellular,nov,264,,no,0
31,married,secondary,yes,no,unknown,may,293,,no,0
55,divorced,tertiary,yes,no,telephone,may,536,,no,0
54,married,tertiary,yes,no,cellular,aug,143,,no,0
45,married,tertiary,no,yes,cellular,nov,980,,yes,0
33,married,secondary,yes,yes,cellular,jul,224,,no,0
46,married,primary,no,no,cellular,aug,168,,no,0
27,single,secondary,no,yes,cellular,jul,171,,no,0
50,married,tertiary,no,no,cellular,aug,343,,no,0
50,married,primary,no,no,unknown,jun,34,,no,0
32,married,tertiary,no,no,telephone,nov,385,,no,0
37,married,secondary,yes,no,cellular,jul,505,,no,0
59,married,tertiary,no,no,cellular,aug,862,,no,0
48,married,tertiary,yes,no,cellular,jul,125,,no,0
26,single,tertiary,no,no,cellular,apr,321,449.0,yes,1
77,divorced,secondary,no,no,cellular,sep,210,,yes,0
60,married,unknown,no,no,unknown,jun,261,,no,0
39,single,primary,yes,no,cellular,nov,286,,no,0
30,single,tertiary,yes,no,unknown,jun,220,,no,0
29,married,primary,yes,no,cellular,apr,297,,no,0
32,divorced,secondary,yes,no,cellular,aug,540,,no,0
44,married,secondary,yes,no,cellular,apr,246,,no,0
25,single,secondary,yes,yes,cellular,may,364,,no,0
36,single,secondary,no,no,cellular,jul,225,,no,0
39,married,primary,no,no,cellular,jul,176,,no,0
30,single,secondary,yes,no,cellular,jul,266,,no,0
30,single,tertiary,no,no,cellular,aug,128,,no,0
54,married,secondary,yes,yes,cellular,jul,97,,no,0
20,single,secondary,no,no,cellular,aug,228,183.0,yes,1
52,divorced,secondary,no,no,telephone,nov,215,,no,0
31,single,tertiary,no,no,cellular,jan,356,,no,0
39,married,secondary,yes,no,cellular,may,55,345.0,no,1
31,single,secondary,yes,no,cellular,jul,101,,no,0
39,married,secondary,yes,no,unknown,may,141,,no,0
21,single,secondary,no,no,cellular,feb,92,,yes,0
35,married,secondary,yes,yes,unknown,may,543,,yes,0
44,married,tertiary,yes,no,unknown,jun,84,,no,0
59,married,secondary,yes,yes,unknown,may,282,,no,0
53,married,tertiary,no,no,unknown,jun,89,,no,0
59,single,tertiary,no,no,cellular,aug,48,,no,0
31,single,tertiary,yes,yes,unknown,may,448,,no,0
50,married,tertiary,yes,no,cellular,jun,140,,no,0
44,married,primary,no,no,cellular,jul,83,,no,0
43,divorced,tertiary,no,no,unknown,jun,118,,no,0
32,single,secondary,no,no,cellular,feb,406,,no,0
58,married,secondary,no,yes,cellular,aug,192,,no,0
36,married,secondary,yes,no,cellular,jan,29,266.0,no,1
39,single,secondary,yes,no,telephone,nov,47,,no,0
28,single,tertiary,no,no,cellular,feb,255,,no,0
49,married,secondary,yes,no,unknown,may,99,,no,0
30,single,secondary,no,no,cellular,may,453,,no,0
44,married,tertiary,yes,yes,cellular,jul,161,,no,0
46,divorced,secondary,yes,yes,unknown,may,188,,no,0
44,divorced,tertiary,yes,no,cellular,apr,65,,no,0
59,married,secondary,yes,no,unknown,may,106,,no,0
30,married,primary,yes,no,cellular,apr,190,,no,0
31,single,secondary,no,no,cellular,may,159,111.0,no,1
37,single,secondary,yes,no,unknown,may,322,,no,0
39,single,secondary,no,no,unknown,jun,10,,no,0
31,single,tertiary,no,no,cellular,aug,153,103.0,no,1
36,married,primary,yes,no,unknown,jun,255,,no,0
33,married,secondary,no,yes,cellular,aug,239,,no,0
80,divorced,primary,no,no,telephone,apr,92,,no,0
59,married,secondary,no,yes,unknown,jul,292,,no,0
31,single,tertiary,no,yes,cellular,nov,367,,no,0
41,married,secondary,no,no,cellular,aug,95,,no,0
39,married,secondary,yes,no,cellular,feb,397,,yes,0
54,single,secondary,no,no,cellular,jul,187,,no,0
38,married,tertiary,no,no,cellular,apr,350,,yes,0
52,married,secondary,yes,no,cellular,nov,77,,no,0
55,divorced,secondary,no,no,cellular,jun,213,,no,0
37,married,secondary,yes,yes,cellular,feb,219,245.0,no,1
40,married,secondary,no,no,cellular,nov,408,117.0,no,1
54,married,tertiary,yes,no,cellular,apr,231,149.0,no,1
42,married,tertiary,no,no,telephone,sep,376,,yes,0
56,married,secondary,yes,no,unknown,may,278,,no,0
30,married,secondary,yes,no,unknown,may,72,,no,0
35,married,secondary,yes,no,unknown,may,69,,no,0
54,married,secondary,no,no,unknown,jun,94,,no,0
57,single,secondary,no,no,unknown,jun,192,,no,0
57,married,primary,yes,no,cellular,jul,126,,no,0
38,married,secondary,yes,no,unknown,may,346,,no,0
37,married,tertiary,yes,no,unknown,may,110,,no,0
28,married,primary,yes,yes,telephone,may,31,373.0,no,1
52,divorced,tertiary,no,no,unknown,jul,28,,no,0
28,single,tertiary,yes,yes,cellular,feb,100,,no,0
33,married,primary,yes,yes,cellular,nov,220,,no,0
31,single,tertiary,no,no,cellular,mar,469,181.0,yes,1
42,married,secondary,yes,no,unknown,may,124,,no,0
34,married,primary,yes,yes,cellular,jul,225,,no,0
40,divorced,tertiary,no,no,cellular,aug,94,,no,0
33,married,tertiary,yes,yes,cellular,jul,207,,no,0
49,married,tertiary,yes,no,unknown,jun,113,,no,0
41,single,primary,yes,no,unknown,may,1553,,yes,0
39,divorced,tertiary,no,no,cellular,aug,34,,no,0
32,divorced,secondary,yes,yes,unknown,may,130,,no,0
34,married,primary,yes,no,cellular,jul,680,,no,0
45,divorced,tertiary,no,no,cellular,aug,144,,no,0
42,married,secondary,no,no,cellular,jul,462,,no,0
45,married,secondary,yes,yes,unknown,may,119,,no,0
31,single,tertiary,yes,no,unknown,may,170,,no,0
56,married,primary,no,no,cellular,feb,177,197.0,no,1
33,single,tertiary,yes,no,cellular,apr,282,259.0,no,1
24,single,secondary,no,no,cellular,may,762,182.0,yes,1
40,married,tertiary,yes,yes,cellular,jul,206,,no,0
32,married,tertiary,no,no,unknown,may,86,,no,0
60,married,primary,yes,yes,unknown,may,1015,,yes,0
32,married,tertiary,yes,no,unknown,may,345,,no,0
41,married,secondary,no,no,unknown,jun,85,,no,0
36,single,primary,yes,no,unknown,may,168,,no,0
46,married,secondary,yes,no,telephone,jul,1127,,yes,0
36,single,secondary,yes,no,cellular,may,50,,no,0
58,married,primary,no,no,unknown,may,174,,no,0
40,married,secondary,yes,yes,cellular,jul,247,,no,0
46,divorced,secondary,no,yes,cellular,oct,92,327.0,no,1
52,married,primary,yes,no,cellular,jul,1208,,yes,0
33,married,tertiary,yes,no,cellular,nov,149,175.0,no,1
30,single,secondary,yes,no,telephone,feb,678,252.0,no,1
40,married,secondary,no,no,unknown,jun,78,,no,0
30,single,tertiary,no,no,cellular,aug,545,,yes,0
37,single,tertiary,no,no,telephone,aug,57,,no,0
24,married,secondary,yes,no,cellular,feb,278,94.0,yes,1
52,married,tertiary,no,yes,unknown,jun,291,,no,0
27,single,tertiary,no,no,cellular,jan,267,,no,0
29,married,secondary,yes,no,cellular,jul,130,,no,0
53,married,secondary,yes,no,cellular,may,387,,yes,0
37,single,unknown,yes,no,unknown,jun,16,,no,0
41,married,secondary,yes,no,cellular,oct,250,120.0,no,1
54,married,tertiary,yes,yes,cellular,aug,105,,no,0
46,married,primary,yes,no,unknown,may,135,,no,0
35,single,secondary,yes,no,cellular,may,495,,no,0
36,married,unknown,no,no,unknown,jun,810,,no,0
46,married,secondary,no,no,cellular,aug,199,,no,0
54,married,unknown,yes,no,unknown,may,421,,no,0
30,married,secondary,yes,no,cellular,jul,101,,no,0
36,married,primary,no,no,unknown,jun,423,,no,0
35,married,tertiary,yes,no,cellular,jun,467,,no,0
28,single,secondary,yes,no,unknown,jun,119,,no,0
42,married,secondary,yes,yes,cellular,jul,196,,no,0
40,single,secondary,no,yes,cellular,jul,181,,no,0
36,married,primary,yes,yes,telephone,nov,2,,no,0
36,single,secondary,yes,no,cellular,jul,735,,no,0
35,married,secondary,no,no,unknown,jun,243,,no,0
34,single,tertiary,no,yes,unknown,aug,34,,yes,0
31,single,tertiary,yes,no,cellular,feb,156,,no,0
36,single,secondary,no,no,cellular,aug,88,,no,0
32,single,secondary,yes,no,unknown,may,211,,no,0
40,divorced,secondary,yes,no,unknown,may,349,,no,0
44,married,secondary,yes,yes,unknown,jun,4,,no,0
55,married,tertiary,no,yes,telephone,aug,201,,no,0
36,married,tertiary,yes,no,unknown,may,95,,no,0
39,divorced,secondary,yes,no,cellular,feb,204,257.0,no,1
35,married,unknown,yes,no,unknown,jun,130,,no,0
37,single,tertiary,yes,no,unknown,may,72,,no,0
54,married,tertiary,no,no,telephone,jul,77,,no,0
46,married,primary,yes,no,unknown,may,236,,no,0
60,married,secondary,yes,yes,unknown,may,208,,no,0
60,married,unknown,yes,no,unknown,may,29,,no,0
42,married,primary,yes,yes,cellular,feb,139,,no,0
56,married,primary,no,no,telephone,jul,51,,no,0
40,divorced,secondary,no,yes,cellular,jul,191,,no,0
35,single,tertiary,no,no,cellular,nov,188,186.0,yes,1
52,divorced,secondary,yes,no,telephone,apr,121,,no,0
52,married,secondary,no,no,cellular,feb,272,,no,0
26,married,secondary,no,no,cellular,jun,155,105.0,yes,1
31,married,secondary,yes,yes,cellular,jul,235,,no,0
57,married,secondary,no,no,cellular,nov,226,,no,0
50,single,secondary,yes,no,telephone,nov,590,,no,0
28,married,secondary,no,no,cellular,feb,130,,no,0
31,single,secondary,yes,no,cellular,may,52,,no,0
44,married,tertiary,yes,no,telephone,apr,201,330.0,no,1
44,divorced,secondary,yes,yes,cellular,apr,206,,no,0
79,divorced,primary,no,no,telephone,feb,98,,no,0
35,married,tertiary,no,no,cellular,jul,210,158.0,yes,1
53,divorced,primary,no,yes,cellular,jul,206,,no,0
45,married,secondary,no,no,telephone,feb,170,212.0,no,1
43,divorced,tertiary,yes,no,unknown,may,120,,no,0
38,single,secondary,yes,no,cellular,may,437,345.0,no,1
29,single,secondary,yes,no,cellular,jul,604,,no,0
41,married,secondary,yes,no,cellular,nov,139,130.0,no,1
40,married,secondary,yes,no,cellular,may,249,169.0,no,1
70,married,primary,no,no,cellular,sep,704,190.0,no,1
32,married,secondary,no,no,cellular,nov,371,,no,0
36,married,secondary,yes,no,cellular,jul,136,,no,0
24,single,secondary,yes,no,unknown,may,1000,,yes,0
38,single,tertiary,no,no,telephone,oct,182,,no,0
32,married,secondary,yes,no,unknown,may,464,,no,0
37,married,secondary,yes,no,unknown,may,103,,no,0
39,single,secondary,yes,yes,cellular,may,26,,no,0
44,married,tertiary,no,yes,cellular,aug,70,,no,0
53,married,secondary,no,no,cellular,nov,156,,no,0
33,single,tertiary,no,no,cellular,feb,78,,no,0
24,single,secondary,yes,no,unknown,may,665,,no,0
54,married,tertiary,yes,no,cellular,aug,83,,no,0
37,married,secondary,yes,no,telephone,feb,28,,no,0
47,divorced,secondary,yes,no,cellular,feb,105,253.0,no,1
54,married,primary,no,no,unknown,may,76,,no,0
36,divorced,secondary,no,no,telephone,feb,44,,no,0
31,single,secondary,no,no,unknown,may,227,,no,0
55,married,primary,no,no,cellular,aug,224,,no,0
39,single,tertiary,yes,no,unknown,may,58,,no,0
46,married,tertiary,no,no,cellular,may,359,,no,0
55,divorced,secondary,yes,no,unknown,may,200,,no,0
26,single,secondary,no,no,cellular,feb,101,,no,0
25,single,secondary,yes,no,cellular,may,504,,yes,0
35,married,tertiary,no,no,cellular,nov,49,,no,0
58,married,tertiary,no,no,cellular,feb,344,,yes,0
54,married,primary,no,no,telephone,nov,168,,no,0
35,single,secondary,no,no,unknown,jun,15,,no,0
31,married,primary,no,no,cellular,nov,521,,no,0
50,married,secondary,no,no,cellular,aug,86,,no,0
60,divorced,secondary,yes,yes,unknown,may,597,,no,0
36,married,secondary,no,no,cellular,jul,118,,no,0
51,married,primary,yes,no,telephone,feb,143,272.0,no,1
38,married,tertiary,no,no,unknown,jun,118,,no,0
47,married,secondary,yes,no,unknown,jun,79,,no,0
32,married,tertiary,no,no,cellular,feb,101,,no,0
54,married,tertiary,no,no,cellular,mar,133,102.0,no,1
34,married,secondary,yes,yes,unknown,jun,136,,no,0
30,single,tertiary,no,no,cellular,nov,96,,no,0
81,divorced,primary,no,no,telephone,sep,488,,no,0
30,single,secondary,yes,no,cellular,may,74,,no,0
28,single,secondary,no,no,unknown,may,181,,no,0
34,married,secondary,yes,yes,cellular,feb,90,252.0,no,1
37,married,secondary,yes,no,cellular,aug,77,,no,0
46,married,primary,yes,no,cellular,feb,665,,no,0
56,divorced,tertiary,yes,no,unknown,jun,184,,no,0
40,divorced,tertiary,yes,no,unknown,may,59,,no,0
54,married,secondary,no,no,unknown,jun,296,,no,0
63,married,secondary,no,no,cellular,apr,99,,no,0
45,married,primary,yes,no,unknown,jun,15,,no,0
45,married,primary,yes,no,cellular,apr,890,,no,0
43,married,tertiary,no,no,cellular,aug,151,,no,0
26,single,secondary,no,no,cellular,jan,268,,no,0
44,married,secondary,yes,no,unknown,may,199,,no,0
46,married,secondary,no,no,cellular,nov,202,,no,0
37,married,secondary,yes,no,cellular,jul,107,,no,0
24,single,tertiary,yes,no,unknown,jun,122,,no,0
82,married,unknown,no,no,telephone,apr,195,,no,0
33,single,secondary,yes,no,unknown,may,152,,no,0
47,married,tertiary,yes,yes,unknown,jun,179,,no,0
32,married,secondary,no,no,cellular,aug,94,,no,0
29,married,tertiary,yes,no,cellular,jul,87,,no,0
60,married,primary,yes,no,unknown,jun,142,,no,0
49,married,secondary,yes,no,cellular,apr,772,,yes,0
36,single,tertiary,yes,no,unknown,may,358,,no,0
36,married,secondary,yes,no,cellular,aug,64,,no,0
29,divorced,secondary,yes,no,unknown,may,194,,no,0
29,single,primary,no,no,cellular,jan,801,,yes,0
34,single,tertiary,yes,no,cellular,sep,99,135.0,no,1
57,divorced,primary,no,no,unknown,jun,404,,no,0
49,single,primary,yes,yes,cellular,jul,151,,no,0
42,married,tertiary,yes,no,unknown,jun,9,,no,0
51,married,unknown,yes,no,unknown,may,256,,no,0
52,married,primary,yes,no,cellular,aug,164,,no,0
50,married,tertiary,no,no,telephone,jul,1567,,no,0
50,married,secondary,yes,no,cellular,jul,119,,no,0
38,married,primary,yes,no,unknown,jun,179,,no,0
29,married,secondary,yes,no,unknown,jun,90,,no,0
31,married,tertiary,yes,yes,cellular,nov,141,123.0,no,1
47,married,tertiary,yes,no,cellular,mar,194,181.0,no,1
29,single,tertiary,no,no,cellular,aug,215,,yes,0
59,divorced,secondary,no,no,cellular,nov,488,,yes,0
48,married,secondary,no,no,cellular,feb,318,561.0,yes,1
47,married,secondary,no,no,cellular,aug,222,,no,0
35,married,primary,yes,no,cellular,may,135,370.0,no,1
38,married,primary,yes,no,cellular,nov,551,183.0,no,1
45,married,unknown,yes,no,cellular,feb,419,,no,0
42,married,tertiary,yes,no,cellular,may,272,,no,0
42,married,tertiary,yes,yes,cellular,may,682,347.0,yes,1
27,married,secondary,no,no,cellular,feb,108,195.0,no,1
53,married,tertiary,yes,no,telephone,jan,32,,no,0
60,married,tertiary,no,no,cellular,aug,921,,yes,0
27,single,primary,yes,yes,cellular,may,50,,no,0
57,married,tertiary,yes,no,cellular,jul,185,,no,0
27,single,secondary,no,yes,cellular,mar,162,179.0,no,1
36,divorced,secondary,no,yes,cellular,jul,687,,yes,0
31,single,secondary,yes,no,unknown,may,178,,no,0
38,single,primary,yes,no,unknown,may,656,,no,0
30,single,secondary,no,no,cellular,jun,189,204.0,no,1
32,married,tertiary,yes,no,cellular,jul,72,,no,0
51,married,tertiary,no,no,unknown,jun,42,,no,0
32,married,tertiary,yes,no,cellular,jul,50,,no,0
49,married,tertiary,no,no,cellular,nov,215,,no,0
60,married,tertiary,no,no,cellular,oct,294,270.0,yes,1
27,single,secondary,no,no,unknown,jul,650,,yes,0
32,married,secondary,yes,yes,cellular,jul,168,,no,0
59,married,primary,no,no,cellular,may,56,350.0,no,1
47,married,secondary,yes,no,cellular,oct,158,826.0,no,1
39,married,secondary,yes,no,cellular,may,566,370.0,no,1
46,married,primary,yes,no,cellular,may,278,,no,0
46,married,tertiary,yes,no,cellular,jun,295,,no,0
33,single,primary,yes,no,cellular,may,139,,no,0
68,married,tertiary,no,no,cellular,feb,279,181.0,yes,1
43,married,primary,yes,no,cellular,nov,434,,no,0
56,married,secondary,yes,no,cellular,may,68,,no,0
34,single,secondary,yes,no,unknown,may,164,,no,0
31,divorced,primary,yes,no,cellular,may,623,293.0,yes,1
37,married,secondary,yes,no,cellular,apr,536,,no,0
57,married,tertiary,yes,no,cellular,jul,96,,no,0
45,married,tertiary,yes,no,cellular,aug,425,190.0,no,1
35,married,primary,yes,no,unknown,may,71,,no,0
35,married,primary,yes,no,unknown,may,199,,no,0
33,single,tertiary,no,no,unknown,may,132,,no,0
37,married,primary,no,no,cellular,aug,315,,no,0
37,married,tertiary,yes,no,cellular,may,143,,no,0
35,divorced,secondary,no,no,cellular,jul,149,,no,0
32,single,secondary,no,no,cellular,may,148,,yes,0
37,divorced,secondary,yes,no,unknown,jun,326,,no,0
30,divorced,secondary,yes,no,cellular,aug,65,,no,0
33,married,tertiary,yes,no,cellular,apr,137,,no,0
51,divorced,tertiary,yes,no,cellular,jul,67,,no,0
33,married,secondary,yes,no,cellular,nov,380,,no,0
51,married,primary,no,no,unknown,jun,184,,no,0
25,single,primary,yes,no,unknown,jun,45,,no,0
53,married,tertiary,yes,no,unknown,may,103,,no,0
50,married,primary,yes,no,unknown,may,114,,no,0
39,married,secondary,yes,yes,cellular,apr,390,,no,0
37,married,secondary,yes,no,cellular,apr,115,,no,0
34,single,tertiary,yes,no,cellular,may,17,355.0,no,1
55,married,secondary,no,no,cellular,aug,183,,no,0
34,married,primary,yes,no,unknown,may,202,,no,0
51,married,tertiary,yes,yes,cellular,feb,160,243.0,yes,1
34,married,secondary,yes,no,unknown,may,621,,no,0
49,single,tertiary,yes,no,cellular,jan,281,269.0,no,1
41,married,secondary,no,no,cellular,apr,460,,yes,0
36,married,secondary,yes,no,cellular,jul,72,,no,0
55,married,tertiary,no,no,unknown,may,50,,no,0
30,married,secondary,yes,no,cellular,nov,473,,no,0
33,married,secondary,yes,no,cellular,jan,103,185.0,no,1
34,married,secondary,yes,no,unknown,may,62,,no,0
34,single,primary,no,no,unknown,may,136,,no,0
33,single,tertiary,yes,no,unknown,may,456,,no,0
33,single,secondary,no,no,cellular,nov,84,,no,0
37,married,secondary,yes,yes,cellular,aug,85,,no,0
39,married,secondary,yes,no,cellular,apr,237,,no,0
56,married,tertiary,yes,yes,cellular,aug,173,,no,0
46,married,secondary,yes,no,cellular,feb,346,180.0,no,1
54,single,secondary,yes,yes,unknown,jun,242,,no,0
32,married,secondary,yes,no,cellular,may,1237,361.0,no,1
35,divorced,secondary,yes,no,cellular,jul,154,,no,0
42,married,secondary,no,no,cellular,jul,250,415.0,yes,1
33,divorced,secondary,no,yes,cellular,nov,183,186.0,no,1
51,married,tertiary,no,no,unknown,may,183,,no,0
60,married,primary,no,yes,unknown,may,125,,no,0
34,married,secondary,yes,yes,unknown,may,405,,no,0
59,married,secondary,no,no,cellular,aug,142,,no,0
26,single,tertiary,yes,no,cellular,may,637,,yes,0
36,married,tertiary,yes,no,unknown,may,204,,no,0
37,single,secondary,no,no,cellular,may,121,,no,0
34,divorced,secondary,yes,no,unknown,may,320,,no,0
34,married,secondary,yes,no,unknown,may,252,,no,0
37,married,secondary,yes,no,cellular,may,179,,no,0
35,married,tertiary,yes,yes,cellular,feb,142,,no,0
37,married,tertiary,yes,no,cellular,jan,246,,no,0
44,single,secondary,yes,yes,cellular,may,164,,no,0
32,married,secondary,yes,no,cellular,jul,151,,no,0
45,married,secondary,no,yes,cellular,apr,358,,yes,0
34,married,tertiary,no,no,cellular,aug,78,,no,0
40,married,tertiary,yes,no,cellular,may,262,,no,0
39,married,primary,yes,no,cellular,may,299,,no,0
40,divorced,secondary,yes,no,cellular,may,327,280.0,no,1
52,married,secondary,yes,no,unknown,jun,175,,no,0
35,married,secondary,no,yes,cellular,may,382,,no,0
55,married,secondary,yes,yes,cellular,jun,106,91.0,no,1
41,married,primary,yes,no,cellular,may,104,365.0,no,1
26,single,secondary,yes,no,unknown,may,210,,no,0
44,divorced,secondary,yes,no,cellular,may,151,370.0,no,1
43,married,tertiary,no,yes,cellular,oct,124,,no,0
55,single,unknown,no,no,cellular,apr,117,,no,0
33,single,tertiary,yes,no,cellular,mar,201,,yes,0
38,divorced,secondary,no,yes,cellular,jul,126,,no,0
30,married,secondary,yes,no,cellular,nov,738,,no,0
56,married,tertiary,yes,no,unknown,may,381,,no,0
30,divorced,tertiary,yes,yes,cellular,may,984,343.0,yes,1
48,divorced,secondary,no,no,cellular,may,127,,no,0
33,married,tertiary,yes,no,cellular,may,92,,no,0
55,married,tertiary,yes,yes,unknown,may,135,,no,0
43,married,secondary,yes,no,unknown,may,222,,no,0
46,single,tertiary,yes,no,telephone,may,36,90.0,no,1
32,single,secondary,yes,yes,unknown,jun,67,,no,0
56,divorced,secondary,no,yes,cellular,jul,69,,no,0
53,divorced,secondary,yes,yes,cellular,apr,75,146.0,no,1
34,single,tertiary,yes,no,cellular,may,160,277.0,no,1
56,married,unknown,no,no,cellular,aug,179,,no,0
37,married,unknown,yes,no,cellular,may,343,,no,0
28,single,tertiary,no,no,cellular,apr,149,,yes,0
42,married,tertiary,no,no,cellular,aug,101,,no,0
32,single,secondary,yes,no,unknown,may,373,,no,0
41,married,primary,no,no,telephone,nov,159,,no,0
34,single,tertiary,no,no,cellular,may,93,,no,0
36,divorced,secondary,no,yes,cellular,feb,131,,no,0
48,married,secondary,yes,yes,cellular,may,275,,no,0
41,married,primary,no,no,cellular,jul,74,,no,0
27,single,tertiary,no,no,telephone,may,240,,no,0
39,single,tertiary,no,no,cellular,aug,135,,no,0
33,married,tertiary,no,no,cellular,apr,187,,no,0
50,married,secondary,yes,no,cellular,nov,69,190.0,no,1
51,married,secondary,yes,no,unknown,jun,123,,no,0
33,single,tertiary,yes,no,cellular,aug,68,,no,0
26,single,secondary,yes,no,unknown,may,436,,no,0
34,married,tertiary,yes,no,telephone,may,57,,no,0
40,married,tertiary,yes,no,unknown,jun,112,,no,0
37,married,tertiary,no,no,cellular,jan,128,,no,0
37,single,secondary,no,yes,cellular,feb,258,,no,0
52,single,tertiary,no,no,cellular,aug,733,,no,0
55,married,secondary,no,yes,cellular,jul,277,,no,0
42,married,secondary,no,no,cellular,may,125,104.0,no,1
23,single,secondary,yes,yes,unknown,may,163,,no,0
53,married,secondary,yes,no,unknown,may,96,,no,0
55,divorced,primary,no,no,cellular,jun,345,94.0,yes,1
35,single,primary,yes,no,unknown,may,34,,no,0
54,divorced,tertiary,yes,yes,cellular,jul,17,,no,0
31,married,secondary,yes,no,unknown,may,340,,no,0
42,married,tertiary,no,no,cellular,aug,92,,no,0
38,married,secondary,no,no,unknown,jun,174,,no,0
27,single,secondary,yes,no,unknown,may,282,,no,0
34,married,secondary,yes,no,cellular,may,78,,no,0
47,single,primary,no,no,cellular,nov,101,,no,0
29,married,primary,yes,no,unknown,jun,235,,no,0
56,married,primary,no,no,unknown,jun,84,,no,0
58,married,secondary,no,no,cellular,aug,105,,no,0
45,married,primary,no,no,telephone,jul,98,,no,0
38,single,secondary,no,no,cellular,mar,207,,yes,0
25,single,secondary,yes,no,unknown,may,66,,no,0
39,divorced,tertiary,no,no,unknown,jun,134,,no,0
46,divorced,secondary,yes,no,cellular,jan,83,258.0,no,1
34,married,tertiary,yes,no,cellular,apr,17,25.0,no,1
56,married,primary,no,no,cellular,aug,89,,no,0
54,married,secondary,no,no,cellular,aug,274,,no,0
37,married,secondary,yes,no,unknown,may,370,,no,0
54,divorced,secondary,no,no,cellular,jul,771,,no,0
30,divorced,secondary,yes,no,cellular,nov,89,175.0,no,1
37,divorced,secondary,no,no,unknown,jun,104,,no,0
23,single,secondary,yes,no,cellular,may,136,367.0,no,1
30,single,secondary,yes,yes,unknown,may,751,,yes,0
33,married,secondary,no,no,cellular,aug,72,,no,0
27,married,tertiary,yes,no,cellular,jul,337,,no,0
39,single,tertiary,no,no,cellular,nov,78,185.0,no,1
57,married,secondary,yes,no,unknown,may,255,,no,0
33,single,tertiary,yes,no,cellular,jul,71,,no,0
57,married,primary,no,no,cellular,mar,94,,no,0
46,married,secondary,no,no,cellular,aug,53,,no,0
49,divorced,secondary,no,no,cellular,nov,93,,no,0
45,married,tertiary,no,no,cellular,aug,117,,no,0
29,single,primary,no,no,cellular,nov,309,208.0,yes,1
43,divorced,secondary,yes,no,cellular,may,405,174.0,no,1
40,married,secondary,no,no,cellular,nov,177,85.0,no,1
55,married,secondary,yes,yes,unknown,may,178,,no,0
39,married,primary,yes,no,unknown,may,110,,no,0
34,married,primary,yes,no,unknown,jun,326,,no,0
31,married,primary,yes,no,cellular,may,36,,no,0
46,married,tertiary,no,no,cellular,aug,170,,no,0
32,single,secondary,yes,no,unknown,may,267,,no,0
25,single,secondary,yes,no,unknown,may,24,,no,0
36,married,tertiary,yes,no,cellular,jul,268,,no,0
37,married,primary,no,yes,telephone,jul,469,,no,0
43,divorced,secondary,no,no,cellular,jul,75,,no,0
40,married,tertiary,no,no,telephone,feb,1776,,yes,0
31,married,secondary,yes,yes,cellular,jan,89,241.0,no,1
47,married,secondary,yes,no,unknown,may,303,,no,0
27,single,tertiary,no,no,cellular,jun,74,120.0,yes,1
48,married,primary,no,no,cellular,aug,98,,no,0
57,divorced,primary,no,no,cellular,jan,208,,no,0
41,married,secondary,yes,no,cellular,jul,391,,no,0
35,married,tertiary,yes,yes,cellular,apr,220,183.0,no,1
30,single,secondary,yes,no,unknown,may,141,,no,0
48,single,secondary,yes,yes,unknown,jun,533,,no,0
29,single,tertiary,no,no,cellular,may,279,,no,0
35,married,unknown,yes,no,unknown,may,147,,no,0
31,married,secondary,yes,no,unknown,may,719,,yes,0
46,single,secondary,yes,no,cellular,may,85,,no,0
35,single,tertiary,no,yes,cellular,jan,162,205.0,no,1
38,single,tertiary,yes,no,unknown,jun,124,,no,0
55,married,unknown,yes,no,cellular,may,338,,yes,0
37,married,secondary,yes,no,telephone,jul,280,,no,0
30,married,tertiary,yes,no,unknown,jun,11,,no,0
38,single,secondary,yes,no,unknown,may,193,,no,0
23,single,secondary,yes,yes,unknown,may,280,,no,0
42,married,primary,yes,no,unknown,may,147,,no,0
37,married,tertiary,yes,no,cellular,nov,223,177.0,no,1
37,married,secondary,yes,no,unknown,may,251,,no,0
25,single,tertiary,yes,yes,unknown,may,738,,no,0
34,married,secondary,yes,no,cellular,apr,292,,no,0
39,single,unknown,no,no,unknown,jun,97,,no,0
46,married,secondary,no,no,unknown,jun,155,,no,0
50,married,tertiary,yes,no,cellular,jan,218,161.0,no,1
40,single,secondary,yes,no,unknown,may,203,,no,0
38,married,secondary,yes,no,cellular,nov,286,181.0,no,1
54,married,secondary,no,no,telephone,jul,1008,,yes,0
45,married,tertiary,no,no,cellular,nov,312,157.0,no,1
39,married,primary,no,no,unknown,jun,1151,,no,0
31,single,tertiary,no,no,cellular,jun,163,92.0,yes,1
36,divorced,secondary,no,no,cellular,aug,97,,no,0
42,single,secondary,yes,no,cellular,feb,198,244.0,no,1
32,single,secondary,yes,no,cellular,nov,195,,no,0
42,single,tertiary,no,no,cellular,nov,1662,,no,0
30,married,secondary,yes,no,unknown,may,465,,no,0
49,married,secondary,no,no,cellular,aug,105,,no,0
34,married,primary,yes,no,cellular,may,134,350.0,no,1
51,married,tertiary,no,no,cellular,aug,504,,no,0
48,married,secondary,no,no,cellular,jan,221,,no,0
35,single,secondary,yes,no,cellular,apr,9,,no,0
43,married,primary,yes,yes,unknown,may,192,,no,0
49,married,secondary,no,no,cellular,oct,260,91.0,no,1
35,married,secondary,yes,no,cellular,feb,115,245.0,no,1
42,married,tertiary,yes,no,unknown,jun,57,,no,0
52,married,unknown,no,no,cellular,aug,164,,no,0
49,married,secondary,yes,yes,cellular,may,22,,no,0
50,married,secondary,no,no,cellular,jul,106,,no,0
59,married,primary,no,no,cellular,aug,288,,no,0
25,single,tertiary,yes,yes,cellular,jul,425,,no,0
46,married,primary,no,no,cellular,jan,200,,no,0
40,single,primary,yes,no,cellular,apr,8,315.0,no,1
51,married,secondary,yes,no,cellular,jul,128,,no,0
49,single,secondary,no,no,cellular,may,149,,no,0
37,married,secondary,no,yes,cellular,aug,155,,no,0
24,single,secondary,no,no,cellular,mar,411,,yes,0
59,married,tertiary,no,no,cellular,may,431,,yes,0
52,married,primary,no,no,unknown,jun,96,,no,0
26,married,secondary,yes,no,cellular,jul,117,,no,0
28,married,tertiary,yes,no,cellular,jul,602,,no,0
36,single,secondary,yes,yes,cellular,may,270,347.0,no,1
48,married,secondary,no,yes,cellular,jul,52,,no,0
35,single,tertiary,no,no,cellular,aug,141,,no,0
47,married,secondary,yes,no,cellular,jul,289,,no,0
44,married,secondary,no,no,cellular,mar,57,,no,0
39,married,secondary,yes,no,cellular,may,113,,no,0
48,married,secondary,no,no,cellular,aug,136,,no,0
53,divorced,secondary,no,yes,unknown,jun,452,,no,0
39,single,tertiary,no,no,cellular,jun,160,,yes,0
52,married,primary,yes,no,unknown,may,212,,no,0
21,single,secondary,no,no,cellular,may,156,99.0,no,1
46,single,secondary,yes,no,cellular,jun,65,96.0,no,1
40,married,tertiary,yes,no,unknown,may,292,,no,0
42,divorced,secondary,yes,no,unknown,may,150,,no,0
28,single,secondary,yes,no,cellular,jul,68,,no,0
39,married,secondary,no,no,unknown,jun,140,,no,0
41,married,tertiary,no,no,cellular,aug,428,,yes,0
39,married,secondary,yes,no,cellular,may,279,370.0,no,1
32,single,tertiary,yes,no,cellular,may,618,,yes,0
53,married,secondary,yes,no,cellular,jul,799,,no,0
34,married,secondary,yes,no,cellular,jul,143,,no,0
31,married,secondary,yes,no,cellular,aug,515,,no,0
37,married,tertiary,no,no,cellular,feb,262,274.0,no,1
32,married,tertiary,no,no,cellular,aug,271,,no,0
53,married,secondary,yes,no,cellular,jul,81,,no,0
64,married,secondary,no,no,cellular,aug,68,,no,0
31,single,tertiary,yes,no,unknown,may,943,,yes,0
35,single,secondary,yes,no,unknown,jun,43,,no,0
64,married,tertiary,no,no,cellular,aug,479,,yes,0
68,divorced,primary,no,no,cellular,jun,619,92.0,yes,1
69,married,secondary,no,no,cellular,sep,925,187.0,no,1
38,married,primary,yes,no,unknown,may,201,,no,0
32,single,tertiary,no,no,cellular,apr,232,348.0,yes,1
48,married,primary,yes,no,unknown,may,198,,no,0
39,divorced,secondary,no,no,cellular,aug,1028,,no,0
48,married,secondary,no,no,cellular,aug,238,,no,0
45,married,secondary,yes,no,cellular,feb,122,,no,0
58,married,secondary,no,no,unknown,jun,141,,no,0
49,married,secondary,yes,no,cellular,jul,28,,no,0
27,divorced,secondary,no,yes,cellular,jul,227,,no,0
42,married,primary,yes,no,cellular,jul,112,,no,0
27,single,secondary,yes,no,cellular,may,165,,no,0
29,single,secondary,yes,no,cellular,apr,218,340.0,no,1
34,single,tertiary,yes,no,cellular,jul,198,,no,0
39,single,tertiary,yes,no,cellular,feb,251,242.0,no,1
61,married,secondary,no,no,cellular,oct,154,181.0,no,1
23,single,secondary,no,no,cellular,aug,162,,no,0
54,married,tertiary,no,no,unknown,jun,222,,no,0
47,divorced,secondary,yes,no,cellular,may,299,,no,0
26,single,tertiary,yes,no,unknown,may,108,,no,0
44,married,secondary,yes,yes,cellular,may,158,350.0,no,1
49,married,secondary,yes,no,cellular,may,272,293.0,no,1
42,married,unknown,no,yes,cellular,nov,45,,no,0
47,married,tertiary,no,yes,cellular,nov,89,97.0,yes,1
29,single,tertiary,no,no,cellular,jul,273,433.0,yes,1
26,married,secondary,no,no,cellular,jul,139,,no,0
30,married,tertiary,no,no,cellular,aug,199,,no,0
55,married,secondary,no,no,cellular,aug,99,,no,0
62,married,secondary,no,no,telephone,apr,155,,no,0
26,single,secondary,no,no,cellular,jul,9,,no,0
27,married,secondary,yes,no,unknown,may,352,,no,0
62,married,secondary,no,no,cellular,apr,147,188.0,no,1
32,married,tertiary,no,no,cellular,aug,93,104.0,no,1
30,divorced,primary,yes,no,cellular,may,18,,no,0
51,married,tertiary,no,no,cellular,may,414,,no,0
57,married,unknown,no,no,cellular,jan,126,,no,0
36,single,secondary,yes,no,cellular,jul,77,,no,0
50,divorced,secondary,no,no,cellular,feb,184,,no,0
36,married,tertiary,yes,no,cellular,nov,116,154.0,no,1
31,single,tertiary,no,no,cellular,aug,63,,no,0
41,married,secondary,no,no,cellular,aug,327,,no,0
32,married,secondary,yes,no,cellular,jul,229,,no,0
69,divorced,secondary,no,no,cellular,jan,185,92.0,no,1
50,married,secondary,yes,no,cellular,aug,203,,no,0
26,married,tertiary,yes,yes,unknown,may,28,,no,0
52,married,secondary,yes,no,unknown,may,74,,no,0
52,married,secondary,yes,yes,cellular,may,108,,no,0
46,married,tertiary,yes,yes,cellular,nov,106,,no,0
39,married,tertiary,no,no,unknown,jun,77,,no,0
38,married,unknown,no,no,cellular,mar,261,,yes,0
40,married,secondary,yes,no,unknown,may,127,,no,0
51,divorced,tertiary,yes,no,cellular,jul,177,,no,0
44,married,tertiary,no,no,telephone,nov,274,,no,0
27,single,primary,no,yes,cellular,jul,447,,no,0
49,divorced,tertiary,no,no,cellular,aug,165,,no,0
58,married,secondary,yes,no,unknown,may,348,,no,0
40,married,secondary,yes,no,cellular,apr,74,256.0,no,1
40,married,secondary,yes,yes,unknown,may,257,,no,0
41,married,secondary,no,no,cellular,jul,140,,no,0
39,single,tertiary,no,no,unknown,jun,44,,no,0
21,single,secondary,no,no,cellular,aug,197,,no,0
41,divorced,tertiary,no,no,unknown,may,57,,no,0
55,married,secondary,yes,no,unknown,jun,69,,no,0
21,single,unknown,no,no,cellular,may,131,,yes,0
60,married,secondary,no,no,cellular,dec,190,188.0,yes,1
36,divorced,secondary,yes,no,unknown,may,152,,no,0
64,married,secondary,no,no,telephone,jul,301,,yes,0
58,married,tertiary,no,no,cellular,aug,58,,no,0
37,married,secondary,yes,no,cellular,nov,51,,no,0
48,married,primary,yes,no,unknown,jun,257,,no,0
54,divorced,tertiary,yes,no,cellular,nov,257,,no,0
27,single,secondary,yes,no,unknown,may,733,,yes,0
37,married,secondary,yes,no,cellular,may,68,363.0,no,1
53,divorced,primary,yes,no,unknown,may,175,,no,0
37,single,secondary,yes,no,cellular,jul,300,,no,0
27,divorced,secondary,yes,no,cellular,jul,116,,no,0
53,married,tertiary,no,yes,cellular,nov,59,,no,0
31,single,secondary,yes,no,unknown,jun,329,,no,0
46,married,secondary,no,no,unknown,jun,252,,no,0
33,single,tertiary,no,no,cellular,jan,233,,no,0
31,single,tertiary,no,no,unknown,may,206,,no,0
31,single,tertiary,no,no,cellular,nov,86,,no,0
30,married,tertiary,no,no,cellular,aug,976,,yes,0
43,married,secondary,yes,yes,unknown,may,226,,no,0
26,single,secondary,yes,no,unknown,may,302,,no,0
36,married,tertiary,no,no,cellular,jul,106,,no,0
36,married,tertiary,no,no,unknown,jun,11,,no,0
33,single,primary,no,no,telephone,jul,83,,no,0
55,married,secondary,yes,yes,cellular,apr,124,150.0,no,1
45,divorced,tertiary,no,no,cellular,jul,365,,yes,0
54,married,secondary,yes,no,cellular,jul,448,,no,0
43,single,tertiary,no,no,cellular,aug,73,,no,0
31,single,primary,yes,yes,cellular,nov,470,,no,0
43,single,secondary,yes,no,cellular,jul,62,,no,0
44,single,tertiary,yes,no,cellular,apr,1232,146.0,yes,1
46,divorced,tertiary,yes,no,cellular,may,118,374.0,no,1
34,single,secondary,no,no,unknown,jun,247,,no,0
31,single,tertiary,no,no,cellular,aug,117,,no,0
52,married,primary,yes,no,unknown,may,560,,no,0
40,married,tertiary,no,no,cellular,aug,737,,yes,0
40,divorced,tertiary,yes,no,telephone,may,330,,no,0
39,married,tertiary,yes,no,cellular,sep,157,486.0,no,1
33,divorced,tertiary,yes,yes,cellular,may,163,350.0,no,1
34,married,secondary,yes,no,cellular,may,208,365.0,no,1
32,married,tertiary,no,no,unknown,may,280,,no,0
36,single,secondary,no,no,unknown,jun,355,,no,0
38,single,secondary,yes,no,unknown,may,185,,no,0
35,married,secondary,no,no,unknown,jun,25,,no,0
38,married,tertiary,yes,no,cellular,may,17,,no,0
29,single,secondary,yes,no,unknown,may,208,,no,0
39,single,tertiary,no,no,cellular,feb,543,189.0,yes,1
37,married,secondary,no,no,telephone,nov,217,,no,0
32,married,secondary,yes,no,cellular,jul,76,,no,0
47,married,secondary,yes,no,cellular,aug,99,,no,0
34,married,tertiary,no,no,cellular,apr,113,37.0,no,1
31,single,tertiary,no,no,cellular,nov,597,,no,0
39,married,secondary,yes,no,cellular,nov,96,182.0,no,1
30,single,secondary,no,no,cellular,apr,90,,no,0
31,single,secondary,yes,no,cellular,may,415,360.0,no,1
59,married,secondary,no,no,cellular,aug,108,,no,0
30,married,tertiary,yes,no,cellular,jul,67,,no,0
51,divorced,secondary,yes,no,unknown,may,59,,no,0
44,married,tertiary,yes,no,cellular,jul,72,,no,0
35,single,secondary,yes,no,cellular,may,195,301.0,no,1
40,married,primary,yes,no,unknown,may,298,,no,0
52,divorced,secondary,no,no,cellular,nov,77,,no,0
41,married,secondary,yes,no,unknown,may,121,,no,0
32,married,primary,no,no,unknown,jun,389,,no,0
31,married,secondary,no,no,cellular,feb,119,175.0,no,1
32,single,primary,yes,yes,cellular,may,305,,no,0
42,married,secondary,yes,yes,unknown,may,363,,no,0
53,married,secondary,no,no,cellular,feb,20,,no,0
35,single,tertiary,no,no,cellular,aug,135,,no,0
57,married,tertiary,yes,yes,unknown,jun,512,,no,0
48,married,primary,no,yes,cellular,aug,90,,no,0
54,divorced,secondary,yes,no,cellular,jul,197,,no,0
41,married,secondary,yes,no,cellular,jul,40,,no,0
32,single,tertiary,yes,no,cellular,may,213,264.0,no,1
36,married,tertiary,yes,no,unknown,may,475,,no,0
58,married,secondary,no,no,cellular,aug,251,,no,0
38,divorced,primary,yes,yes,unknown,may,118,,no,0
37,married,tertiary,no,no,unknown,jun,227,,no,0
36,married,tertiary,yes,yes,cellular,jul,1269,,no,0
22,single,secondary,yes,no,unknown,may,123,,no,0
35,single,secondary,yes,no,cellular,may,371,305.0,no,1
31,married,secondary,no,no,cellular,aug,79,,no,0
32,divorced,primary,yes,no,unknown,may,17,,no,0
29,single,tertiary,no,no,cellular,mar,175,,yes,0
40,married,secondary,no,no,telephone,oct,19,,no,0
30,married,primary,yes,yes,cellular,may,305,294.0,no,1
54,married,secondary,no,yes,cellular,nov,61,145.0,no,1
30,single,secondary,no,no,cellular,jan,808,,yes,0
49,married,primary,no,no,cellular,jul,128,,no,0
50,married,primary,no,yes,telephone,jul,160,,no,0
60,married,tertiary,no,yes,unknown,jun,264,,no,0
39,divorced,secondary,no,no,unknown,may,121,,no,0
31,single,tertiary,yes,yes,cellular,jul,82,,no,0
35,married,secondary,no,yes,unknown,jun,50,,no,0
35,married,unknown,no,no,unknown,jun,495,,no,0
33,married,secondary,yes,no,cellular,may,37,,no,0
56,married,primary,no,no,telephone,jul,31,,no,0
41,married,tertiary,yes,no,cellular,jul,783,,no,0
59,married,tertiary,no,no,telephone,aug,91,,no,0
39,married,secondary,yes,no,cellular,nov,139,92.0,no,1
41,married,unknown,no,yes,cellular,jul,210,,no,0
23,single,secondary,yes,no,unknown,may,139,,no,0
82,divorced,unknown,no,no,telephone,sep,277,,no,0
35,married,secondary,yes,no,cellular,jul,395,,no,0
29,single,tertiary,yes,no,unknown,may,496,,no,0
47,married,tertiary,no,no,cellular,aug,488,,no,0
38,married,secondary,no,no,unknown,jun,72,,no,0
36,married,secondary,yes,no,telephone,nov,29,,no,0
60,married,primary,no,no,telephone,apr,102,,no,0
58,single,secondary,no,yes,cellular,jul,643,,no,0
38,divorced,secondary,yes,no,cellular,feb,197,274.0,no,1
44,married,primary,yes,yes,unknown,may,181,,no,0
32,married,secondary,yes,no,unknown,may,665,,no,0
56,married,primary,no,no,telephone,oct,99,102.0,no,1
34,married,tertiary,no,no,cellular,aug,197,,no,0
36,married,primary,yes,no,cellular,may,774,301.0,yes,1
50,married,primary,no,no,cellular,aug,101,,no,0
38,married,tertiary,yes,no,telephone,nov,25,,no,0
37,single,secondary,no,yes,unknown,jun,64,,no,0
28,single,secondary,yes,no,cellular,may,158,350.0,no,1
51,married,tertiary,yes,yes,cellular,nov,191,189.0,no,1
43,married,tertiary,no,no,cellular,aug,254,,yes,0
27,single,secondary,no,no,cellular,may,242,,yes,0
69,married,secondary,no,no,cellular,oct,1580,,no,0
47,married,secondary,no,no,cellular,jul,415,342.0,yes,1
81,divorced,primary,no,no,cellular,aug,163,,no,0
43,married,tertiary,yes,no,unknown,may,386,,no,0
30,married,secondary,no,yes,unknown,may,50,,no,0
36,single,primary,no,yes,unknown,jun,168,,no,0
61,single,tertiary,no,no,cellular,aug,131,114.0,yes,1
63,married,secondary,no,no,cellular,oct,143,,no,0
45,married,primary,yes,no,telephone,jul,90,,no,0
27,single,tertiary,yes,no,cellular,jul,764,,yes,0
54,married,primary,no,no,cellular,aug,387,,no,0
58,married,primary,no,no,cellular,jun,295,287.0,yes,1
55,divorced,tertiary,no,no,cellular,aug,309,,yes,0
44,married,tertiary,yes,no,cellular,jul,292,251.0,no,1
65,married,primary,no,no,cellular,oct,371,,yes,0
40,married,tertiary,yes,no,cellular,apr,101,,no,0
29,single,secondary,no,no,cellular,feb,110,,no,0
39,married,primary,yes,no,cellular,may,182,366.0,no,1
40,single,primary,no,no,unknown,jun,18,,no,0
35,married,secondary,no,no,cellular,jul,339,,no,0
23,single,secondary,no,no,cellular,nov,242,85.0,no,1
43,married,primary,no,no,cellular,aug,448,,no,0
33,single,tertiary,yes,no,unknown,may,364,,no,0
45,single,secondary,yes,no,cellular,aug,142,,no,0
44,married,primary,no,no,cellular,jan,229,,no,0
37,married,secondary,yes,no,cellular,jul,906,,no,0
73,married,secondary,no,no,cellular,apr,184,185.0,no,1
31,single,tertiary,no,yes,cellular,feb,401,8.0,no,1
32,single,primary,no,yes,cellular,nov,418,,no,0
54,married,secondary,no,no,cellular,aug,81,,no,0
42,single,secondary,yes,no,unknown,may,275,,no,0
78,married,primary,no,no,telephone,may,97,,no,0
43,married,tertiary,yes,yes,cellular,jul,228,,no,0
36,married,tertiary,no,no,unknown,may,121,,no,0
39,divorced,secondary,no,no,cellular,sep,574,,yes,0
46,married,secondary,yes,yes,telephone,feb,86,259.0,no,1
50,married,secondary,yes,no,cellular,aug,226,,no,0
57,married,secondary,yes,no,cellular,jul,143,,no,0
29,single,secondary,yes,no,cellular,apr,88,,no,0
21,single,primary,no,no,telephone,jan,287,285.0,yes,1
50,single,secondary,yes,no,unknown,may,187,,no,0
27,married,secondary,yes,yes,unknown,may,857,,yes,0
41,married,primary,yes,no,unknown,may,590,,no,0
35,single,tertiary,no,no,cellular,aug,81,,no,0
42,married,tertiary,yes,yes,unknown,may,162,,no,0
50,married,secondary,no,no,unknown,jun,882,,yes,0
55,married,primary,no,no,telephone,jul,106,,no,0
31,single,secondary,no,no,cellular,aug,6,,no,0
37,married,secondary,yes,no,unknown,may,96,,no,0
58,married,tertiary,no,yes,cellular,jul,207,,no,0
35,married,primary,yes,no,unknown,may,173,,no,0
47,single,secondary,no,no,cellular,jul,397,,no,0
37,married,secondary,yes,no,cellular,apr,921,263.0,no,1
39,single,secondary,yes,yes,cellular,feb,14,,no,0
55,married,tertiary,no,no,cellular,nov,252,,no,0
63,divorced,primary,no,no,cellular,mar,71,,no,0
35,married,secondary,yes,no,cellular,jul,287,415.0,yes,1
47,married,tertiary,no,no,cellular,aug,71,,no,0
33,married,tertiary,no,no,cellular,aug,1258,,yes,0
36,single,tertiary,no,no,cellular,aug,111,,no,0
41,married,unknown,yes,no,unknown,may,142,,no,0
34,married,secondary,yes,yes,unknown,may,150,,no,0
35,single,secondary,yes,no,cellular,may,148,362.0,no,1
48,married,secondary,no,no,cellular,jul,240,,no,0
36,divorced,tertiary,yes,no,cellular,jul,182,,no,0
33,married,primary,yes,yes,cellular,may,253,,no,0
42,married,tertiary,yes,no,cellular,jul,133,,no,0
45,married,secondary,no,no,cellular,jul,129,,no,0
40,divorced,tertiary,no,no,cellular,jul,357,,no,0
32,married,secondary,yes,yes,cellular,may,251,,no,0
34,divorced,secondary,no,no,cellular,nov,108,,no,0
34,married,tertiary,yes,no,cellular,aug,126,,no,0
36,single,secondary,no,no,cellular,jan,632,228.0,no,1
58,married,tertiary,no,no,unknown,jun,22,,no,0
30,married,secondary,yes,no,cellular,may,129,359.0,no,1
44,married,secondary,yes,no,unknown,jun,120,,no,0
50,married,secondary,yes,yes,unknown,may,860,,no,0
51,married,secondary,no,yes,cellular,jul,217,,no,0
23,single,secondary,yes,no,unknown,may,229,,no,0
47,divorced,secondary,no,yes,unknown,jul,104,,no,0
33,married,tertiary,no,no,unknown,jun,141,,no,0
24,single,secondary,yes,no,unknown,may,125,,no,0
44,divorced,tertiary,yes,no,unknown,may,333,,no,0
50,married,secondary,yes,yes,cellular,jul,73,,no,0
36,divorced,secondary,no,no,unknown,jun,152,,no,0
35,single,tertiary,no,no,cellular,jan,91,,no,0
50,married,secondary,yes,yes,unknown,may,234,,no,0
56,divorced,secondary,no,yes,cellular,jul,240,,no,0
38,married,tertiary,yes,no,cellular,apr,90,,no,0
37,married,primary,no,yes,telephone,jul,265,,no,0
37,married,secondary,yes,no,unknown,may,250,,no,0
33,married,secondary,yes,yes,unknown,may,231,,no,0
55,divorced,tertiary,no,no,cellular,jul,156,,no,0
26,single,secondary,yes,no,unknown,may,576,,yes,0
37,single,tertiary,no,no,cellular,apr,294,,no,0
30,single,tertiary,no,no,cellular,apr,162,,no,0
32,single,tertiary,no,no,cellular,aug,114,,no,0
51,married,primary,yes,yes,cellular,feb,69,,no,0
35,single,secondary,yes,no,unknown,may,520,,no,0
59,divorced,secondary,no,no,cellular,feb,117,,no,0
39,married,secondary,no,no,cellular,jul,551,,no,0
48,single,secondary,no,no,cellular,aug,97,,no,0
26,single,tertiary,no,no,telephone,feb,371,,no,0
56,married,tertiary,no,no,cellular,nov,305,,no,0
29,single,tertiary,yes,yes,cellular,may,827,329.0,no,1
39,married,secondary,yes,yes,unknown,jun,193,,no,0
71,married,secondary,no,no,telephone,jun,80,71.0,no,1
29,single,tertiary,no,no,cellular,apr,196,86.0,no,1
49,married,primary,no,no,unknown,may,59,,no,0
47,married,primary,yes,no,unknown,may,374,,no,0
40,married,secondary,yes,no,unknown,may,1252,,yes,0
31,married,secondary,yes,no,cellular,may,236,,no,0
35,married,tertiary,no,no,cellular,aug,286,,no,0
28,single,tertiary,yes,no,unknown,jun,204,,no,0
75,married,primary,no,no,cellular,sep,532,188.0,yes,1
31,married,secondary,yes,no,unknown,may,192,,no,0
38,married,unknown,yes,no,cellular,may,437,351.0,no,1
46,married,secondary,yes,yes,unknown,may,236,,no,0
41,married,primary,yes,no,cellular,apr,370,282.0,no,1
37,divorced,tertiary,yes,yes,cellular,nov,134,,no,0
38,divorced,secondary,no,no,cellular,jan,164,92.0,yes,1
33,single,secondary,yes,no,cellular,may,179,374.0,no,1
39,divorced,primary,yes,no,cellular,nov,56,,no,0
35,married,secondary,no,no,cellular,mar,237,,yes,0
38,married,tertiary,yes,no,cellular,apr,444,,no,0
47,married,primary,yes,no,unknown,jun,754,,no,0
27,single,secondary,no,no,cellular,feb,352,216.0,no,1
37,single,primary,yes,no,telephone,may,66,356.0,no,1
44,married,secondary,no,no,cellular,feb,105,,no,0
28,married,secondary,yes,no,cellular,may,196,,no,0
43,divorced,tertiary,yes,yes,unknown,may,254,,no,0
53,married,primary,no,no,cellular,jul,817,209.0,yes,1
32,married,primary,yes,no,cellular,may,391,,no,0
57,divorced,secondary,yes,no,unknown,may,71,,no,0
47,married,tertiary,no,no,telephone,jul,141,,no,0
59,divorced,secondary,no,yes,cellular,aug,108,,no,0
45,married,secondary,yes,no,cellular,nov,141,,no,0
55,divorced,primary,no,no,unknown,jun,655,,no,0
44,married,secondary,yes,no,unknown,jun,23,,no,0
36,married,secondary,yes,no,cellular,mar,498,179.0,yes,1
40,divorced,secondary,no,no,cellular,jul,63,,no,0
52,married,secondary,yes,yes,cellular,nov,89,,no,0
29,married,secondary,no,no,cellular,jul,126,,no,0
47,married,secondary,yes,no,cellular,may,166,285.0,no,1
58,married,tertiary,yes,no,cellular,aug,124,,no,0
33,single,tertiary,yes,no,cellular,feb,72,,no,0
25,married,secondary,yes,no,unknown,may,859,,no,0
59,married,primary,yes,no,unknown,may,55,,no,0
37,single,tertiary,yes,no,cellular,apr,114,152.0,no,1
57,divorced,secondary,no,no,cellular,aug,480,,yes,0
32,married,secondary,yes,no,cellular,may,451,,no,0
35,married,secondary,yes,yes,unknown,may,1343,,yes,0
36,single,secondary,yes,no,cellular,may,194,,no,0
42,married,unknown,yes,no,telephone,jul,329,,no,0
51,married,primary,no,no,telephone,mar,450,181.0,yes,1
31,divorced,tertiary,yes,no,unknown,may,206,,no,0
57,divorced,secondary,yes,no,cellular,nov,68,,no,0
48,single,unknown,no,no,cellular,sep,1440,458.0,yes,1
56,married,secondary,no,yes,cellular,jul,77,,no,0
47,married,secondary,yes,no,unknown,may,42,,no,0
62,married,tertiary,no,no,cellular,aug,185,,yes,0
40,married,tertiary,yes,no,cellular,jul,1720,,no,0
41,married,tertiary,yes,no,cellular,may,101,291.0,no,1
32,married,unknown,yes,no,unknown,may,523,,no,0
47,married,primary,yes,no,telephone,jul,102,,no,0
49,married,secondary,no,yes,telephone,jul,317,,no,0
36,married,tertiary,yes,yes,unknown,may,426,,no,0
55,divorced,secondary,no,no,cellular,oct,467,184.0,yes,1
37,married,secondary,yes,no,cellular,nov,1210,171.0,yes,1
50,married,unknown,no,no,cellular,aug,307,,no,0
38,divorced,secondary,yes,no,cellular,aug,108,102.0,no,1
28,single,secondary,no,yes,cellular,jul,140,,no,0
41,single,secondary,no,no,cellular,jan,125,,no,0
42,married,unknown,yes,no,unknown,may,107,,no,0
58,divorced,tertiary,no,no,cellular,aug,231,,no,0
32,married,secondary,yes,no,unknown,may,202,,no,0
30,married,tertiary,yes,no,cellular,mar,172,,no,0
42,divorced,secondary,yes,no,cellular,apr,136,,no,0
35,married,secondary,yes,no,unknown,jul,197,,no,0
41,married,secondary,no,no,cellular,aug,113,,no,0
43,divorced,tertiary,yes,no,unknown,may,123,,no,0
53,married,tertiary,yes,no,unknown,may,48,,no,0
75,married,primary,no,no,telephone,aug,195,,no,0
35,married,tertiary,yes,no,cellular,nov,72,,no,0
38,married,tertiary,yes,no,cellular,jul,62,,no,0
58,married,secondary,no,no,cellular,jul,206,,no,0
32,single,tertiary,yes,yes,unknown,jun,450,,no,0
55,single,tertiary,yes,no,unknown,may,693,,no,0
32,single,secondary,yes,no,unknown,may,48,,no,0
33,divorced,secondary,yes,no,cellular,may,177,,no,0
64,married,primary,no,no,telephone,aug,67,,no,0
57,married,tertiary,no,no,cellular,jul,449,,no,0
42,single,unknown,yes,no,cellular,may,10,354.0,no,1
56,married,secondary,no,no,cellular,aug,17,,no,0
39,single,secondary,yes,no,unknown,may,342,,no,0
36,married,tertiary,yes,no,cellular,may,167,299.0,no,1
48,married,secondary,yes,no,telephone,apr,70,,no,0
30,single,primary,no,yes,cellular,feb,316,,no,0
37,married,tertiary,yes,no,cellular,nov,77,,no,0
37,single,tertiary,yes,no,cellular,may,358,260.0,no,1
46,divorced,secondary,yes,yes,cellular,jan,305,,no,0
50,married,secondary,yes,no,cellular,jul,115,,no,0
42,single,primary,yes,no,cellular,may,174,,no,0
54,married,tertiary,no,no,cellular,jul,250,,no,0
29,single,tertiary,no,no,unknown,jul,143,,no,0
32,single,secondary,yes,no,cellular,feb,71,,no,0
35,married,secondary,yes,no,cellular,apr,182,292.0,no,1
58,married,secondary,no,no,cellular,aug,235,,no,0
50,married,primary,yes,no,cellular,nov,615,34.0,yes,1
48,married,tertiary,no,no,cellular,aug,58,,no,0
34,divorced,tertiary,yes,no,cellular,may,378,,no,0
56,married,tertiary,no,no,cellular,aug,124,,no,0
43,married,primary,yes,no,unknown,may,102,,no,0
50,married,tertiary,yes,no,unknown,may,150,,no,0
38,married,secondary,no,no,cellular,sep,387,,yes,0
36,divorced,secondary,yes,no,cellular,jul,354,,no,0
53,married,primary,yes,yes,cellular,feb,195,251.0,no,1
51,married,secondary,no,yes,cellular,nov,365,,no,0
53,divorced,secondary,no,yes,telephone,dec,119,,yes,0
23,single,primary,yes,no,unknown,may,395,,yes,0
30,married,secondary,yes,no,cellular,nov,566,,yes,0
37,divorced,tertiary,yes,no,cellular,apr,240,,no,0
46,divorced,secondary,no,yes,telephone,oct,270,,yes,0
41,divorced,secondary,yes,no,cellular,nov,103,,no,0
33,married,tertiary,no,no,cellular,aug,1109,,yes,0
37,married,secondary,no,no,cellular,aug,154,,no,0
54,married,tertiary,no,yes,cellular,jan,242,184.0,no,1
45,married,secondary,yes,no,cellular,nov,283,,yes,0
46,married,tertiary,no,no,cellular,sep,56,,no,0
57,divorced,secondary,no,yes,cellular,jul,165,,no,0
40,married,primary,no,no,cellular,jul,264,,no,0
27,married,secondary,yes,no,unknown,may,243,,no,0
78,married,unknown,no,no,telephone,oct,1002,,yes,0
33,married,tertiary,no,no,cellular,aug,82,,no,0
46,married,primary,no,yes,telephone,feb,436,,yes,0
48,married,primary,yes,yes,unknown,may,145,,no,0
32,married,secondary,no,no,cellular,aug,50,,no,0
50,married,tertiary,yes,no,cellular,apr,6,,no,0
31,single,tertiary,no,no,cellular,feb,73,,no,0
32,married,tertiary,no,no,cellular,aug,232,,yes,0
45,married,secondary,no,no,unknown,jun,126,,no,0
26,single,secondary,no,no,cellular,jan,706,,no,0
70,married,primary,no,no,cellular,oct,692,,no,0
52,married,secondary,yes,no,cellular,feb,180,200.0,no,1
30,married,secondary,no,no,cellular,aug,105,,no,0
35,single,secondary,no,no,cellular,aug,519,,yes,0
56,married,secondary,yes,yes,cellular,feb,15,190.0,no,1
32,married,secondary,yes,no,cellular,nov,500,133.0,yes,1
52,divorced,tertiary,no,no,cellular,jun,210,,yes,0
34,married,secondary,yes,no,cellular,nov,248,,no,0
26,married,secondary,yes,no,unknown,may,16,,no,0
25,single,tertiary,no,no,cellular,apr,458,,yes,0
37,divorced,secondary,yes,no,cellular,may,182,,no,0
33,married,tertiary,no,no,cellular,nov,107,105.0,no,1
36,single,secondary,no,no,unknown,nov,71,378.0,yes,1
27,single,secondary,no,no,cellular,feb,590,,no,0
42,married,primary,yes,no,unknown,may,214,,no,0
31,single,tertiary,no,no,cellular,sep,365,94.0,yes,1
60,single,secondary,no,no,cellular,aug,40,,no,0
39,divorced,tertiary,no,yes,cellular,jul,85,,no,0
29,single,secondary,yes,no,cellular,may,174,361.0,no,1
42,married,secondary,yes,no,unknown,may,166,,no,0
30,single,tertiary,yes,no,unknown,jun,124,,no,0
30,single,secondary,yes,yes,unknown,may,141,,no,0
35,married,tertiary,no,no,cellular,jul,179,,no,0
32,divorced,primary,yes,no,unknown,may,204,,no,0
39,divorced,secondary,yes,no,unknown,jun,10,,no,0
50,married,secondary,yes,no,unknown,may,31,,no,0
44,divorced,secondary,yes,no,unknown,may,429,,no,0
35,single,tertiary,no,no,cellular,jul,167,,no,0
48,single,tertiary,no,no,cellular,aug,320,,no,0
50,married,secondary,yes,no,unknown,may,92,,no,0
38,single,secondary,no,yes,cellular,nov,166,,no,0
29,single,secondary,no,no,cellular,mar,217,184.0,no,1
34,single,secondary,yes,no,unknown,may,39,,no,0
38,married,secondary,no,no,cellular,aug,48,,no,0
33,single,tertiary,yes,no,cellular,may,91,356.0,no,1
51,married,secondary,no,no,cellular,nov,173,,no,0
35,married,secondary,yes,no,cellular,jan,331,,no,0
41,married,secondary,yes,no,unknown,may,154,,no,0
50,married,secondary,yes,no,cellular,may,245,366.0,no,1
57,divorced,tertiary,no,no,cellular,jan,456,197.0,no,1
37,divorced,secondary,yes,no,cellular,may,297,,no,0
28,single,tertiary,yes,no,cellular,jan,228,262.0,no,1
23,single,primary,yes,yes,unknown,may,115,,no,0
25,single,secondary,no,no,cellular,jun,1207,385.0,yes,1
38,married,primary,yes,no,telephone,may,689,,yes,0
25,single,secondary,yes,no,unknown,may,244,,no,0
55,married,primary,yes,no,telephone,may,15,348.0,no,1
36,single,tertiary,yes,yes,cellular,jul,102,,no,0
59,married,primary,no,no,cellular,jun,123,,no,0
40,divorced,secondary,yes,no,cellular,jul,189,,no,0
30,married,secondary,yes,no,cellular,may,124,167.0,no,1
47,married,secondary,no,no,cellular,apr,159,,no,0
50,married,secondary,yes,no,unknown,may,94,,no,0
57,married,tertiary,no,no,unknown,jun,21,,no,0
42,divorced,secondary,no,no,cellular,jul,226,,no,0
51,married,secondary,yes,yes,unknown,may,121,,no,0
36,single,tertiary,yes,yes,cellular,nov,10,,no,0
59,married,secondary,no,no,telephone,nov,547,,no,0
45,married,secondary,no,no,cellular,may,113,182.0,no,1
65,married,tertiary,no,no,telephone,feb,290,92.0,yes,1
59,married,primary,no,no,cellular,aug,88,,no,0
30,single,tertiary,yes,no,cellular,dec,158,,no,0
39,single,secondary,yes,no,unknown,jun,296,,no,0
26,single,tertiary,no,yes,unknown,jul,502,,no,0
28,single,secondary,no,no,unknown,may,144,,no,0
35,single,tertiary,yes,no,cellular,may,157,254.0,no,1
59,divorced,primary,yes,no,cellular,jun,132,389.0,no,1
41,married,secondary,yes,no,unknown,jun,66,,no,0
42,divorced,tertiary,no,yes,cellular,jul,87,,no,0
33,single,secondary,yes,no,cellular,apr,30,,no,0
28,married,secondary,yes,no,cellular,apr,17,,no,0
40,married,secondary,no,yes,cellular,jul,369,,no,0
45,married,tertiary,yes,yes,unknown,jun,92,,no,0
43,single,tertiary,no,yes,cellular,jul,619,,no,0
41,divorced,tertiary,yes,no,cellular,jul,662,,yes,0
32,single,secondary,no,yes,cellular,apr,91,156.0,no,1
28,single,secondary,yes,no,cellular,may,133,,no,0
45,divorced,tertiary,no,no,cellular,aug,297,,no,0
28,single,tertiary,no,no,cellular,may,338,,yes,0
29,married,secondary,no,yes,cellular,jul,518,,no,0
30,single,tertiary,yes,no,cellular,may,94,,no,0
45,married,secondary,yes,no,telephone,jul,340,,no,0
43,married,secondary,yes,no,cellular,oct,119,,no,0
42,married,secondary,no,no,unknown,jun,521,,no,0
35,married,tertiary,yes,no,cellular,nov,171,,no,0
47,married,primary,no,no,unknown,may,451,,no,0
38,single,tertiary,yes,no,unknown,jun,17,,no,0
41,divorced,tertiary,yes,no,cellular,jul,257,,no,0
31,single,tertiary,no,no,cellular,feb,349,357.0,yes,1
41,single,tertiary,yes,no,unknown,jun,140,,no,0
41,married,tertiary,no,no,cellular,feb,163,182.0,no,1
40,married,secondary,no,no,cellular,aug,70,,no,0
38,single,primary,yes,no,unknown,may,180,,no,0
35,single,secondary,yes,no,unknown,may,100,,no,0
36,married,secondary,yes,yes,unknown,may,127,,no,0
30,married,secondary,yes,yes,unknown,may,306,,no,0
30,single,secondary,yes,no,cellular,may,390,,no,0
50,married,secondary,yes,yes,cellular,aug,221,,no,0
51,married,secondary,no,yes,unknown,jun,153,,no,0
59,married,tertiary,no,no,telephone,nov,494,,yes,0
30,single,secondary,no,no,cellular,feb,291,,no,0
29,single,secondary,no,no,cellular,may,104,208.0,no,1
38,single,tertiary,no,no,cellular,oct,119,,no,0
31,single,tertiary,yes,no,cellular,jan,68,256.0,no,1
41,divorced,primary,yes,no,cellular,apr,1272,,yes,0
54,married,tertiary,no,no,cellular,aug,131,,no,0
30,married,secondary,no,yes,cellular,jul,213,,no,0
48,married,primary,yes,yes,unknown,may,289,,no,0
47,married,secondary,yes,no,unknown,may,451,,no,0
27,single,tertiary,no,yes,cellular,jan,158,206.0,no,1
36,married,unknown,no,no,unknown,jun,557,,no,0
20,single,secondary,no,no,unknown,jun,100,,yes,0
51,married,unknown,no,no,cellular,jul,44,,no,0
31,single,secondary,yes,no,cellular,may,1191,,no,0
45,married,secondary,no,no,cellular,may,275,,yes,0
33,single,tertiary,yes,no,unknown,may,396,,no,0
35,married,primary,yes,no,unknown,may,103,,no,0
44,married,secondary,yes,no,unknown,may,468,,no,0
41,married,secondary,yes,no,cellular,aug,185,,no,0
46,married,tertiary,no,no,cellular,aug,58,,no,0
57,married,secondary,yes,yes,cellular,may,166,,no,0
38,divorced,secondary,no,no,unknown,jun,299,,no,0
36,single,tertiary,yes,no,unknown,jun,517,,no,0
29,single,tertiary,yes,no,cellular,may,76,356.0,no,1
58,married,primary,yes,yes,cellular,may,327,374.0,no,1
46,married,secondary,yes,no,cellular,jul,36,,no,0
40,divorced,primary,yes,no,cellular,may,103,,no,0
30,single,tertiary,no,no,cellular,apr,152,,yes,0
54,married,primary,yes,yes,cellular,apr,280,287.0,no,1
56,married,secondary,no,no,unknown,may,131,,no,0
56,married,secondary,no,no,telephone,jul,114,,no,0
33,single,secondary,no,no,cellular,jul,58,,no,0
51,married,tertiary,no,no,cellular,may,662,66.0,yes,1
32,married,unknown,yes,no,cellular,may,20,,no,0
38,married,secondary,no,no,cellular,may,94,,no,0
35,single,tertiary,yes,no,unknown,may,763,,yes,0
31,married,secondary,no,no,cellular,aug,96,,no,0
53,married,secondary,yes,no,cellular,nov,104,190.0,no,1
46,married,secondary,yes,no,cellular,aug,131,,no,0
53,married,secondary,no,no,telephone,mar,295,91.0,yes,1
38,married,secondary,yes,no,unknown,jun,170,,no,0
33,married,tertiary,yes,no,cellular,may,55,,no,0
48,married,secondary,yes,yes,unknown,may,290,,no,0
54,married,secondary,yes,no,cellular,may,118,241.0,no,1
45,married,secondary,yes,no,cellular,apr,565,,no,0
36,married,tertiary,yes,no,cellular,apr,297,182.0,yes,1
34,divorced,secondary,no,no,cellular,feb,151,,no,0
31,married,secondary,yes,yes,cellular,may,454,,no,0
44,divorced,secondary,yes,no,unknown,may,27,,no,0
44,married,tertiary,yes,no,cellular,jan,507,220.0,no,1
36,married,tertiary,no,no,cellular,feb,188,,no,0
35,married,tertiary,yes,no,unknown,may,1611,,no,0
46,married,secondary,no,no,cellular,aug,34,,no,0
50,married,secondary,yes,no,cellular,jul,57,,no,0
49,divorced,secondary,no,no,cellular,jul,412,,yes,0
59,single,secondary,no,no,cellular,sep,879,,yes,0
33,single,secondary,yes,no,unknown,may,291,,no,0
51,divorced,tertiary,no,no,unknown,jun,112,,no,0
55,married,primary,yes,no,cellular,may,265,,no,0
49,married,tertiary,yes,no,cellular,apr,98,,no,0
60,married,primary,no,no,cellular,aug,140,,no,0
42,divorced,secondary,yes,no,cellular,feb,326,,no,0
32,married,tertiary,yes,no,cellular,nov,142,,no,0
44,married,secondary,yes,yes,unknown,may,159,,no,0
45,married,primary,no,no,unknown,jun,234,,no,0
57,married,secondary,no,no,cellular,aug,106,,no,0
36,single,primary,yes,no,unknown,may,87,,no,0
49,divorced,tertiary,yes,no,cellular,mar,229,,yes,0
35,married,tertiary,no,no,cellular,aug,351,,no,0
39,married,secondary,no,no,cellular,jul,178,,no,0
38,married,tertiary,yes,yes,cellular,may,244,,no,0
28,single,tertiary,yes,no,cellular,may,101,,no,0
32,married,tertiary,no,no,cellular,jul,82,,no,0
41,single,tertiary,yes,no,cellular,feb,261,184.0,yes,1
32,married,tertiary,no,no,cellular,aug,183,,no,0
30,single,primary,yes,no,unknown,may,396,,no,0
30,single,secondary,no,yes,cellular,aug,223,,no,0
53,married,secondary,yes,no,unknown,may,253,,no,0
54,married,tertiary,no,yes,cellular,jul,82,,no,0
30,married,tertiary,yes,no,cellular,aug,134,,no,0
38,married,secondary,no,no,cellular,dec,473,216.0,yes,1
39,married,secondary,yes,no,unknown,jun,53,,no,0
50,married,secondary,no,no,unknown,jun,271,,no,0
19,single,primary,no,no,telephone,nov,98,110.0,no,1
41,married,secondary,no,no,cellular,jul,125,,no,0
31,married,secondary,yes,no,unknown,may,65,,no,0
32,single,secondary,yes,no,cellular,aug,144,,no,0
37,married,primary,yes,no,cellular,aug,160,,no,0
57,married,primary,no,no,unknown,jun,73,,no,0
33,married,secondary,yes,no,cellular,jul,22,,no,0
39,married,secondary,yes,no,cellular,aug,379,,no,0
48,married,secondary,no,no,cellular,feb,439,,no,0
35,married,unknown,no,no,unknown,jun,537,,yes,0
33,married,secondary,yes,no,cellular,feb,139,,no,0
26,single,secondary,no,no,cellular,may,107,,no,0
37,single,secondary,no,no,cellular,jul,152,,no,0
32,single,secondary,yes,no,unknown,may,71,,no,0
33,married,secondary,no,yes,unknown,jun,266,,no,0
30,single,tertiary,yes,no,cellular,may,56,,no,0
34,single,secondary,yes,no,cellular,jul,226,,no,0
32,married,primary,yes,no,unknown,may,116,,no,0
35,married,secondary,yes,no,telephone,jul,197,,no,0
34,single,secondary,yes,no,cellular,may,151,,no,0
54,married,secondary,yes,no,unknown,may,222,,no,0
29,married,primary,yes,no,cellular,may,282,,no,0
44,married,tertiary,no,yes,cellular,jul,129,,no,0
51,divorced,secondary,yes,no,unknown,jun,51,,no,0
27,single,tertiary,no,no,cellular,feb,917,,yes,0
25,single,secondary,no,yes,cellular,jul,173,,no,0
56,married,secondary,yes,no,cellular,jul,288,,no,0
29,single,secondary,yes,yes,cellular,jul,89,,no,0
42,married,secondary,yes,no,cellular,may,79,,no,0
43,married,tertiary,yes,yes,cellular,jul,67,,no,0
35,married,secondary,yes,no,cellular,may,252,,no,0
58,divorced,tertiary,no,no,unknown,may,137,,no,0
36,married,secondary,yes,no,telephone,feb,29,,no,0
42,married,secondary,yes,no,cellular,jul,510,,no,0
39,single,secondary,yes,no,unknown,may,152,,no,0
33,single,tertiary,yes,no,cellular,feb,405,,no,0
53,married,tertiary,no,no,cellular,aug,133,,no,0
60,divorced,secondary,yes,no,cellular,feb,80,,no,0
26,single,secondary,no,no,cellular,apr,308,,no,0
40,married,tertiary,yes,no,cellular,feb,349,262.0,no,1
31,single,tertiary,yes,no,cellular,nov,162,,no,0
29,married,secondary,yes,no,cellular,may,374,,no,0
51,divorced,tertiary,no,yes,cellular,jul,54,,no,0
25,married,tertiary,yes,no,cellular,jul,20,,no,0
35,married,secondary,yes,no,unknown,may,149,,no,0
50,married,primary,yes,no,cellular,jul,142,,no,0
33,divorced,secondary,no,no,unknown,may,190,,no,0
55,married,secondary,yes,no,unknown,may,42,,no,0
47,married,secondary,yes,no,cellular,jul,476,,yes,0
50,married,secondary,no,no,unknown,jun,170,,no,0
46,married,secondary,yes,no,telephone,may,175,278.0,no,1
34,married,tertiary,yes,yes,cellular,aug,256,,no,0
44,divorced,secondary,yes,yes,unknown,may,238,,no,0
38,married,primary,yes,no,cellular,may,106,,no,0
41,single,unknown,no,no,unknown,jun,114,,no,0
49,married,primary,yes,no,cellular,nov,140,,no,0
57,divorced,secondary,no,no,unknown,jun,97,,no,0
49,married,tertiary,yes,no,cellular,aug,140,,no,0
54,married,secondary,no,yes,unknown,jul,389,,no,0
39,married,unknown,no,no,cellular,aug,298,,no,0
51,married,secondary,no,no,unknown,jun,32,,no,0
41,married,secondary,yes,no,cellular,nov,17,151.0,no,1
32,married,secondary,yes,yes,unknown,may,53,,no,0
32,single,tertiary,yes,no,cellular,may,638,175.0,no,1
46,married,primary,yes,no,unknown,may,91,,no,0
40,married,tertiary,no,no,telephone,apr,712,,yes,0
35,married,tertiary,no,no,cellular,feb,135,195.0,no,1
30,single,tertiary,no,no,cellular,mar,272,,yes,0
51,married,primary,yes,no,telephone,may,217,169.0,no,1
57,single,primary,yes,no,telephone,may,65,,no,0
58,married,tertiary,yes,no,cellular,jul,209,,no,0
32,married,secondary,yes,no,unknown,may,208,,no,0
41,single,unknown,no,no,cellular,oct,143,188.0,yes,1
37,married,tertiary,yes,no,cellular,nov,93,,no,0
36,married,secondary,yes,no,telephone,feb,45,,no,0
37,single,secondary,yes,no,cellular,may,165,,no,0
41,divorced,secondary,no,yes,cellular,jul,59,,no,0
53,divorced,primary,yes,yes,unknown,may,591,,yes,0
27,single,secondary,no,no,cellular,jan,168,,no,0
36,married,secondary,yes,no,unknown,may,13,,no,0
48,married,secondary,yes,no,unknown,may,179,,no,0
43,married,secondary,yes,no,cellular,nov,63,,no,0
51,married,primary,no,no,cellular,aug,286,,no,0
77,married,primary,no,no,telephone,aug,365,187.0,no,1
37,married,primary,yes,no,cellular,apr,201,,no,0
57,married,primary,yes,no,cellular,aug,626,,yes,0
27,married,secondary,yes,no,cellular,jul,172,,no,0
52,married,secondary,yes,no,cellular,jan,342,92.0,yes,1
26,married,secondary,yes,no,unknown,may,183,,no,0
40,married,primary,yes,yes,unknown,jun,59,,no,0
47,married,secondary,yes,no,unknown,may,146,,no,0
49,married,secondary,yes,no,unknown,may,310,,no,0
31,married,tertiary,yes,no,cellular,mar,73,,no,0
31,single,tertiary,yes,no,cellular,feb,158,92.0,yes,1
32,married,secondary,yes,yes,cellular,aug,79,,no,0
53,single,secondary,yes,no,cellular,feb,108,92.0,no,1
40,single,unknown,yes,no,unknown,may,619,,no,0
27,single,secondary,yes,yes,cellular,may,687,300.0,no,1
46,married,primary,no,yes,unknown,jun,166,,no,0
38,married,tertiary,yes,no,unknown,may,31,,no,0
45,married,secondary,yes,yes,cellular,jul,276,,no,0
45,married,secondary,yes,no,cellular,feb,872,,yes,0
28,single,tertiary,no,yes,cellular,may,115,,no,0
50,married,primary,no,yes,unknown,jul,71,,no,0
37,divorced,secondary,yes,no,unknown,may,345,,no,0
58,married,secondary,yes,no,cellular,feb,1823,205.0,no,1
30,married,tertiary,no,no,cellular,aug,293,,no,0
54,married,secondary,no,no,cellular,aug,87,,no,0
46,single,tertiary,no,no,cellular,jul,85,,no,0
29,married,secondary,no,yes,cellular,feb,172,,yes,0
37,single,tertiary,no,no,unknown,jun,442,,no,0
33,married,secondary,yes,no,unknown,may,245,,no,0
49,married,tertiary,no,no,cellular,jul,87,,no,0
30,single,tertiary,no,no,cellular,feb,30,,no,0
18,single,primary,no,no,cellular,aug,267,,yes,0
31,single,secondary,no,no,cellular,jan,366,,no,0
59,married,secondary,yes,no,telephone,jul,498,,no,0
35,single,unknown,no,no,cellular,may,272,,no,0
51,single,tertiary,no,no,cellular,may,8,,no,0
55,divorced,secondary,yes,no,cellular,aug,78,,no,0
33,single,secondary,no,no,cellular,feb,345,,no,0
30,single,secondary,yes,no,cellular,feb,259,260.0,no,1
51,married,secondary,no,no,unknown,jun,9,,no,0
33,single,tertiary,yes,no,cellular,may,17,349.0,no,1
36,married,secondary,yes,yes,cellular,nov,250,,no,0
31,married,tertiary,no,no,cellular,aug,220,,no,0
37,divorced,secondary,yes,no,cellular,may,169,352.0,no,1
42,married,secondary,yes,yes,cellular,may,225,365.0,no,1
36,married,unknown,no,no,unknown,jun,41,,no,0
33,married,tertiary,yes,no,cellular,may,158,202.0,no,1
58,married,primary,no,no,telephone,jun,247,,no,0
30,single,tertiary,no,no,cellular,aug,61,,no,0
46,married,secondary,yes,yes,unknown,may,145,,no,0
47,married,tertiary,no,no,cellular,nov,120,,no,0
34,married,tertiary,no,no,cellular,aug,170,,no,0
40,married,tertiary,yes,yes,cellular,aug,166,,no,0
31,single,secondary,no,no,cellular,oct,477,,no,0
37,single,tertiary,no,no,cellular,aug,259,,no,0
49,single,tertiary,no,no,cellular,aug,470,97.0,yes,1
36,divorced,tertiary,no,no,cellular,jun,104,,no,0
55,married,secondary,yes,no,unknown,may,309,,no,0
52,divorced,secondary,yes,no,unknown,jun,27,,no,0
57,married,primary,no,no,cellular,nov,570,,no,0
39,married,primary,yes,no,unknown,jun,490,,no,0
34,divorced,unknown,no,yes,cellular,jul,245,,no,0
42,married,secondary,yes,no,cellular,jul,210,,no,0
35,single,secondary,yes,no,cellular,may,863,78.0,yes,1
52,married,secondary,yes,no,unknown,may,35,,no,0
44,single,secondary,no,no,cellular,aug,156,,no,0
30,single,tertiary,no,no,cellular,aug,300,,no,0
55,married,secondary,yes,yes,cellular,feb,116,,no,0
32,married,primary,yes,no,unknown,may,389,,no,0
49,married,tertiary,yes,no,cellular,nov,77,185.0,no,1
60,divorced,secondary,yes,no,cellular,may,655,,yes,0
33,married,secondary,yes,yes,unknown,may,143,,no,0
34,divorced,secondary,yes,no,cellular,may,130,167.0,no,1
37,married,primary,no,no,unknown,jun,199,,no,0
33,married,unknown,no,no,unknown,may,345,,no,0
33,married,secondary,yes,no,cellular,apr,57,,no,0
45,divorced,primary,yes,no,telephone,jul,63,,no,0
45,married,secondary,yes,no,cellular,may,764,,no,0
40,married,tertiary,no,no,cellular,aug,63,,no,0
51,divorced,primary,yes,no,cellular,jul,85,,no,0
59,married,secondary,no,no,cellular,aug,198,180.0,yes,1
34,single,secondary,no,no,cellular,aug,54,,no,0
50,single,secondary,yes,no,unknown,may,104,,no,0
45,married,primary,yes,yes,cellular,jan,503,224.0,no,1
40,divorced,tertiary,no,no,cellular,aug,162,,no,0
40,married,secondary,yes,no,cellular,jul,223,,no,0
38,divorced,secondary,yes,no,cellular,nov,230,,no,0
57,divorced,secondary,yes,no,unknown,jun,818,,no,0
35,married,secondary,yes,yes,unknown,jun,369,,no,0
33,married,tertiary,no,no,cellular,jul,362,,no,0
36,single,primary,no,no,cellular,may,396,172.0,no,1
37,single,secondary,yes,no,cellular,apr,218,,no,0
29,married,tertiary,no,no,cellular,may,473,,yes,0
27,married,secondary,yes,no,unknown,may,141,,no,0
31,married,tertiary,no,no,cellular,apr,343,,no,0
37,single,tertiary,yes,no,cellular,may,133,,no,0
35,married,secondary,yes,yes,cellular,aug,80,273.0,no,1
46,married,secondary,yes,no,cellular,sep,108,129.0,yes,1
32,married,secondary,yes,yes,unknown,may,59,,no,0
30,single,secondary,no,no,cellular,aug,60,,no,0
43,married,unknown,no,no,unknown,jun,45,,no,0
58,married,tertiary,no,yes,cellular,jul,138,,no,0
38,married,secondary,yes,no,cellular,may,198,,no,0
32,married,secondary,yes,yes,unknown,may,51,,no,0
37,married,primary,yes,no,cellular,apr,252,,no,0
51,married,tertiary,no,no,cellular,nov,134,192.0,yes,1
46,married,unknown,yes,no,cellular,jan,68,,no,0
45,divorced,secondary,no,no,cellular,jul,216,,no,0
64,married,secondary,no,no,cellular,feb,144,175.0,no,1
52,divorced,tertiary,no,no,unknown,jun,644,,no,0
38,married,secondary,no,no,cellular,aug,320,,no,0
56,single,secondary,yes,no,cellular,may,311,368.0,yes,1
41,single,secondary,no,no,unknown,jun,178,,no,0
33,single,secondary,no,no,cellular,feb,18,6.0,no,1
45,married,tertiary,no,yes,cellular,jul,112,,no,0
28,single,secondary,yes,no,cellular,may,33,367.0,no,1
39,married,tertiary,yes,yes,unknown,may,127,,no,0
34,single,secondary,yes,no,cellular,may,379,169.0,no,1
47,divorced,secondary,yes,no,unknown,jun,339,,no,0
34,married,secondary,yes,no,cellular,may,53,262.0,no,1
27,married,secondary,yes,no,unknown,jun,132,,no,0
30,single,secondary,no,no,cellular,nov,95,,no,0
31,single,secondary,yes,no,cellular,apr,400,,no,0
51,married,secondary,yes,no,cellular,jul,149,,no,0
52,divorced,primary,yes,yes,cellular,apr,709,,yes,0
58,married,primary,yes,no,cellular,may,147,359.0,no,1
45,divorced,secondary,yes,no,unknown,may,179,,no,0
33,divorced,secondary,yes,yes,cellular,may,186,350.0,no,1
45,single,tertiary,no,no,cellular,sep,800,102.0,yes,1
43,single,secondary,no,yes,cellular,jul,173,,no,0
25,single,tertiary,no,no,cellular,jul,137,,no,0
36,married,tertiary,no,no,cellular,aug,92,,no,0
55,married,secondary,no,no,unknown,jun,170,,no,0
38,married,secondary,no,no,cellular,may,167,,no,0
30,married,secondary,yes,no,unknown,may,293,,no,0
46,divorced,primary,yes,no,cellular,may,472,,no,0
58,married,secondary,no,no,cellular,jul,95,,no,0
48,married,tertiary,yes,no,telephone,jul,350,,no,0
37,divorced,tertiary,yes,yes,unknown,jun,545,,no,0
60,married,secondary,no,no,cellular,aug,433,,no,0
24,married,secondary,yes,no,cellular,may,209,321.0,no,1
56,married,secondary,yes,no,telephone,may,145,,no,0
54,married,primary,no,no,cellular,jun,236,,yes,0
42,single,secondary,yes,no,unknown,jun,46,,no,0
34,married,secondary,yes,no,unknown,may,684,,no,0
57,married,secondary,no,no,cellular,apr,319,86.0,no,1
53,divorced,secondary,yes,yes,cellular,jul,135,,no,0
28,single,secondary,yes,no,cellular,may,485,88.0,yes,1
31,single,secondary,no,no,cellular,may,10,87.0,no,1
58,divorced,secondary,no,no,telephone,oct,228,,yes,0
35,divorced,secondary,no,no,cellular,may,669,312.0,yes,1
47,divorced,secondary,no,no,unknown,may,360,,no,0
38,married,unknown,yes,no,cellular,may,233,,no,0
31,single,tertiary,yes,no,unknown,may,38,,no,0
57,married,tertiary,no,yes,cellular,jul,99,,no,0
22,married,secondary,yes,no,unknown,may,101,,no,0
46,divorced,secondary,no,no,cellular,aug,126,,no,0
60,married,tertiary,yes,no,cellular,aug,75,274.0,no,1
39,single,secondary,yes,no,cellular,nov,43,111.0,no,1
45,married,secondary,yes,no,unknown,jun,91,,no,0
33,divorced,tertiary,yes,no,unknown,may,279,,no,0
45,married,secondary,yes,no,unknown,may,295,,no,0
37,married,secondary,yes,no,cellular,jul,185,,no,0
40,divorced,secondary,no,no,unknown,may,111,,no,0
35,married,secondary,yes,no,cellular,jan,114,,no,0
33,divorced,secondary,yes,no,cellular,jul,268,,no,0
50,divorced,tertiary,no,no,cellular,aug,76,,no,0
32,married,primary,yes,no,cellular,apr,38,329.0,no,1
33,married,secondary,yes,no,cellular,may,11,,no,0
59,married,primary,yes,no,unknown,jun,11,,no,0
45,married,unknown,no,no,unknown,jun,158,,no,0
60,single,tertiary,no,yes,cellular,jul,79,,no,0
60,married,secondary,no,no,cellular,jul,64,,no,0
37,married,secondary,yes,no,unknown,may,295,,no,0
40,single,tertiary,yes,no,unknown,may,97,,no,0
55,divorced,tertiary,yes,no,cellular,sep,84,589.0,no,1
50,married,secondary,no,yes,unknown,jun,26,,no,0
39,married,tertiary,yes,no,cellular,jul,894,,yes,0
45,married,secondary,no,no,unknown,jun,82,,no,0
32,married,secondary,yes,no,cellular,jul,59,,no,0
36,married,tertiary,no,no,cellular,apr,216,,yes,0
46,married,tertiary,no,yes,cellular,aug,120,,no,0
35,married,secondary,yes,no,unknown,aug,5,14.0,no,1
44,single,secondary,yes,no,cellular,nov,530,,no,0
47,married,primary,yes,yes,cellular,aug,138,,no,0
40,divorced,secondary,yes,no,cellular,aug,142,,no,0
34,divorced,secondary,no,yes,cellular,jul,142,,no,0
43,single,primary,no,no,cellular,feb,224,,no,0
31,single,tertiary,no,no,cellular,aug,371,,no,0
31,married,tertiary,yes,no,cellular,jul,72,,no,0
61,married,secondary,no,no,cellular,nov,632,93.0,no,1
37,single,tertiary,no,yes,cellular,jan,147,,no,0
38,married,secondary,no,yes,unknown,jul,131,,no,0
58,divorced,tertiary,no,no,cellular,feb,56,,no,0
34,married,tertiary,yes,yes,cellular,jul,127,,no,0
53,married,primary,no,no,cellular,aug,156,,no,0
32,married,secondary,no,no,cellular,aug,306,,no,0
39,married,secondary,yes,no,cellular,aug,344,,no,0
25,single,primary,yes,no,unknown,may,97,,no,0
31,married,tertiary,no,yes,cellular,jan,157,182.0,no,1
54,married,primary,yes,no,cellular,jul,159,,no,0
37,single,secondary,no,no,cellular,feb,187,8.0,no,1
36,married,primary,yes,no,cellular,may,152,,no,0
37,single,secondary,yes,no,unknown,may,152,,no,0
41,married,secondary,yes,no,cellular,may,432,,no,0
47,married,secondary,no,no,unknown,jun,9,,no,0
40,divorced,secondary,no,no,unknown,jun,140,,no,0
40,married,secondary,yes,no,cellular,jul,87,,no,0
51,single,secondary,yes,no,unknown,jun,1248,,yes,0
38,single,tertiary,no,no,telephone,jul,293,,no,0
46,divorced,secondary,no,no,telephone,aug,135,,no,0
59,married,secondary,no,yes,cellular,aug,125,,no,0
28,single,secondary,no,no,telephone,oct,317,108.0,no,1
30,married,tertiary,yes,yes,cellular,jul,91,,no,0
43,married,secondary,no,no,cellular,jul,58,,no,0
56,single,tertiary,yes,no,cellular,jan,374,,no,0
33,married,primary,yes,no,unknown,may,143,,no,0
53,single,secondary,yes,no,cellular,may,101,,no,0
37,married,secondary,no,no,cellular,aug,98,,no,0
31,married,tertiary,no,no,cellular,nov,138,84.0,no,1
45,married,secondary,yes,no,telephone,jan,227,187.0,no,1
33,married,primary,yes,no,unknown,may,428,,no,0
34,single,tertiary,yes,no,cellular,aug,267,,no,0
56,married,secondary,yes,no,cellular,jul,897,,no,0
37,married,secondary,yes,no,cellular,jul,418,,no,0
23,single,secondary,yes,no,unknown,may,1183,,yes,0
35,single,tertiary,yes,yes,cellular,may,185,,no,0
34,married,tertiary,yes,no,cellular,nov,386,,no,0
51,married,tertiary,no,no,telephone,nov,81,,no,0
37,married,secondary,yes,yes,cellular,may,302,,no,0
46,married,secondary,no,yes,cellular,aug,139,,no,0
48,married,primary,no,no,unknown,jun,105,,no,0
52,married,secondary,no,no,cellular,jul,310,,no,0
26,single,tertiary,no,no,cellular,jul,297,,no,0
33,single,tertiary,yes,no,cellular,jun,271,84.0,yes,1
33,single,tertiary,no,no,cellular,jan,348,,no,0
35,married,primary,no,no,cellular,may,706,,no,0
48,single,secondary,yes,no,cellular,apr,81,287.0,no,1
27,single,secondary,yes,yes,cellular,may,5,,no,0
50,married,primary,no,no,telephone,oct,382,,no,0
58,married,secondary,yes,no,unknown,may,80,,no,0
43,married,primary,yes,yes,unknown,may,420,,no,0
33,single,tertiary,yes,no,cellular,aug,97,,no,0
30,married,tertiary,no,no,cellular,aug,157,,no,0
51,married,primary,yes,no,cellular,jul,582,,yes,0
38,married,primary,yes,no,cellular,may,165,,no,0
29,married,secondary,no,no,cellular,jul,131,,no,0
29,divorced,tertiary,yes,yes,unknown,may,240,,no,0
42,divorced,secondary,yes,no,cellular,nov,136,131.0,no,1
35,married,primary,yes,no,cellular,may,195,359.0,no,1
60,married,unknown,no,no,telephone,jun,125,,no,0
51,divorced,primary,no,no,cellular,jul,600,,yes,0
35,single,tertiary,no,no,cellular,jul,200,181.0,yes,1
28,single,tertiary,no,no,cellular,nov,106,,no,0
39,married,tertiary,yes,no,cellular,nov,554,,no,0
48,married,tertiary,yes,no,cellular,feb,316,,no,0
31,single,tertiary,no,no,cellular,aug,45,,no,0
29,married,tertiary,yes,no,unknown,may,143,,no,0
49,married,secondary,yes,no,cellular,aug,161,410.0,no,1
35,divorced,primary,yes,no,cellular,may,296,,no,0
45,married,tertiary,no,no,cellular,jan,125,2.0,no,1
40,divorced,tertiary,no,yes,cellular,jul,125,,no,0
42,single,secondary,yes,no,cellular,may,1805,,no,0
31,single,secondary,no,no,cellular,aug,312,,no,0
35,divorced,secondary,yes,no,unknown,may,76,,no,0
38,married,secondary,yes,yes,unknown,may,170,,no,0
41,married,secondary,yes,no,unknown,jun,62,,no,0
35,divorced,tertiary,yes,no,cellular,apr,75,,no,0
57,married,primary,yes,no,unknown,may,155,,no,0
29,single,tertiary,yes,no,unknown,jun,233,,no,0
35,married,secondary,no,no,unknown,jun,121,,no,0
26,single,secondary,no,no,cellular,aug,125,,yes,0
32,married,secondary,yes,yes,cellular,may,179,,no,0
60,married,secondary,yes,no,unknown,may,113,,no,0
30,married,tertiary,yes,no,cellular,jul,124,,no,0
30,single,tertiary,yes,yes,unknown,may,967,,yes,0
43,married,secondary,yes,yes,unknown,may,277,,no,0
37,single,tertiary,yes,no,cellular,nov,389,172.0,no,1
56,married,secondary,no,no,cellular,apr,484,135.0,no,1
42,married,primary,yes,yes,telephone,nov,136,179.0,no,1
57,divorced,primary,no,no,unknown,may,17,,no,0
48,married,primary,no,no,unknown,jun,409,,no,0
64,married,secondary,no,no,cellular,feb,104,,no,0
49,married,secondary,no,no,cellular,jul,115,,no,0
48,married,unknown,no,no,cellular,feb,134,8.0,no,1
54,married,tertiary,yes,no,unknown,may,302,,no,0
39,married,tertiary,no,no,cellular,jul,665,,no,0
38,married,secondary,yes,no,cellular,may,472,,no,0
29,divorced,secondary,no,no,unknown,may,192,,no,0
52,single,primary,yes,no,cellular,nov,217,,no,0
55,married,primary,yes,no,cellular,aug,148,,no,0
43,married,secondary,no,no,cellular,may,60,371.0,no,1
28,married,secondary,yes,no,cellular,apr,156,325.0,no,1
33,married,primary,yes,no,cellular,may,159,346.0,no,1
58,married,secondary,no,no,unknown,jun,206,,no,0
36,divorced,secondary,no,no,cellular,jul,83,,no,0
36,married,tertiary,yes,yes,cellular,apr,84,,no,0
37,divorced,secondary,no,no,cellular,feb,118,272.0,no,1
36,divorced,tertiary,yes,no,cellular,jul,180,,no,0
40,married,tertiary,no,no,unknown,jun,222,,no,0
43,married,primary,yes,no,unknown,may,170,,no,0
46,married,tertiary,no,no,cellular,jul,126,,no,0
41,single,secondary,no,no,cellular,aug,420,,no,0
53,married,primary,yes,no,unknown,jun,714,,no,0
45,married,primary,yes,no,cellular,feb,211,,no,0
32,married,tertiary,yes,yes,cellular,jul,86,,no,0
56,married,secondary,yes,yes,cellular,may,556,181.0,yes,1
46,married,secondary,no,no,telephone,aug,67,,no,0
31,single,secondary,yes,no,cellular,may,241,347.0,no,1
33,divorced,secondary,no,no,unknown,jun,66,,no,0
42,married,secondary,yes,no,cellular,may,365,,no,0
33,married,secondary,yes,no,cellular,nov,809,181.0,no,1
31,single,secondary,yes,no,unknown,may,374,,no,0
29,married,primary,yes,no,cellular,may,149,,no,0
34,single,secondary,no,no,cellular,jan,377,,yes,0
56,divorced,secondary,no,yes,cellular,jul,234,,no,0
27,married,tertiary,yes,no,cellular,jul,123,,no,0
29,married,secondary,yes,no,cellular,jul,327,,no,0
31,single,secondary,yes,no,cellular,nov,258,,no,0
42,married,tertiary,no,no,cellular,aug,370,91.0,yes,1
35,married,unknown,no,no,unknown,jun,159,,no,0
47,single,secondary,no,no,cellular,nov,144,,no,0
47,married,secondary,no,no,cellular,oct,105,,yes,0
59,divorced,secondary,yes,no,cellular,apr,720,,yes,0
28,single,secondary,yes,yes,cellular,apr,219,322.0,no,1
29,single,tertiary,no,no,cellular,may,51,179.0,no,1
58,married,secondary,no,no,unknown,jun,315,,no,0
35,single,primary,yes,no,telephone,may,13,,no,0
60,married,secondary,no,no,cellular,may,321,87.0,no,1
38,married,tertiary,yes,yes,cellular,aug,82,,no,0
47,married,unknown,yes,no,unknown,may,18,,no,0
39,married,primary,yes,yes,unknown,jun,235,,no,0
34,single,secondary,yes,yes,unknown,jun,294,,no,0
49,married,secondary,yes,no,telephone,oct,97,,yes,0
36,married,primary,no,no,unknown,jun,236,,no,0
60,divorced,secondary,yes,no,cellular,jul,261,,no,0
30,married,secondary,yes,no,cellular,may,165,,no,0
36,single,tertiary,no,no,cellular,nov,118,104.0,no,1
51,married,secondary,yes,no,telephone,jul,57,,no,0
68,married,secondary,no,no,cellular,feb,475,,yes,0
55,married,unknown,no,no,cellular,jan,271,,no,0
23,married,secondary,yes,yes,unknown,may,87,,no,0
25,single,secondary,yes,no,cellular,may,663,,no,0
42,divorced,secondary,no,no,cellular,jul,109,,no,0
46,married,secondary,yes,no,cellular,jan,219,2.0,no,1
44,divorced,secondary,no,no,cellular,jul,637,,no,0
40,single,tertiary,no,yes,cellular,nov,657,,no,0
30,single,secondary,no,no,cellular,jan,67,,no,0
35,single,tertiary,no,no,cellular,aug,172,,yes,0
56,divorced,primary,no,no,cellular,nov,303,,no,0
53,married,secondary,yes,no,cellular,feb,66,264.0,no,1
35,married,tertiary,no,yes,cellular,feb,117,12.0,no,1
46,married,secondary,yes,no,cellular,jul,185,,no,0
42,single,tertiary,no,no,cellular,jul,2516,,yes,0
52,married,tertiary,no,no,telephone,feb,48,,no,0
32,single,tertiary,yes,no,unknown,may,74,,no,0
47,married,primary,no,yes,cellular,nov,125,,no,0
55,married,secondary,yes,no,cellular,nov,193,186.0,no,1
44,married,secondary,yes,no,unknown,jun,94,,no,0
43,single,tertiary,yes,yes,cellular,jul,30,,no,0
36,married,secondary,no,no,cellular,jul,151,,no,0
33,divorced,secondary,yes,no,cellular,may,244,359.0,no,1
24,married,primary,no,no,cellular,may,337,,no,0
44,married,secondary,yes,no,cellular,jan,64,,no,0
45,married,secondary,yes,no,unknown,may,340,,no,0
42,married,primary,yes,no,cellular,feb,97,198.0,no,1
52,married,unknown,yes,no,cellular,jan,219,254.0,no,1
32,single,secondary,no,yes,unknown,jul,957,,no,0
30,married,secondary,no,no,unknown,jun,7,,no,0
27,single,primary,yes,no,cellular,jul,120,,no,0
51,married,secondary,no,no,cellular,aug,56,,no,0
35,single,secondary,no,no,unknown,jun,190,,no,0
32,married,secondary,yes,no,unknown,may,348,,no,0
30,single,secondary,yes,no,cellular,apr,172,,no,0
40,married,secondary,no,no,unknown,jun,144,,no,0
26,single,tertiary,yes,no,cellular,may,221,364.0,no,1
31,married,secondary,yes,no,cellular,jul,147,,no,0
45,married,secondary,yes,yes,unknown,may,251,,no,0
37,single,secondary,yes,no,cellular,apr,417,57.0,no,1
38,married,secondary,yes,no,cellular,feb,334,,no,0
40,married,secondary,yes,yes,cellular,feb,226,,no,0
27,single,tertiary,yes,no,cellular,jul,678,,no,0
50,divorced,primary,yes,no,cellular,jul,407,,no,0
46,single,secondary,yes,no,unknown,may,244,,no,0
37,single,secondary,no,no,cellular,jul,259,,no,0
28,married,tertiary,yes,no,cellular,jul,189,,no,0
45,single,tertiary,yes,no,unknown,may,111,,no,0
37,married,secondary,yes,yes,unknown,may,160,,no,0
30,single,tertiary,yes,no,telephone,may,36,165.0,no,1
36,single,secondary,yes,no,cellular,may,61,371.0,no,1
54,single,tertiary,yes,no,cellular,jul,674,,yes,0
57,married,secondary,no,no,cellular,feb,79,187.0,no,1
36,single,tertiary,yes,no,cellular,may,212,,no,0
51,married,primary,yes,no,unknown,may,140,,no,0
60,married,secondary,no,no,unknown,may,132,,no,0
41,divorced,secondary,yes,yes,cellular,may,16,,no,0
36,married,tertiary,no,no,cellular,aug,90,,no,0
59,married,primary,yes,no,unknown,may,695,,yes,0
40,divorced,tertiary,no,no,cellular,aug,159,,no,0
43,married,secondary,no,no,cellular,aug,103,,no,0
60,married,secondary,yes,no,unknown,may,483,,no,0
45,divorced,secondary,no,no,cellular,jul,395,,no,0
48,married,secondary,yes,no,unknown,jun,203,,no,0
33,married,tertiary,no,no,cellular,feb,433,,no,0
35,single,secondary,no,yes,cellular,may,357,175.0,no,1
35,married,tertiary,no,no,cellular,nov,59,,no,0
71,married,secondary,no,no,cellular,jun,201,,no,0
59,married,secondary,no,no,cellular,aug,154,97.0,no,1
37,single,secondary,yes,no,cellular,may,126,,no,0
32,single,secondary,no,no,cellular,aug,486,286.0,no,1
48,married,secondary,no,yes,cellular,aug,524,,no,0
56,married,secondary,no,no,cellular,aug,115,,no,0
32,single,tertiary,yes,no,cellular,mar,283,,yes,0
29,single,tertiary,yes,no,cellular,feb,102,12.0,no,1
58,married,primary,no,no,telephone,nov,188,,no,0
28,married,secondary,no,no,cellular,may,236,,yes,0
52,married,primary,no,no,unknown,jun,85,,no,0
58,married,secondary,no,yes,cellular,may,294,309.0,no,1
38,divorced,secondary,no,no,unknown,jun,50,,no,0
34,married,secondary,yes,no,cellular,may,68,357.0,no,1
32,married,primary,yes,no,unknown,may,297,,no,0
34,married,secondary,no,no,cellular,aug,209,,no,0
61,married,unknown,yes,no,cellular,may,254,359.0,no,1
40,married,tertiary,no,no,cellular,may,87,,no,0
28,single,tertiary,no,no,cellular,feb,48,,no,0
40,married,secondary,yes,no,unknown,may,266,,no,0
45,married,secondary,no,no,unknown,jun,76,,no,0
42,married,primary,no,yes,unknown,jun,48,,no,0
51,married,unknown,yes,no,unknown,may,202,,no,0
57,married,primary,no,yes,cellular,jul,87,,no,0
29,single,tertiary,yes,no,unknown,jun,91,,no,0
32,single,primary,no,no,cellular,nov,348,,no,0
48,married,primary,no,no,unknown,jun,37,,no,0
56,married,secondary,no,no,cellular,aug,105,,no,0
40,married,secondary,yes,no,cellular,jul,117,,no,0
53,married,secondary,no,no,cellular,jul,79,,no,0
34,married,secondary,no,no,cellular,aug,82,,no,0
51,married,tertiary,yes,no,cellular,jul,168,,no,0
38,single,secondary,no,no,unknown,mar,10,,no,0
46,married,tertiary,no,no,telephone,jul,104,,no,0
35,single,secondary,no,yes,cellular,jul,480,,no,0
35,divorced,tertiary,yes,no,cellular,feb,114,,no,0
37,divorced,secondary,yes,yes,cellular,may,17,,no,0
30,single,tertiary,no,no,cellular,aug,88,,no,0
53,married,secondary,yes,no,cellular,feb,267,,no,0
35,single,secondary,yes,no,unknown,may,272,,no,0
29,married,tertiary,yes,no,cellular,jul,408,,no,0
28,married,secondary,yes,no,unknown,jun,606,,no,0
51,married,secondary,no,no,cellular,nov,99,,no,0
55,married,tertiary,no,no,unknown,jun,56,,no,0
29,single,secondary,yes,no,cellular,may,127,,no,0
54,married,tertiary,no,no,cellular,aug,260,,no,0
29,married,primary,yes,no,unknown,jun,188,,no,0
52,single,tertiary,no,no,cellular,aug,63,,no,0
38,single,tertiary,no,yes,unknown,may,174,,no,0
40,divorced,secondary,yes,no,cellular,feb,67,,no,0
40,married,tertiary,yes,no,cellular,jul,566,395.0,yes,1
52,married,tertiary,no,no,cellular,nov,245,,no,0
58,married,unknown,no,no,unknown,jun,145,,no,0
57,married,primary,no,no,unknown,jun,259,,no,0
31,single,secondary,yes,no,cellular,nov,529,,yes,0
36,married,secondary,yes,no,cellular,may,167,350.0,no,1
46,divorced,secondary,no,no,cellular,jul,227,,no,0
30,married,secondary,yes,yes,unknown,may,361,,no,0
38,married,primary,yes,no,telephone,may,47,,no,0
45,married,secondary,yes,no,cellular,jan,244,,no,0
27,single,tertiary,no,no,cellular,jan,554,,no,0
52,married,unknown,yes,no,cellular,jul,424,,no,0
38,single,secondary,no,no,cellular,feb,245,,no,0
31,married,secondary,yes,yes,cellular,nov,133,180.0,no,1
34,divorced,secondary,no,no,cellular,may,142,,no,0
32,married,secondary,yes,no,unknown,may,123,,no,0
33,single,secondary,yes,no,unknown,may,641,,no,0
34,married,tertiary,yes,no,cellular,apr,399,,no,0
36,married,tertiary,yes,no,cellular,apr,116,,no,0
35,divorced,secondary,no,no,cellular,aug,130,,no,0
38,married,primary,yes,no,cellular,jul,18,,no,0
47,married,primary,yes,no,unknown,may,142,,no,0
20,single,secondary,no,no,cellular,feb,274,,no,0
26,single,secondary,no,no,cellular,feb,190,,yes,0
38,married,tertiary,no,no,cellular,aug,242,,no,0
33,single,tertiary,yes,no,cellular,may,470,166.0,no,1
32,single,tertiary,no,no,cellular,aug,77,,no,0
41,married,primary,yes,no,unknown,may,1052,,yes,0
44,married,secondary,yes,no,unknown,may,244,,no,0
32,single,tertiary,yes,no,unknown,may,66,,no,0
48,divorced,secondary,no,no,cellular,aug,219,,no,0
52,married,secondary,yes,no,cellular,feb,220,63.0,yes,1
47,divorced,secondary,no,no,cellular,aug,59,,no,0
43,married,tertiary,yes,no,unknown,may,244,,no,0
40,single,tertiary,no,no,cellular,aug,467,,yes,0
47,divorced,secondary,yes,no,unknown,may,303,,no,0
40,married,secondary,no,yes,unknown,jun,70,,no,0
33,married,tertiary,yes,yes,cellular,jul,604,,no,0
45,married,secondary,yes,no,unknown,may,714,,no,0
38,married,secondary,yes,no,cellular,jul,270,,no,0
32,single,tertiary,no,no,cellular,aug,1144,,no,0
37,married,secondary,no,no,cellular,nov,109,,no,0
55,single,tertiary,no,no,telephone,aug,199,,no,0
28,single,secondary,yes,no,cellular,may,32,,no,0
36,married,primary,yes,no,cellular,apr,176,330.0,no,1
33,married,secondary,yes,no,unknown,may,228,,no,0
33,single,secondary,yes,no,cellular,may,148,365.0,no,1
48,married,primary,yes,no,unknown,jun,58,,no,0
64,married,tertiary,no,no,telephone,mar,341,179.0,yes,1
37,divorced,secondary,yes,no,cellular,feb,446,273.0,no,1
41,married,primary,yes,no,cellular,nov,220,190.0,no,1
39,married,unknown,no,no,unknown,jun,135,,no,0
40,married,tertiary,no,no,cellular,apr,126,,no,0
57,married,unknown,no,no,telephone,jul,28,,no,0
58,divorced,secondary,no,no,cellular,mar,180,,yes,0
31,married,tertiary,no,no,cellular,nov,187,,no,0
36,married,tertiary,yes,yes,cellular,jul,337,,no,0
39,married,primary,yes,no,unknown,oct,150,,yes,0
28,married,secondary,yes,no,unknown,may,101,,no,0
57,married,tertiary,yes,no,cellular,nov,67,,no,0
57,married,primary,no,no,unknown,jun,109,,no,0
38,married,secondary,no,no,cellular,feb,147,,no,0
44,married,secondary,no,no,cellular,jan,334,,no,0
45,married,primary,no,no,telephone,jul,145,,no,0
33,married,primary,yes,no,cellular,jul,351,,no,0
41,married,unknown,yes,no,cellular,may,52,,no,0
54,married,unknown,no,no,unknown,jun,134,,no,0
62,married,tertiary,no,no,cellular,apr,496,,yes,0
29,single,secondary,yes,no,cellular,may,293,,no,0
60,divorced,primary,no,no,telephone,nov,105,,no,0
52,married,secondary,no,yes,cellular,jul,245,,no,0
49,married,primary,no,no,unknown,jul,191,,no,0
51,married,secondary,yes,no,telephone,may,97,,no,0
48,divorced,secondary,yes,yes,cellular,jun,248,89.0,no,1
44,married,tertiary,yes,no,unknown,may,124,,no,0
31,married,secondary,yes,no,cellular,nov,441,,no,0
51,single,secondary,yes,no,cellular,nov,69,,no,0
43,married,primary,yes,yes,cellular,may,205,306.0,no,1
32,single,secondary,yes,yes,cellular,may,107,344.0,no,1
29,married,tertiary,yes,yes,unknown,may,280,,no,0
49,married,secondary,yes,yes,cellular,may,134,256.0,no,1
45,married,primary,yes,no,unknown,may,51,,no,0
49,married,secondary,yes,yes,unknown,may,197,,no,0
27,single,secondary,no,no,cellular,jul,203,,yes,0
44,married,secondary,yes,yes,cellular,jul,209,,no,0
46,single,secondary,no,no,cellular,aug,160,,no,0
32,married,secondary,yes,no,cellular,nov,493,,no,0
38,married,primary,yes,yes,telephone,jul,163,,no,0
36,single,tertiary,yes,no,cellular,may,568,,yes,0
33,single,tertiary,no,yes,cellular,jul,192,,no,0
30,married,secondary,no,no,cellular,aug,124,,no,0
54,married,tertiary,no,no,cellular,feb,256,,no,0
31,single,secondary,yes,no,cellular,nov,321,190.0,no,1
57,married,tertiary,no,no,unknown,jun,26,,no,0
56,married,secondary,no,no,cellular,jul,101,,no,0
35,married,secondary,yes,no,unknown,may,79,,no,0
69,married,tertiary,no,no,cellular,jul,112,78.0,no,1
33,married,secondary,yes,no,cellular,jul,181,,no,0
38,married,tertiary,no,no,cellular,jun,103,67.0,yes,1
59,single,tertiary,yes,no,unknown,may,176,,no,0
37,divorced,secondary,no,no,unknown,jun,150,,no,0
57,married,secondary,no,no,unknown,jun,447,,no,0
30,married,tertiary,yes,no,cellular,may,401,336.0,no,1
57,married,secondary,no,yes,telephone,jul,165,,no,0
37,single,tertiary,yes,no,cellular,may,212,,no,0
34,married,secondary,no,yes,cellular,feb,150,,no,0
41,single,secondary,no,no,unknown,jun,229,,no,0
46,married,tertiary,yes,no,unknown,may,128,,no,0
32,divorced,primary,yes,no,telephone,jul,11,,no,0
47,married,primary,yes,no,cellular,may,143,370.0,no,1
42,married,secondary,yes,no,cellular,jul,222,,no,0
46,divorced,tertiary,yes,no,unknown,may,69,,no,0
53,married,secondary,no,yes,telephone,jul,137,,no,0
57,married,secondary,no,no,cellular,oct,61,,no,0
57,single,secondary,yes,no,cellular,may,458,,yes,0
45,married,tertiary,yes,yes,cellular,may,217,176.0,no,1
35,married,primary,yes,no,unknown,may,292,,no,0
37,married,secondary,yes,no,cellular,jul,94,,no,0
30,single,primary,yes,no,cellular,nov,569,175.0,no,1
33,single,tertiary,no,no,cellular,oct,380,91.0,yes,1
31,divorced,tertiary,yes,no,cellular,feb,67,202.0,no,1
46,married,primary,yes,no,unknown,jun,272,,no,0
38,married,secondary,no,no,unknown,jul,515,,no,0
47,married,tertiary,yes,no,cellular,mar,78,,no,0
26,single,secondary,no,no,cellular,nov,104,196.0,no,1
55,married,secondary,no,no,cellular,jun,324,90.0,yes,1
44,married,unknown,no,yes,unknown,may,160,,no,0
39,married,secondary,yes,no,cellular,may,122,357.0,no,1
54,married,secondary,yes,no,cellular,nov,146,,no,0
58,married,secondary,no,no,cellular,may,188,161.0,no,1
48,divorced,secondary,no,no,cellular,aug,132,,no,0
39,married,secondary,yes,no,cellular,apr,303,300.0,no,1
54,married,primary,no,no,cellular,aug,160,,no,0
31,married,tertiary,no,no,cellular,aug,195,,no,0
46,married,secondary,no,no,cellular,jul,142,,no,0
36,married,secondary,no,no,cellular,may,83,42.0,no,1
47,married,secondary,no,no,cellular,aug,322,,no,0
41,married,unknown,no,no,unknown,may,284,,no,0
57,single,secondary,no,no,cellular,aug,355,,yes,0
57,married,tertiary,no,no,unknown,jun,453,,no,0
47,divorced,tertiary,yes,no,telephone,may,973,366.0,no,1
37,married,primary,no,no,unknown,jun,126,,no,0
29,married,secondary,yes,yes,unknown,may,241,,no,0
29,married,tertiary,yes,yes,unknown,may,49,,no,0
39,single,secondary,yes,yes,cellular,may,180,166.0,no,1
60,married,tertiary,no,no,cellular,aug,105,,no,0
42,married,primary,yes,no,unknown,may,41,,no,0
64,married,secondary,no,no,cellular,jul,574,179.0,yes,1
33,married,secondary,no,no,unknown,may,239,,no,0
42,married,secondary,yes,no,cellular,jul,548,,no,0
34,married,secondary,yes,no,cellular,jul,532,,no,0
20,single,unknown,no,no,cellular,dec,284,,yes,0
39,single,tertiary,no,no,cellular,aug,94,,no,0
35,married,secondary,yes,no,unknown,may,455,,no,0
53,married,tertiary,no,no,unknown,jun,82,,no,0
55,married,secondary,no,no,cellular,sep,350,98.0,yes,1
29,single,secondary,yes,no,cellular,may,139,345.0,no,1
60,married,secondary,no,yes,cellular,jul,211,,no,0
41,married,secondary,no,no,cellular,aug,155,,no,0
32,married,primary,yes,no,telephone,may,185,370.0,no,1
42,married,unknown,no,no,telephone,jan,258,,no,0
37,single,secondary,no,no,cellular,feb,301,,no,0
52,married,secondary,yes,no,unknown,jun,177,,no,0
35,married,primary,yes,no,cellular,may,244,,no,0
53,divorced,primary,no,no,telephone,aug,254,,yes,0
34,single,tertiary,yes,no,unknown,may,118,,no,0
32,single,secondary,yes,no,cellular,may,139,363.0,no,1
29,single,secondary,yes,no,unknown,jun,361,,no,0
26,single,primary,yes,yes,unknown,may,305,,no,0
25,single,tertiary,yes,no,cellular,apr,226,,no,0
46,married,tertiary,yes,no,cellular,aug,515,,no,0
58,married,primary,yes,yes,cellular,aug,80,,no,0
39,divorced,secondary,no,no,cellular,aug,116,,no,0
25,single,tertiary,yes,no,cellular,feb,58,,no,0
30,single,secondary,yes,no,unknown,may,1193,,yes,0
50,married,tertiary,no,no,cellular,aug,155,,no,0
49,divorced,secondary,yes,no,unknown,jun,106,,no,0
52,married,secondary,yes,yes,unknown,may,361,,no,0
28,married,tertiary,yes,no,unknown,may,461,,no,0
30,single,secondary,no,no,cellular,aug,49,,no,0
27,single,secondary,yes,no,cellular,may,493,,no,0
48,married,secondary,no,no,cellular,jul,330,,no,0
39,married,tertiary,no,no,cellular,aug,247,,no,0
31,single,tertiary,yes,no,cellular,aug,130,,no,0
31,married,secondary,yes,no,cellular,nov,236,,no,0
50,married,unknown,yes,no,unknown,may,200,,no,0
32,single,tertiary,no,no,cellular,apr,210,,no,0
49,married,primary,no,no,unknown,jun,123,,no,0
48,married,secondary,no,no,unknown,jun,389,,no,0
34,single,tertiary,yes,no,unknown,jun,119,,no,0
33,single,secondary,yes,no,cellular,apr,427,329.0,no,1
46,married,unknown,no,no,cellular,nov,104,189.0,no,1
43,married,secondary,yes,no,unknown,may,228,,no,0
38,divorced,secondary,no,no,unknown,jun,261,,no,0
38,married,tertiary,yes,no,unknown,jun,258,,no,0
44,married,secondary,yes,no,cellular,jul,72,,no,0
23,married,secondary,yes,no,unknown,jun,81,,no,0
54,married,tertiary,no,no,cellular,nov,43,,no,0
34,married,secondary,no,yes,cellular,may,737,,yes,0
37,married,tertiary,yes,no,unknown,may,55,,no,0
36,married,unknown,yes,yes,cellular,may,42,,no,0
22,single,secondary,no,no,cellular,feb,928,,no,0
37,married,secondary,yes,no,unknown,jun,250,,no,0
40,married,primary,yes,no,unknown,may,161,,no,0
28,married,secondary,yes,no,cellular,may,129,,no,0
35,single,tertiary,yes,no,unknown,may,145,,no,0
48,married,primary,yes,no,cellular,jul,61,,no,0
32,married,secondary,yes,yes,cellular,may,93,180.0,no,1
52,divorced,secondary,no,no,cellular,aug,404,,yes,0
51,married,tertiary,yes,no,cellular,oct,272,102.0,no,1
34,divorced,primary,yes,no,unknown,may,489,,no,0
55,married,secondary,no,no,cellular,sep,182,184.0,yes,1
45,married,secondary,no,no,cellular,aug,145,,no,0
47,divorced,secondary,no,no,unknown,jun,40,,no,0
39,married,secondary,yes,no,cellular,may,344,,no,0
51,married,secondary,no,no,telephone,feb,295,,no,0
32,single,primary,yes,no,cellular,nov,114,,no,0
39,divorced,tertiary,no,no,cellular,jul,194,88.0,yes,1
39,married,tertiary,yes,no,cellular,sep,265,476.0,yes,1
55,married,primary,yes,no,unknown,jun,15,,no,0
45,married,secondary,yes,no,unknown,may,191,,no,0
33,single,tertiary,yes,no,cellular,may,1046,,yes,0
49,married,primary,yes,no,telephone,may,108,,no,0
56,married,unknown,no,no,cellular,jul,232,,no,0
40,single,tertiary,no,no,cellular,aug,165,,no,0
25,single,tertiary,no,no,cellular,may,351,,no,0
41,single,secondary,no,yes,cellular,may,35,356.0,no,1
37,married,primary,no,no,cellular,feb,280,,no,0
29,married,secondary,no,yes,cellular,jul,235,,no,0
29,divorced,secondary,yes,no,cellular,apr,712,,yes,0
39,married,secondary,yes,no,unknown,jun,165,,no,0
29,married,secondary,yes,no,unknown,jun,123,,no,0
47,single,tertiary,no,no,cellular,feb,293,,no,0
40,married,secondary,no,no,cellular,may,261,178.0,no,1
54,married,primary,yes,no,unknown,may,62,,no,0
30,single,tertiary,yes,no,cellular,nov,150,,no,0
38,married,secondary,yes,no,cellular,aug,161,,no,0
48,married,tertiary,no,yes,cellular,jul,70,,no,0
28,single,secondary,yes,no,unknown,may,136,,no,0
45,married,primary,yes,no,unknown,may,923,,no,0
46,married,secondary,yes,no,cellular,jul,126,,no,0
41,married,secondary,yes,no,cellular,jul,158,,no,0
51,married,secondary,no,no,cellular,aug,217,,no,0
37,married,secondary,yes,yes,cellular,nov,44,,no,0
51,married,secondary,no,no,unknown,jun,7,,no,0
29,single,tertiary,no,no,cellular,may,268,88.0,yes,1
25,married,tertiary,yes,no,cellular,may,185,,no,0
34,married,secondary,yes,no,unknown,jun,165,,no,0
31,married,secondary,no,no,cellular,apr,615,,yes,0
34,married,secondary,yes,yes,cellular,may,315,,no,0
45,married,primary,yes,no,telephone,jul,32,,no,0
31,married,primary,yes,no,unknown,may,479,,no,0
46,married,primary,yes,no,unknown,may,217,,no,0
29,single,tertiary,yes,no,cellular,may,103,363.0,no,1
36,married,secondary,no,no,unknown,may,98,,no,0
36,married,secondary,no,no,cellular,jan,339,,no,0
32,single,secondary,no,no,cellular,aug,390,,no,0
32,single,tertiary,no,no,unknown,may,35,,no,0
30,single,primary,yes,no,cellular,may,125,,no,0
31,single,tertiary,no,no,cellular,jun,529,,yes,0
39,married,secondary,yes,no,unknown,may,99,,no,0
46,married,unknown,yes,no,unknown,may,306,,no,0
55,married,unknown,yes,no,cellular,nov,278,104.0,no,1
47,married,secondary,yes,no,cellular,feb,117,221.0,no,1
42,married,primary,yes,no,unknown,may,51,,no,0
38,single,secondary,no,no,unknown,jun,359,,no,0
33,married,secondary,yes,no,cellular,apr,1817,,yes,0
44,married,secondary,yes,no,cellular,nov,73,,no,0
27,single,tertiary,no,no,cellular,sep,299,100.0,yes,1
30,single,secondary,no,no,cellular,nov,240,,no,0
41,married,secondary,no,no,cellular,aug,160,,no,0
35,single,secondary,no,no,cellular,aug,392,,no,0
31,single,secondary,yes,no,cellular,may,590,,no,0
27,single,tertiary,no,no,cellular,feb,17,,no,0
47,married,tertiary,no,no,unknown,jun,178,,no,0
25,single,tertiary,no,no,cellular,jun,169,,no,0
48,married,primary,yes,no,unknown,may,144,,no,0
47,married,primary,yes,no,unknown,may,128,,no,0
27,married,secondary,yes,no,cellular,may,304,332.0,no,1
35,married,secondary,no,no,cellular,aug,268,,no,0
35,single,tertiary,no,no,unknown,jun,17,,no,0
31,single,secondary,yes,no,cellular,apr,1126,335.0,no,1
37,married,secondary,yes,no,unknown,may,135,,no,0
23,single,secondary,yes,no,cellular,may,77,,no,0
23,single,secondary,yes,no,unknown,may,124,,no,0
36,divorced,tertiary,yes,no,unknown,may,172,,no,0
29,married,secondary,yes,no,cellular,may,231,,no,0
30,single,tertiary,no,yes,unknown,jul,88,,no,0
56,married,unknown,no,no,unknown,jun,1812,,no,0
30,married,tertiary,no,no,cellular,feb,78,,no,0
28,single,tertiary,no,no,telephone,may,16,,no,0
30,married,secondary,yes,no,unknown,jun,955,,no,0
45,married,tertiary,no,no,cellular,aug,199,,no,0
24,married,secondary,yes,no,cellular,apr,369,,no,0
69,married,secondary,no,no,cellular,oct,114,,no,0
32,single,tertiary,no,no,cellular,aug,161,375.0,yes,1
27,single,secondary,no,no,cellular,jan,24,,no,0
43,married,secondary,no,yes,cellular,jul,34,,no,0
69,married,secondary,no,no,cellular,aug,412,,yes,0
43,married,primary,no,no,cellular,feb,182,,no,0
33,divorced,secondary,yes,no,unknown,may,74,,no,0
41,single,secondary,yes,no,cellular,jan,58,266.0,no,1
53,divorced,unknown,yes,no,cellular,jul,332,,no,0
31,married,tertiary,yes,no,cellular,may,498,,no,0
70,married,primary,no,no,cellular,mar,618,,no,0
36,married,tertiary,no,no,cellular,nov,64,100.0,no,1
28,married,tertiary,no,yes,cellular,apr,93,,no,0
57,married,secondary,no,no,cellular,aug,342,,yes,0
67,married,primary,no,no,cellular,aug,109,,no,0
36,married,tertiary,yes,no,cellular,may,568,,no,0
31,divorced,primary,yes,no,cellular,may,36,336.0,no,1
34,married,tertiary,yes,no,unknown,jun,105,,no,0
59,married,primary,yes,no,unknown,jun,21,,no,0
36,single,secondary,yes,no,cellular,may,629,173.0,yes,1
37,single,secondary,yes,no,unknown,may,242,,no,0
33,married,secondary,yes,no,cellular,may,423,,no,0
40,married,tertiary,yes,yes,cellular,feb,101,,no,0
33,married,tertiary,no,no,cellular,nov,44,,no,0
27,single,secondary,yes,yes,unknown,may,450,,no,0
38,divorced,secondary,yes,no,cellular,dec,347,186.0,no,1
37,married,tertiary,no,no,cellular,nov,326,,no,0
56,married,primary,no,no,unknown,jun,258,,no,0
37,married,tertiary,yes,no,cellular,nov,204,,no,0
30,single,tertiary,no,no,cellular,aug,132,,no,0
25,single,secondary,no,yes,cellular,jul,84,,no,0
35,married,secondary,yes,yes,unknown,may,95,,no,0
40,divorced,secondary,yes,no,cellular,may,290,,no,0
37,married,secondary,yes,no,cellular,apr,157,,no,0
38,single,secondary,yes,yes,cellular,aug,251,117.0,no,1
26,single,secondary,yes,no,cellular,jul,161,,no,0
41,married,primary,yes,yes,cellular,may,102,,no,0
39,single,tertiary,no,no,cellular,aug,121,,no,0
42,single,secondary,yes,no,cellular,may,67,177.0,no,1
32,married,secondary,yes,yes,cellular,jan,117,,no,0
39,divorced,primary,yes,no,cellular,may,22,,no,0
54,married,secondary,no,no,cellular,aug,226,,no,0
46,single,secondary,yes,no,unknown,may,194,,no,0
34,married,tertiary,no,yes,cellular,nov,366,,no,0
42,married,unknown,yes,no,unknown,jun,16,,no,0
34,single,secondary,yes,no,cellular,apr,169,,no,0
45,married,secondary,no,no,cellular,jul,301,88.0,no,1
62,divorced,tertiary,no,no,cellular,oct,534,,no,0
53,married,secondary,no,yes,cellular,feb,150,,no,0
43,divorced,tertiary,yes,no,cellular,may,313,369.0,no,1
53,married,secondary,no,no,unknown,jun,154,,no,0
26,single,tertiary,no,no,cellular,jan,1387,,yes,0
52,married,secondary,no,no,unknown,may,227,,no,0
28,single,secondary,no,no,cellular,jul,118,,no,0
34,married,secondary,yes,no,cellular,feb,173,258.0,no,1
36,divorced,primary,no,no,cellular,feb,306,,no,0
38,single,tertiary,yes,no,cellular,may,119,,no,0
33,married,tertiary,no,no,cellular,jun,92,301.0,no,1
55,married,tertiary,no,no,unknown,may,278,,no,0
33,married,secondary,no,yes,cellular,feb,214,,no,0
58,married,secondary,yes,no,telephone,apr,21,,no,0
32,single,secondary,yes,yes,unknown,may,202,,no,0
34,married,secondary,yes,yes,cellular,jun,153,309.0,no,1
37,divorced,primary,yes,no,telephone,may,42,,no,0
21,single,secondary,no,no,unknown,oct,5,,no,0
68,divorced,secondary,no,no,telephone,jul,897,,yes,0
32,single,secondary,yes,yes,cellular,may,121,,no,0
50,married,secondary,no,no,cellular,feb,276,195.0,no,1
43,married,secondary,yes,no,cellular,may,141,,no,0
41,married,tertiary,no,no,cellular,aug,338,,no,0
30,single,secondary,yes,no,unknown,jun,862,,yes,0
46,married,primary,no,no,unknown,may,222,,no,0
45,married,tertiary,no,no,unknown,jun,202,,no,0
41,married,secondary,yes,no,cellular,may,874,363.0,yes,1
57,married,secondary,yes,yes,unknown,may,200,,no,0
39,single,secondary,no,no,cellular,aug,395,,yes,0
43,married,secondary,no,no,cellular,apr,488,,no,0
55,married,tertiary,no,no,cellular,aug,1650,,no,0
35,single,secondary,yes,no,unknown,jun,110,,no,0
47,single,tertiary,yes,no,cellular,feb,100,,no,0
34,single,tertiary,no,no,cellular,may,376,97.0,no,1
52,married,unknown,yes,no,cellular,jan,144,197.0,no,1
31,divorced,tertiary,no,no,cellular,jul,355,,yes,0
31,married,tertiary,yes,no,cellular,jul,147,,no,0
34,married,tertiary,yes,yes,cellular,jul,1165,,no,0
47,married,primary,yes,no,cellular,feb,38,,no,0
43,single,tertiary,yes,no,unknown,may,58,,no,0
58,divorced,secondary,no,no,unknown,jun,67,,no,0
42,married,unknown,no,no,cellular,aug,80,,no,0
58,married,primary,no,no,cellular,aug,109,,no,0
33,married,secondary,yes,yes,cellular,may,732,291.0,yes,1
42,divorced,secondary,yes,no,unknown,may,15,,no,0
60,married,primary,no,no,unknown,jun,442,,no,0
42,married,secondary,no,no,unknown,jun,216,,no,0
31,divorced,secondary,yes,no,telephone,nov,194,,no,0
30,married,tertiary,yes,no,cellular,jun,194,,yes,0
24,single,secondary,no,no,cellular,apr,354,,yes,0
41,divorced,tertiary,no,no,cellular,oct,302,119.0,no,1
39,married,secondary,no,no,unknown,jun,256,,no,0
35,married,secondary,yes,no,cellular,apr,202,280.0,no,1
33,married,secondary,yes,no,unknown,may,383,,no,0
34,divorced,secondary,yes,no,cellular,nov,88,126.0,no,1
36,single,secondary,yes,no,cellular,may,200,,no,0
40,married,secondary,yes,yes,unknown,may,76,,no,0
40,married,secondary,yes,no,cellular,may,64,336.0,no,1
34,single,secondary,yes,no,unknown,may,313,,no,0
56,divorced,secondary,yes,no,cellular,aug,419,,yes,0
50,married,unknown,yes,no,unknown,may,243,,no,0
23,single,tertiary,no,no,cellular,sep,210,92.0,no,1
36,married,secondary,yes,no,unknown,may,235,,no,0
48,married,secondary,no,no,cellular,aug,195,,no,0
46,single,tertiary,no,no,cellular,aug,142,,no,0
31,single,tertiary,yes,no,cellular,may,414,175.0,no,1
29,single,secondary,yes,yes,cellular,may,67,,no,0
43,married,primary,yes,yes,cellular,jul,87,,no,0
57,married,secondary,no,no,cellular,feb,1063,,yes,0
60,married,secondary,no,no,cellular,aug,418,,no,0
46,single,secondary,yes,no,unknown,jun,214,,no,0
46,married,secondary,no,no,cellular,jul,72,,no,0
55,married,secondary,yes,yes,unknown,jun,124,,no,0
46,married,secondary,yes,yes,cellular,apr,164,300.0,no,1
50,married,secondary,yes,yes,cellular,nov,126,,no,0
34,married,tertiary,no,no,cellular,jan,216,,no,0
25,single,tertiary,yes,no,cellular,jul,134,,no,0
57,married,tertiary,no,no,cellular,jan,91,94.0,no,1
30,divorced,secondary,yes,no,unknown,may,154,,no,0
42,divorced,secondary,no,no,cellular,jul,360,,no,0
25,single,tertiary,no,no,cellular,apr,124,,no,0
29,single,secondary,yes,yes,unknown,may,92,,no,0
24,single,unknown,no,no,cellular,jun,1094,,no,0
42,married,primary,yes,no,unknown,may,171,,no,0
35,married,tertiary,no,no,cellular,may,74,168.0,no,1
36,married,secondary,yes,yes,unknown,may,263,,no,0
34,single,tertiary,yes,no,unknown,may,864,,yes,0
70,married,tertiary,no,no,telephone,oct,90,,no,0
24,single,secondary,yes,no,cellular,may,317,355.0,no,1
45,single,unknown,no,no,cellular,nov,279,,no,0
48,married,primary,no,no,cellular,jul,362,,no,0
34,married,tertiary,no,no,cellular,aug,166,,no,0
47,married,secondary,no,yes,unknown,jun,128,,no,0
60,married,primary,no,no,telephone,aug,67,,no,0
39,married,tertiary,yes,no,unknown,may,107,,no,0
34,single,secondary,no,no,cellular,nov,205,,no,0
44,married,tertiary,no,no,cellular,aug,114,,no,0
33,single,secondary,yes,yes,unknown,jun,185,,no,0
30,married,secondary,no,no,cellular,nov,105,,no,0
46,divorced,secondary,yes,no,cellular,apr,225,150.0,no,1
57,divorced,tertiary,yes,no,cellular,aug,865,,yes,0
28,single,tertiary,yes,no,telephone,may,203,,no,0
40,married,primary,yes,no,cellular,apr,76,,no,0
41,single,secondary,yes,no,unknown,jul,479,,yes,0
33,married,primary,no,no,unknown,sep,9,,no,0
54,married,secondary,yes,no,cellular,apr,268,331.0,no,1
36,married,secondary,yes,no,unknown,jun,100,,no,0
50,married,secondary,yes,no,cellular,may,168,,no,0
35,married,secondary,yes,no,unknown,jun,90,,no,0
46,married,secondary,yes,yes,cellular,may,50,277.0,no,1
37,married,tertiary,yes,no,cellular,apr,261,,no,0
39,married,tertiary,yes,no,cellular,aug,313,102.0,no,1
27,single,secondary,no,no,cellular,jul,260,,no,0
55,married,primary,no,no,unknown,jun,306,,no,0
40,single,tertiary,yes,no,cellular,jul,96,,no,0
40,married,tertiary,yes,yes,unknown,may,195,,no,0
48,divorced,secondary,yes,no,cellular,may,146,370.0,no,1
29,divorced,secondary,no,no,unknown,may,393,,no,0
25,single,secondary,no,no,cellular,jul,736,,no,0
49,married,secondary,yes,no,cellular,may,190,276.0,no,1
45,divorced,secondary,no,yes,cellular,jul,574,,yes,0
30,single,secondary,yes,no,cellular,nov,45,,no,0
32,single,primary,yes,no,cellular,may,716,,yes,0
36,married,tertiary,yes,no,unknown,may,168,,no,0
35,married,secondary,yes,yes,cellular,jan,41,184.0,no,1
32,married,unknown,no,no,cellular,feb,79,,no,0
35,married,secondary,yes,no,cellular,may,249,365.0,no,1
32,married,secondary,yes,no,cellular,nov,179,197.0,no,1
32,divorced,secondary,yes,no,unknown,may,155,,no,0
24,married,unknown,no,no,cellular,apr,324,,yes,0
48,married,secondary,yes,no,cellular,nov,581,,no,0
36,married,secondary,no,no,unknown,jun,408,,no,0
60,married,primary,no,no,cellular,aug,182,95.0,no,1
40,divorced,tertiary,yes,no,cellular,nov,64,,no,0
52,divorced,secondary,no,no,unknown,jul,86,,no,0
32,single,secondary,no,no,cellular,aug,190,,no,0
44,married,primary,no,no,cellular,nov,570,,no,0
41,married,secondary,yes,no,cellular,may,606,335.0,no,1
30,married,secondary,yes,no,cellular,aug,73,,no,0
35,divorced,secondary,no,no,cellular,aug,77,,no,0
41,single,tertiary,no,no,cellular,aug,408,,no,0
59,married,tertiary,no,yes,telephone,jul,159,,no,0
34,married,secondary,yes,yes,unknown,jun,102,,no,0
40,married,tertiary,yes,no,cellular,jul,97,,no,0
39,single,secondary,no,no,cellular,aug,70,,no,0
23,single,secondary,yes,no,unknown,may,134,,no,0
35,married,secondary,yes,no,cellular,nov,233,190.0,no,1
54,divorced,secondary,yes,yes,cellular,may,9,350.0,no,1
41,divorced,secondary,yes,no,unknown,may,60,,no,0
51,divorced,secondary,yes,no,unknown,may,186,,no,0
26,single,tertiary,no,no,cellular,apr,99,,no,0
56,married,tertiary,no,no,unknown,jun,345,,no,0
42,married,secondary,yes,yes,unknown,jun,229,,no,0
32,single,tertiary,yes,no,cellular,apr,1156,261.0,no,1
56,married,tertiary,no,no,cellular,aug,82,,no,0
71,divorced,secondary,no,no,cellular,sep,369,,yes,0
48,single,tertiary,yes,no,cellular,may,124,344.0,no,1
29,single,tertiary,no,no,cellular,mar,228,91.0,no,1
31,married,secondary,yes,no,cellular,jul,100,,no,0
39,single,secondary,yes,no,cellular,may,57,344.0,no,1
37,single,tertiary,no,no,unknown,jun,407,,no,0
29,married,secondary,yes,no,unknown,may,238,,no,0
30,married,secondary,no,no,cellular,apr,86,,no,0
33,married,secondary,yes,yes,unknown,may,241,,no,0
47,married,secondary,no,no,cellular,aug,139,,no,0
52,married,secondary,yes,no,telephone,nov,72,,no,0
36,divorced,tertiary,yes,no,cellular,may,235,293.0,no,1
52,married,tertiary,no,no,cellular,jul,32,,no,0
50,married,tertiary,no,no,unknown,jul,60,,no,0
50,married,secondary,yes,no,cellular,apr,599,,no,0
32,married,secondary,yes,no,unknown,may,653,,yes,0
30,married,secondary,yes,no,unknown,may,659,,no,0
27,single,secondary,yes,no,cellular,may,153,,no,0
29,married,tertiary,yes,no,cellular,apr,143,,no,0
34,single,tertiary,no,no,cellular,aug,123,,no,0
40,married,secondary,no,no,unknown,may,79,,no,0
54,single,tertiary,yes,no,unknown,may,809,,no,0
40,married,secondary,yes,no,cellular,feb,252,,no,0
43,married,tertiary,no,no,cellular,nov,55,,no,0
41,married,tertiary,no,no,cellular,aug,1242,,yes,0
33,single,secondary,yes,no,cellular,aug,105,,no,0
36,single,secondary,yes,no,unknown,may,617,,no,0
48,married,secondary,no,no,cellular,feb,201,,no,0
43,married,tertiary,yes,no,cellular,nov,435,,no,0
27,married,secondary,yes,no,cellular,feb,140,,no,0
49,married,primary,no,no,telephone,jul,161,,no,0
43,single,primary,yes,no,unknown,jun,317,,no,0
47,married,tertiary,yes,no,cellular,jul,189,,no,0
34,married,secondary,yes,yes,cellular,may,111,,no,0
52,married,secondary,no,no,cellular,aug,356,,no,0
32,single,tertiary,no,no,cellular,sep,110,95.0,no,1
42,married,secondary,yes,no,unknown,may,115,,no,0
34,married,primary,yes,no,cellular,apr,297,,no,0
36,married,tertiary,yes,no,cellular,may,104,181.0,no,1
48,married,secondary,yes,no,telephone,jul,76,,no,0
51,divorced,secondary,no,no,cellular,aug,131,,no,0
33,married,secondary,no,no,cellular,apr,108,,yes,0
40,divorced,secondary,yes,no,cellular,jul,367,,no,0
41,married,secondary,no,no,cellular,nov,65,110.0,no,1
34,single,tertiary,yes,no,cellular,jul,87,,no,0
29,married,secondary,no,no,unknown,may,469,,no,0
27,single,secondary,yes,yes,cellular,feb,147,216.0,no,1
40,divorced,tertiary,yes,no,cellular,jul,919,,no,0
38,single,secondary,yes,no,unknown,may,61,,no,0
30,married,secondary,yes,no,cellular,feb,191,,no,0
47,married,secondary,no,no,cellular,aug,203,,no,0
32,divorced,secondary,no,yes,unknown,may,703,,no,0
29,married,secondary,yes,no,unknown,may,179,,no,0
31,married,secondary,no,no,cellular,dec,310,,yes,0
46,married,secondary,yes,no,cellular,may,20,,no,0
51,married,primary,yes,no,unknown,may,415,,no,0
41,single,tertiary,yes,no,cellular,jul,162,,no,0
45,married,primary,yes,no,unknown,may,233,,no,0
31,single,secondary,yes,yes,telephone,may,243,,no,0
28,single,secondary,yes,no,cellular,may,115,,no,0
45,married,secondary,no,no,cellular,jul,73,,no,0
33,single,secondary,no,no,cellular,jan,305,274.0,yes,1
28,single,tertiary,yes,no,cellular,may,32,14.0,no,1
36,single,secondary,no,no,cellular,feb,77,,no,0
32,single,primary,no,yes,cellular,nov,42,,no,0
55,married,primary,no,yes,cellular,jul,162,,no,0
37,married,secondary,no,yes,cellular,may,254,,no,0
32,married,tertiary,no,no,cellular,aug,167,,no,0
31,single,secondary,yes,no,cellular,may,291,364.0,no,1
34,single,secondary,yes,no,cellular,jan,83,262.0,no,1
31,single,tertiary,no,no,cellular,aug,38,,no,0
44,married,secondary,no,no,unknown,jun,406,,no,0
51,married,primary,yes,yes,cellular,jul,946,,yes,0
29,married,tertiary,yes,no,unknown,may,121,,no,0
59,married,tertiary,no,no,unknown,jun,181,,no,0
22,single,secondary,no,no,cellular,jun,181,,no,0
46,married,secondary,yes,no,cellular,jul,1013,,yes,0
45,single,secondary,yes,no,cellular,may,38,,no,0
50,married,tertiary,yes,no,telephone,jul,111,,no,0
55,married,secondary,no,no,cellular,jul,267,,no,0
29,married,secondary,yes,yes,cellular,may,152,344.0,no,1
40,married,tertiary,yes,yes,cellular,jan,260,268.0,no,1
59,married,primary,no,no,cellular,jan,98,154.0,no,1
71,married,tertiary,no,no,cellular,aug,265,190.0,no,1
59,married,primary,yes,no,cellular,nov,531,134.0,no,1
49,single,primary,no,no,telephone,jul,115,,no,0
45,married,unknown,no,no,unknown,jun,16,,no,0
41,single,unknown,yes,no,unknown,jun,75,,no,0
26,single,secondary,yes,no,cellular,feb,810,268.0,yes,1
36,single,primary,no,no,unknown,jun,1478,,no,0
47,married,secondary,no,no,cellular,aug,109,,no,0
44,married,secondary,no,no,cellular,aug,251,,no,0
54,divorced,primary,no,no,unknown,jun,127,,no,0
45,married,tertiary,no,no,unknown,jun,83,,no,0
57,married,secondary,no,no,cellular,aug,119,,no,0
30,single,secondary,yes,no,cellular,may,170,,no,0
35,married,secondary,no,no,cellular,aug,137,,no,0
46,married,secondary,yes,no,cellular,mar,243,239.0,yes,1
32,married,secondary,yes,no,cellular,apr,177,,yes,0
34,married,tertiary,yes,no,cellular,may,459,,yes,0
38,married,primary,yes,no,unknown,jun,29,,no,0
48,married,primary,no,no,cellular,aug,157,,no,0
35,married,tertiary,yes,no,cellular,apr,139,243.0,no,1
47,married,tertiary,no,no,cellular,aug,207,,no,0
34,married,tertiary,no,no,cellular,nov,222,,no,0
48,single,secondary,no,no,cellular,nov,442,,no,0
33,single,tertiary,no,no,cellular,aug,182,,no,0
33,married,tertiary,no,no,cellular,apr,439,,yes,0
29,married,secondary,yes,no,unknown,jun,267,,no,0
36,divorced,secondary,yes,no,cellular,may,66,,no,0
50,married,tertiary,yes,no,unknown,may,388,,no,0
33,married,tertiary,no,no,cellular,feb,240,385.0,no,1
60,married,secondary,no,no,cellular,jun,95,357.0,yes,1
35,divorced,tertiary,yes,no,unknown,may,736,,yes,0
34,married,tertiary,yes,no,cellular,jul,68,,no,0
29,single,unknown,no,yes,cellular,jul,338,,no,0
49,married,secondary,yes,no,unknown,may,76,,no,0
41,single,tertiary,yes,no,cellular,feb,215,80.0,no,1
38,married,secondary,yes,no,unknown,may,241,,no,0
34,married,secondary,yes,no,unknown,may,924,,yes,0
43,married,secondary,no,no,cellular,mar,101,421.0,yes,1
50,married,secondary,yes,no,cellular,jan,155,,no,0
33,single,tertiary,no,no,cellular,aug,191,,no,0
23,single,secondary,yes,no,cellular,may,416,,yes,0
31,single,secondary,yes,no,cellular,may,111,,no,0
35,married,secondary,yes,no,cellular,apr,93,329.0,no,1
49,married,primary,yes,no,unknown,may,160,,no,0
42,married,secondary,no,no,cellular,aug,110,,no,0
48,married,primary,yes,no,cellular,may,210,346.0,no,1
33,married,secondary,yes,no,cellular,jan,162,258.0,no,1
32,married,primary,yes,no,cellular,may,169,,no,0
29,single,secondary,no,no,cellular,feb,51,,no,0
25,single,secondary,yes,no,cellular,sep,531,,yes,0
33,married,tertiary,no,no,unknown,may,262,,no,0
33,married,secondary,yes,no,unknown,may,271,,no,0
27,single,secondary,no,yes,cellular,jul,62,,no,0
28,single,secondary,no,yes,unknown,aug,5,,no,0
56,divorced,secondary,no,yes,telephone,jul,27,,no,0
35,married,secondary,no,no,cellular,may,55,364.0,no,1
40,married,primary,no,no,cellular,nov,325,,no,0
46,single,tertiary,no,no,cellular,aug,686,,yes,0
52,married,tertiary,yes,no,cellular,apr,238,323.0,no,1
54,married,tertiary,no,no,unknown,may,155,,no,0
40,married,secondary,yes,yes,cellular,nov,288,,no,0
36,married,secondary,yes,yes,unknown,may,153,,no,0
27,single,secondary,no,no,cellular,feb,207,,no,0
35,single,secondary,yes,no,cellular,may,214,305.0,yes,1
45,married,primary,yes,no,telephone,jan,109,,no,0
49,married,tertiary,yes,no,unknown,may,168,,no,0
33,married,secondary,yes,no,cellular,may,261,345.0,yes,1
27,single,secondary,yes,no,unknown,may,89,,no,0
32,single,tertiary,no,no,telephone,feb,402,,yes,0
32,married,secondary,no,no,cellular,aug,63,,no,0
36,single,secondary,no,no,cellular,feb,225,,no,0
28,single,primary,yes,no,cellular,may,204,359.0,no,1
40,married,secondary,no,no,cellular,aug,432,,yes,0
57,divorced,primary,no,no,telephone,jun,53,,no,0
39,married,secondary,no,no,cellular,nov,360,153.0,no,1
24,single,secondary,no,no,cellular,sep,86,,no,0
45,married,secondary,no,no,cellular,feb,617,251.0,no,1
56,married,tertiary,no,no,unknown,jun,191,,no,0
44,married,secondary,yes,no,cellular,nov,218,113.0,no,1
32,single,secondary,no,no,cellular,aug,155,,no,0
34,single,secondary,no,no,cellular,apr,449,326.0,no,1
73,married,primary,no,no,cellular,sep,961,,yes,0
37,married,tertiary,yes,no,unknown,may,346,,no,0
40,married,secondary,yes,no,cellular,nov,52,,no,0
30,married,secondary,no,yes,cellular,feb,149,,no,0
34,married,secondary,no,no,cellular,apr,739,,yes,0
43,married,primary,no,yes,cellular,may,45,,no,0
41,married,secondary,yes,no,telephone,apr,218,,no,0
36,divorced,primary,yes,no,cellular,may,725,,yes,0
40,divorced,secondary,yes,no,unknown,jun,316,,no,0
48,married,secondary,yes,no,cellular,nov,254,,no,0
31,married,secondary,yes,no,cellular,feb,380,,no,0
28,divorced,tertiary,no,no,cellular,jul,304,,no,0
47,married,secondary,no,no,cellular,aug,88,,no,0
26,married,secondary,yes,yes,cellular,may,138,,no,0
59,married,secondary,no,no,cellular,nov,162,,yes,0
31,married,unknown,yes,no,cellular,jul,543,,no,0
46,married,tertiary,no,no,cellular,aug,39,,no,0
41,married,primary,yes,no,cellular,nov,984,,yes,0
31,single,tertiary,yes,no,cellular,apr,997,57.0,yes,1
36,married,tertiary,no,no,cellular,feb,285,,yes,0
47,married,secondary,no,no,cellular,aug,52,,no,0
34,married,secondary,yes,no,unknown,may,520,,no,0
26,single,secondary,yes,no,cellular,may,550,,yes,0
32,single,tertiary,no,no,cellular,aug,79,,no,0
29,single,secondary,no,no,cellular,jul,108,,no,0
37,married,secondary,no,no,unknown,jun,401,,no,0
43,married,primary,yes,no,unknown,sep,173,,no,0
52,married,secondary,no,yes,cellular,jul,89,,no,0
77,single,primary,no,no,cellular,sep,511,,no,0
27,married,tertiary,yes,yes,cellular,aug,82,,no,0
43,divorced,secondary,no,no,cellular,may,262,353.0,yes,1
50,married,primary,yes,no,unknown,may,117,,no,0
24,single,secondary,yes,yes,cellular,may,224,,no,0
41,married,tertiary,no,no,cellular,feb,107,,no,0
45,married,secondary,yes,no,unknown,nov,187,154.0,no,1
36,married,secondary,yes,no,cellular,nov,161,,no,0
44,married,primary,yes,no,cellular,feb,290,,no,0
31,married,secondary,yes,no,cellular,may,552,329.0,yes,1
47,married,tertiary,no,no,cellular,aug,213,,no,0
35,married,secondary,yes,no,cellular,may,7,367.0,no,1
40,single,tertiary,no,no,cellular,jul,180,,yes,0
44,single,unknown,no,no,unknown,jun,17,,no,0
31,single,tertiary,yes,no,cellular,jul,134,,no,0
28,married,secondary,no,no,unknown,may,201,,no,0
36,single,secondary,yes,no,cellular,may,327,,no,0
38,married,primary,yes,no,telephone,may,101,356.0,no,1
54,married,tertiary,yes,no,telephone,apr,690,,no,0
43,married,tertiary,no,no,cellular,nov,314,,yes,0
44,divorced,secondary,yes,no,unknown,may,600,,no,0
29,single,secondary,no,no,unknown,may,623,,no,0
40,married,secondary,no,no,unknown,jun,61,,no,0
33,married,secondary,no,no,cellular,aug,73,,no,0
40,single,tertiary,no,no,cellular,may,333,58.0,no,1
40,single,secondary,no,no,cellular,jul,173,,no,0
42,divorced,secondary,yes,no,unknown,may,213,,no,0
48,married,unknown,yes,no,cellular,aug,33,,no,0
27,single,tertiary,yes,no,unknown,may,145,,no,0
78,divorced,primary,no,no,telephone,nov,143,90.0,no,1
36,married,tertiary,no,no,cellular,aug,47,,no,0
51,married,secondary,yes,no,unknown,may,448,,no,0
62,married,secondary,no,no,cellular,aug,259,35.0,no,1
61,divorced,tertiary,no,no,cellular,feb,481,,yes,0
48,divorced,secondary,yes,yes,unknown,may,76,,no,0
37,single,secondary,yes,no,unknown,may,74,,no,0
31,married,secondary,yes,yes,unknown,may,159,,no,0
33,married,tertiary,no,no,cellular,aug,83,,no,0
28,married,tertiary,yes,no,unknown,jun,132,,no,0
46,married,secondary,yes,no,unknown,may,366,,no,0
39,single,primary,yes,no,unknown,jun,138,,no,0
40,married,secondary,no,no,cellular,aug,154,,no,0
47,married,secondary,yes,no,unknown,jun,460,,no,0
23,single,tertiary,no,no,cellular,aug,213,,yes,0
45,married,secondary,no,no,cellular,aug,75,,no,0
26,single,primary,no,no,cellular,jan,685,,no,0
24,single,unknown,no,no,cellular,may,12,91.0,no,1
43,single,unknown,no,no,unknown,jun,156,,no,0
37,married,unknown,no,no,unknown,jun,115,,no,0
40,divorced,secondary,yes,no,cellular,feb,531,208.0,yes,1
43,married,secondary,yes,no,cellular,jul,188,,no,0
57,divorced,tertiary,yes,no,cellular,mar,684,,no,0
35,married,secondary,yes,no,unknown,jun,272,,no,0
41,divorced,secondary,yes,yes,unknown,may,139,,no,0
36,divorced,tertiary,yes,no,unknown,jun,55,,no,0
48,single,secondary,no,no,cellular,feb,94,,no,0
33,single,secondary,no,yes,cellular,aug,131,,no,0
37,married,primary,no,no,cellular,may,163,,no,0
54,divorced,tertiary,no,no,cellular,nov,176,,no,0
36,married,primary,yes,no,cellular,jul,135,,no,0
28,married,tertiary,yes,no,cellular,apr,268,,no,0
61,married,tertiary,no,no,cellular,nov,185,,no,0
35,single,secondary,yes,no,unknown,may,178,,no,0
36,married,secondary,yes,no,unknown,may,133,,no,0
46,married,tertiary,no,no,cellular,nov,180,91.0,no,1
37,married,secondary,yes,no,unknown,may,146,,no,0
52,divorced,secondary,yes,no,cellular,apr,463,344.0,no,1
53,married,secondary,yes,no,unknown,may,126,,no,0
45,married,secondary,yes,no,cellular,sep,307,191.0,no,1
38,married,secondary,yes,yes,cellular,may,323,,no,0
31,married,tertiary,no,no,cellular,aug,76,,no,0
27,single,secondary,no,no,cellular,dec,170,197.0,yes,1
40,married,secondary,yes,no,cellular,may,201,293.0,no,1
34,married,secondary,yes,no,cellular,nov,311,183.0,no,1
31,married,secondary,yes,no,cellular,jul,371,,no,0
43,single,secondary,no,yes,cellular,jul,163,,no,0
30,single,tertiary,no,no,cellular,aug,81,,no,0
36,married,tertiary,no,no,cellular,may,103,,no,0
52,single,secondary,no,yes,cellular,feb,363,,no,0
49,married,secondary,yes,no,cellular,nov,283,,no,0
56,married,secondary,yes,no,cellular,jun,382,,yes,0
38,single,secondary,yes,no,cellular,feb,60,271.0,no,1
46,married,unknown,yes,no,unknown,jun,177,,no,0
45,married,secondary,yes,no,cellular,may,343,282.0,no,1
31,single,primary,yes,no,cellular,feb,140,252.0,no,1
32,married,secondary,yes,no,unknown,may,266,,no,0
30,divorced,secondary,yes,yes,cellular,jul,102,,no,0
45,single,secondary,yes,no,cellular,jul,768,91.0,no,1
46,married,secondary,no,yes,unknown,jun,167,,no,0
59,married,primary,yes,no,cellular,aug,299,,no,0
39,married,secondary,yes,no,unknown,may,244,,no,0
52,married,primary,no,no,cellular,may,224,170.0,no,1
52,married,secondary,no,yes,cellular,jul,753,,yes,0
43,divorced,secondary,yes,no,cellular,may,180,173.0,no,1
33,married,tertiary,no,yes,cellular,jul,279,,no,0
35,single,tertiary,yes,no,unknown,oct,248,,yes,0
56,married,secondary,yes,no,cellular,nov,189,,no,0
48,divorced,secondary,no,yes,cellular,nov,318,,no,0
34,married,secondary,yes,yes,unknown,may,492,,no,0
33,single,secondary,no,no,cellular,jul,157,,no,0
59,divorced,tertiary,no,no,cellular,aug,46,,no,0
58,married,primary,yes,no,cellular,may,470,,no,0
49,married,unknown,no,no,cellular,nov,99,,no,0
25,single,secondary,no,yes,cellular,jul,592,,no,0
54,married,secondary,no,yes,unknown,jul,140,,no,0
38,married,secondary,yes,no,unknown,may,515,,no,0
46,married,secondary,no,no,telephone,aug,542,78.0,no,1
46,married,tertiary,no,no,unknown,may,120,,no,0
25,single,tertiary,no,no,cellular,jul,549,,no,0
36,single,secondary,no,no,cellular,jul,291,,no,0
42,divorced,tertiary,no,no,cellular,jul,100,84.0,no,1
48,divorced,secondary,yes,no,cellular,may,87,,no,0
46,married,secondary,no,no,cellular,apr,102,192.0,no,1
44,married,primary,yes,no,unknown,jun,105,,no,0
23,single,secondary,no,no,cellular,jul,315,,no,0
57,divorced,secondary,yes,yes,unknown,may,333,,no,0
34,married,secondary,yes,no,cellular,jul,59,,no,0
56,divorced,tertiary,yes,yes,unknown,may,181,,no,0
35,divorced,secondary,yes,no,cellular,jun,102,96.0,no,1
27,single,tertiary,yes,no,cellular,may,105,,no,0
34,married,secondary,yes,no,cellular,jul,254,,no,0
32,married,secondary,yes,no,unknown,jun,193,,no,0
37,single,secondary,no,no,cellular,may,553,,no,0
31,married,primary,yes,yes,unknown,jun,61,,no,0
28,single,tertiary,no,no,cellular,jul,383,,no,0
41,married,tertiary,yes,no,cellular,nov,239,,no,0
24,married,secondary,yes,no,cellular,may,212,,no,0
54,married,primary,yes,no,cellular,jul,106,,no,0
31,single,secondary,yes,no,cellular,nov,313,180.0,no,1
29,married,secondary,yes,no,cellular,jul,76,,no,0
60,married,primary,no,no,cellular,aug,142,,no,0
36,married,tertiary,no,yes,cellular,nov,135,152.0,no,1
36,divorced,tertiary,yes,no,cellular,nov,192,,no,0
30,married,secondary,yes,no,unknown,may,132,,no,0
41,single,secondary,no,yes,cellular,nov,222,98.0,no,1
33,married,secondary,yes,no,unknown,may,218,,no,0
31,single,secondary,no,no,unknown,may,174,,no,0
34,single,tertiary,yes,no,cellular,nov,128,,no,0
32,married,secondary,no,no,cellular,aug,289,,yes,0
34,single,secondary,yes,no,unknown,may,140,,no,0
34,married,tertiary,no,no,cellular,aug,94,,no,0
50,single,secondary,yes,no,unknown,may,136,,no,0
23,single,secondary,yes,yes,cellular,may,358,,no,0
31,divorced,secondary,yes,no,cellular,may,13,,no,0
29,single,secondary,yes,no,cellular,may,233,,no,0
47,divorced,tertiary,no,no,cellular,aug,149,,no,0
32,single,secondary,yes,no,cellular,may,442,266.0,yes,1
60,married,secondary,no,no,cellular,sep,183,184.0,yes,1
26,single,secondary,no,no,telephone,jan,393,,no,0
40,married,primary,yes,no,cellular,feb,171,277.0,no,1
57,married,unknown,no,no,unknown,jun,98,,no,0
42,single,tertiary,yes,no,unknown,may,373,,no,0
48,married,secondary,no,no,unknown,jun,65,,no,0
31,single,secondary,no,no,unknown,may,261,,no,0
42,married,secondary,yes,yes,cellular,aug,186,,no,0
35,divorced,secondary,yes,no,unknown,may,250,,no,0
25,single,secondary,yes,no,cellular,jul,113,,no,0
36,divorced,primary,no,no,telephone,jul,304,,no,0
37,married,tertiary,yes,no,cellular,apr,47,,no,0
33,married,secondary,yes,no,cellular,nov,330,,no,0
36,single,tertiary,no,no,cellular,oct,169,182.0,yes,1
25,single,secondary,no,yes,cellular,jul,634,,yes,0
43,married,secondary,no,no,cellular,aug,113,,no,0
54,divorced,secondary,no,yes,cellular,jul,364,,no,0
50,married,unknown,no,no,unknown,jun,561,,no,0
30,single,secondary,no,no,cellular,jan,335,,no,0
42,married,secondary,no,no,unknown,may,89,,no,0
42,married,secondary,yes,no,cellular,may,123,,no,0
41,married,primary,yes,no,cellular,apr,268,330.0,no,1
31,single,secondary,no,no,cellular,aug,131,,no,0
43,married,secondary,no,no,unknown,jun,477,,no,0
40,married,secondary,yes,yes,cellular,jul,105,172.0,no,1
41,married,tertiary,yes,no,cellular,jul,269,,no,0
44,married,unknown,yes,no,unknown,may,401,,no,0
36,divorced,tertiary,yes,yes,cellular,nov,73,,no,0
37,single,tertiary,no,no,unknown,may,188,,no,0
42,married,secondary,no,no,cellular,jul,72,,no,0
31,single,secondary,no,no,cellular,aug,336,,no,0
48,married,secondary,no,no,telephone,feb,49,,no,0
33,married,secondary,yes,no,unknown,may,623,,no,0
67,divorced,tertiary,no,no,cellular,oct,411,,yes,0
27,single,secondary,no,yes,unknown,sep,4,,no,0
28,single,secondary,yes,no,cellular,jan,284,196.0,no,1
31,married,secondary,no,no,cellular,nov,312,,no,0
65,married,primary,no,no,cellular,apr,43,,no,0
31,married,secondary,yes,no,unknown,may,254,,no,0
44,single,unknown,yes,no,unknown,may,354,,no,0
33,single,secondary,yes,no,cellular,may,49,,no,0
30,married,tertiary,yes,yes,cellular,jul,75,,no,0
49,single,secondary,yes,no,telephone,nov,10,,no,0
42,married,tertiary,yes,no,cellular,may,1148,,yes,0
34,married,secondary,yes,no,unknown,may,134,,no,0
52,married,secondary,no,no,cellular,aug,149,,no,0
44,married,secondary,yes,yes,cellular,jul,102,,no,0
48,married,tertiary,yes,yes,cellular,nov,76,,no,0
31,single,secondary,yes,no,cellular,may,65,299.0,no,1
44,married,primary,no,yes,cellular,jul,187,,no,0
29,single,secondary,no,no,cellular,apr,107,,yes,0
31,divorced,tertiary,yes,no,cellular,feb,264,201.0,no,1
23,single,secondary,no,no,unknown,aug,4,,no,0
71,single,tertiary,no,no,telephone,jul,195,,no,0
55,divorced,tertiary,yes,no,unknown,may,406,,no,0
59,married,secondary,no,no,cellular,aug,144,,no,0
36,married,primary,yes,no,unknown,may,170,,no,0
52,divorced,primary,yes,no,unknown,may,119,,no,0
36,married,secondary,no,no,unknown,may,24,,no,0
48,single,secondary,yes,yes,cellular,feb,142,189.0,no,1
55,married,primary,no,no,unknown,jun,744,,no,0
35,married,tertiary,no,no,cellular,aug,358,,no,0
38,single,tertiary,yes,yes,unknown,jun,26,,no,0
62,married,secondary,no,no,cellular,oct,896,57.0,yes,1
34,married,tertiary,yes,no,cellular,mar,113,210.0,no,1
43,divorced,secondary,yes,no,unknown,may,124,,no,0
39,married,secondary,no,no,telephone,may,256,,no,0
26,single,secondary,yes,no,cellular,feb,205,253.0,no,1
32,married,tertiary,no,no,cellular,mar,126,,yes,0
46,married,tertiary,yes,yes,unknown,may,134,,no,0
37,single,secondary,no,no,unknown,jun,27,,no,0
26,single,tertiary,no,yes,cellular,feb,145,199.0,no,1
54,married,tertiary,yes,yes,unknown,may,112,,no,0
35,married,tertiary,yes,no,unknown,may,139,,no,0
46,married,secondary,no,no,cellular,aug,69,,no,0
51,divorced,secondary,no,no,cellular,aug,169,,no,0
32,married,secondary,yes,yes,cellular,jul,247,,no,0
73,married,secondary,no,no,cellular,nov,300,40.0,yes,1
51,married,tertiary,yes,no,unknown,may,330,,no,0
36,married,primary,yes,yes,cellular,may,115,,no,0
48,married,unknown,yes,no,unknown,may,175,,no,0
74,married,secondary,no,no,cellular,aug,543,,no,0
48,married,secondary,no,no,cellular,aug,134,,no,0
38,married,primary,yes,no,cellular,may,124,353.0,no,1
32,single,secondary,no,yes,cellular,aug,300,,no,0
51,married,tertiary,yes,no,cellular,nov,120,187.0,no,1
55,married,secondary,yes,no,cellular,apr,83,,no,0
39,married,tertiary,yes,yes,cellular,jan,123,,no,0
40,married,secondary,no,no,cellular,aug,55,,no,0
39,single,secondary,yes,no,unknown,may,1376,,no,0
60,married,unknown,yes,no,cellular,jan,55,,no,0
24,single,secondary,yes,no,unknown,may,641,,no,0
26,single,secondary,yes,no,cellular,feb,401,272.0,no,1
37,married,secondary,yes,no,unknown,may,159,,no,0
53,married,secondary,no,no,cellular,nov,140,,no,0
34,married,secondary,yes,no,cellular,apr,20,238.0,no,1
41,married,primary,no,no,telephone,jul,465,,no,0
49,married,tertiary,yes,no,cellular,feb,110,,no,0
55,married,secondary,no,no,unknown,jun,446,,no,0
26,single,tertiary,no,no,cellular,may,327,,no,0
36,single,tertiary,yes,no,cellular,may,855,342.0,yes,1
58,married,primary,no,no,cellular,jun,255,,yes,0
30,single,tertiary,no,no,cellular,aug,108,,no,0
35,married,secondary,yes,no,cellular,apr,69,322.0,no,1
28,single,secondary,no,yes,cellular,jul,161,,no,0
39,married,tertiary,yes,yes,unknown,may,394,,no,0
50,married,tertiary,yes,no,cellular,feb,195,271.0,no,1
45,married,secondary,yes,no,unknown,may,221,,no,0
42,married,secondary,yes,no,unknown,may,515,,no,0
31,single,tertiary,no,no,cellular,aug,82,,no,0
31,single,primary,yes,no,unknown,may,565,,yes,0
36,married,tertiary,yes,no,cellular,jul,150,,no,0
28,single,tertiary,yes,no,unknown,jun,386,,no,0
52,married,secondary,no,no,cellular,feb,153,92.0,yes,1
72,divorced,tertiary,no,no,cellular,jul,194,,no,0
56,married,tertiary,yes,no,cellular,nov,250,,no,0
36,married,secondary,yes,no,cellular,may,24,346.0,no,1
29,single,secondary,no,no,cellular,aug,485,105.0,no,1
46,single,secondary,yes,no,unknown,may,104,,no,0
29,single,secondary,yes,no,unknown,may,106,,no,0
45,married,primary,yes,yes,cellular,may,63,370.0,no,1
34,married,secondary,yes,no,cellular,apr,278,,no,0
26,single,tertiary,no,no,cellular,apr,120,,no,0
45,divorced,tertiary,no,no,cellular,aug,490,,yes,0
31,divorced,secondary,yes,no,cellular,jan,1776,,yes,0
27,single,tertiary,no,no,cellular,apr,584,,no,0
50,married,tertiary,no,yes,cellular,apr,337,258.0,no,1
45,single,secondary,yes,no,unknown,may,171,,no,0
58,single,tertiary,no,yes,telephone,feb,112,,no,0
49,married,secondary,no,no,cellular,aug,123,,no,0
27,single,secondary,yes,no,unknown,may,825,,no,0
31,single,tertiary,yes,yes,unknown,jun,76,,no,0
35,single,secondary,yes,no,cellular,may,549,300.0,yes,1
24,single,secondary,yes,yes,cellular,apr,714,,no,0
28,single,secondary,no,no,cellular,jul,467,,no,0
27,single,secondary,no,no,cellular,jan,503,,no,0
29,married,primary,yes,no,unknown,may,184,,no,0
32,married,secondary,no,no,cellular,feb,12,174.0,no,1
49,married,secondary,no,no,unknown,jun,118,,no,0
48,married,primary,yes,no,unknown,may,125,,no,0
51,married,secondary,yes,no,unknown,may,1051,,no,0
32,single,secondary,no,no,cellular,may,156,,no,0
42,married,primary,no,no,unknown,jun,125,,no,0
31,single,tertiary,yes,no,unknown,may,199,,no,0
59,married,tertiary,yes,no,unknown,jun,128,,no,0
43,married,secondary,yes,no,unknown,may,267,,no,0
35,single,primary,yes,no,unknown,may,203,,no,0
44,married,primary,yes,no,cellular,apr,255,,no,0
28,single,tertiary,yes,no,cellular,jul,940,399.0,yes,1
64,married,primary,no,no,cellular,dec,232,,yes,0
31,married,tertiary,no,no,cellular,aug,117,,no,0
55,married,secondary,no,yes,cellular,aug,19,,no,0
45,married,secondary,yes,yes,unknown,may,246,,no,0
40,married,secondary,yes,yes,unknown,may,243,,no,0
47,married,tertiary,no,no,cellular,aug,602,,no,0
32,married,secondary,no,no,cellular,aug,87,,no,0
70,divorced,primary,no,no,cellular,apr,82,,yes,0
45,married,unknown,no,no,cellular,aug,168,,no,0
29,married,secondary,yes,no,cellular,may,128,,no,0
34,divorced,secondary,yes,no,cellular,may,131,361.0,no,1
31,married,tertiary,no,no,cellular,aug,37,,no,0
44,single,secondary,no,no,cellular,aug,166,99.0,yes,1
32,married,secondary,no,no,cellular,jun,115,86.0,yes,1
40,married,primary,no,yes,unknown,jun,202,,no,0
65,married,primary,no,no,cellular,apr,72,,no,0
59,married,secondary,no,no,cellular,aug,185,,no,0
59,divorced,secondary,yes,no,unknown,may,248,,no,0
43,single,tertiary,yes,no,cellular,jul,225,,no,0
57,married,primary,yes,no,unknown,may,164,,no,0
38,single,tertiary,yes,no,cellular,nov,167,,no,0
56,single,secondary,yes,no,cellular,may,43,177.0,no,1
23,single,secondary,yes,no,cellular,may,857,,no,0
53,married,secondary,yes,no,cellular,aug,201,,no,0
52,married,secondary,no,no,cellular,jul,99,,no,0
35,single,primary,yes,no,unknown,may,597,,no,0
52,divorced,tertiary,yes,no,cellular,aug,131,,no,0
31,single,secondary,yes,no,unknown,jun,52,,no,0
45,married,tertiary,yes,no,cellular,jul,141,,no,0
55,married,secondary,yes,no,unknown,may,310,,no,0
53,single,unknown,no,no,cellular,nov,302,,no,0
59,married,secondary,yes,no,cellular,may,214,,no,0
31,single,secondary,yes,no,cellular,feb,157,268.0,no,1
33,married,secondary,yes,no,cellular,may,265,,no,0
29,single,secondary,yes,no,cellular,jul,643,,no,0
37,married,tertiary,no,yes,cellular,jul,568,,no,0
56,divorced,tertiary,yes,no,cellular,jul,51,,no,0
56,married,secondary,no,yes,cellular,aug,93,,no,0
27,single,secondary,no,no,cellular,jul,255,,no,0
58,married,secondary,no,no,cellular,aug,88,,no,0
49,married,tertiary,no,no,cellular,jun,181,293.0,yes,1
43,married,primary,no,no,cellular,aug,121,,no,0
57,married,secondary,no,no,cellular,jan,221,182.0,no,1
34,divorced,tertiary,yes,no,cellular,aug,587,,yes,0
49,married,secondary,no,no,cellular,aug,60,,no,0
34,single,secondary,yes,no,unknown,may,257,,no,0
33,married,secondary,yes,no,cellular,jul,278,,yes,0
61,married,tertiary,no,no,cellular,mar,106,,yes,0
28,married,secondary,yes,no,cellular,may,341,,no,0
45,married,primary,yes,no,cellular,feb,570,,no,0
49,married,tertiary,yes,no,cellular,apr,75,,no,0
30,married,primary,no,yes,cellular,jul,274,,no,0
41,divorced,secondary,yes,no,cellular,jul,126,,no,0
26,single,secondary,no,yes,cellular,jul,209,,no,0
41,married,secondary,yes,no,cellular,may,106,,no,0
42,married,secondary,no,no,cellular,mar,361,181.0,no,1
31,married,tertiary,no,no,cellular,sep,209,92.0,yes,1
45,married,secondary,yes,no,cellular,nov,169,92.0,no,1
36,single,secondary,no,no,cellular,apr,158,,yes,0
38,single,tertiary,yes,no,cellular,may,423,,yes,0
54,single,secondary,yes,no,cellular,apr,226,326.0,no,1
36,married,secondary,yes,no,cellular,jul,160,,no,0
53,married,secondary,no,no,unknown,jun,605,,no,0
33,married,tertiary,yes,no,cellular,oct,117,,no,0
52,married,tertiary,no,no,cellular,aug,472,,no,0
22,single,secondary,yes,no,cellular,may,117,,no,0
47,married,tertiary,yes,no,cellular,may,213,,no,0
60,married,primary,no,no,cellular,jan,156,,no,0
45,married,primary,no,no,unknown,jun,183,,no,0
46,married,primary,no,no,cellular,aug,77,,no,0
30,single,secondary,no,no,cellular,may,228,,no,0
32,married,tertiary,yes,no,cellular,nov,37,,no,0
55,divorced,tertiary,no,no,cellular,aug,101,,no,0
44,married,secondary,no,no,unknown,jun,167,,no,0
31,single,secondary,no,yes,cellular,jul,194,,no,0
39,married,primary,no,no,unknown,jun,76,,no,0
43,married,tertiary,yes,no,cellular,nov,259,,no,0
45,married,primary,yes,yes,cellular,jul,116,,no,0
32,single,secondary,no,no,cellular,nov,462,,no,0
35,single,tertiary,yes,no,unknown,jun,53,,no,0
25,single,secondary,yes,no,cellular,oct,187,91.0,yes,1
34,married,tertiary,no,no,cellular,feb,144,,no,0
52,divorced,primary,no,no,unknown,jun,49,,no,0
36,married,tertiary,yes,no,cellular,jan,100,435.0,no,1
31,married,tertiary,yes,no,unknown,jan,23,,no,0
36,single,secondary,no,no,telephone,jul,55,,no,0
40,divorced,secondary,yes,no,cellular,may,195,357.0,no,1
25,single,tertiary,no,no,cellular,oct,81,,no,0
60,married,secondary,yes,no,unknown,may,163,,no,0
29,single,secondary,yes,yes,unknown,jun,312,,no,0
46,married,tertiary,no,no,unknown,jun,318,,no,0
29,single,secondary,yes,no,cellular,jul,180,,no,0
31,divorced,secondary,yes,no,unknown,may,34,,no,0
36,divorced,primary,yes,no,cellular,jul,329,,no,0
42,married,secondary,yes,no,cellular,jul,400,,no,0
26,single,secondary,no,yes,cellular,feb,542,,no,0
33,married,tertiary,yes,no,cellular,jul,285,,no,0
58,married,secondary,yes,no,unknown,may,180,,no,0
53,divorced,primary,no,no,unknown,jun,152,,no,0
37,married,tertiary,yes,no,unknown,may,77,,no,0
33,single,secondary,no,no,unknown,may,190,,no,0
28,married,secondary,yes,no,unknown,may,148,,no,0
25,single,tertiary,no,no,cellular,sep,127,,no,0
54,married,tertiary,yes,no,unknown,may,324,,no,0
30,single,secondary,yes,no,cellular,may,101,371.0,no,1
36,married,secondary,no,no,unknown,jun,63,,no,0
42,married,tertiary,yes,no,cellular,feb,358,,no,0
55,married,secondary,no,no,cellular,jul,455,,no,0
36,single,secondary,yes,no,cellular,feb,208,,no,0
56,divorced,secondary,yes,no,unknown,may,185,,no,0
53,married,tertiary,no,no,cellular,aug,268,,no,0
32,single,tertiary,no,no,cellular,aug,282,,no,0
67,married,unknown,no,no,telephone,sep,279,92.0,yes,1
26,single,secondary,yes,no,unknown,may,57,,no,0
55,married,tertiary,no,no,telephone,jun,64,,no,0
27,married,secondary,no,no,unknown,may,346,,no,0
67,married,tertiary,no,no,cellular,nov,344,95.0,yes,1
51,married,secondary,no,no,cellular,aug,105,,no,0
48,married,secondary,no,no,unknown,may,169,,no,0
53,divorced,tertiary,yes,yes,cellular,nov,64,,no,0
56,divorced,secondary,yes,no,cellular,may,63,370.0,no,1
39,married,secondary,yes,no,cellular,aug,143,371.0,no,1
40,married,secondary,yes,no,cellular,jul,328,,no,0
35,married,secondary,yes,no,cellular,nov,73,,no,0
33,married,tertiary,no,no,cellular,aug,260,,no,0
29,married,tertiary,yes,no,cellular,jul,134,,no,0
28,single,secondary,yes,no,unknown,may,491,,no,0
34,single,secondary,yes,no,unknown,may,20,,no,0
48,married,secondary,no,no,cellular,aug,117,,no,0
59,married,secondary,no,no,telephone,jul,107,,no,0
54,married,primary,no,no,unknown,jun,350,,no,0
44,married,tertiary,yes,yes,unknown,may,129,,no,0
75,married,secondary,no,no,telephone,jul,219,,no,0
40,single,secondary,no,no,cellular,aug,971,,no,0
32,married,tertiary,yes,no,cellular,may,388,349.0,no,1
57,married,secondary,yes,no,unknown,may,226,,no,0
30,married,secondary,yes,yes,cellular,jul,61,,no,0
26,single,secondary,yes,no,unknown,may,232,,no,0
31,single,secondary,yes,no,unknown,may,228,,no,0
36,married,secondary,yes,no,unknown,may,102,,no,0
44,married,unknown,no,no,unknown,jun,55,,no,0
35,married,secondary,yes,no,cellular,apr,507,349.0,yes,1
41,married,primary,yes,yes,cellular,may,182,,no,0
43,married,secondary,yes,no,cellular,apr,390,,no,0
54,single,primary,no,no,unknown,jun,42,,no,0
26,single,secondary,yes,no,cellular,jul,998,,yes,0
25,single,unknown,no,no,cellular,dec,102,210.0,no,1
35,single,secondary,yes,no,unknown,may,292,,no,0
39,married,secondary,yes,no,cellular,apr,450,271.0,no,1
41,divorced,unknown,no,yes,cellular,jul,514,,no,0
59,married,secondary,no,no,cellular,feb,99,,no,0
32,married,secondary,no,yes,telephone,jul,96,,no,0
55,married,secondary,no,yes,telephone,feb,463,,no,0
29,single,tertiary,yes,yes,unknown,may,703,,no,0
47,single,secondary,no,yes,cellular,nov,82,,no,0
43,married,secondary,yes,no,unknown,may,343,,no,0
36,married,primary,no,no,cellular,nov,138,,no,0
46,married,secondary,no,no,unknown,may,93,,no,0
42,married,unknown,yes,no,cellular,apr,241,336.0,no,1
35,married,primary,yes,no,cellular,may,170,180.0,no,1
34,married,secondary,no,no,cellular,may,171,181.0,yes,1
39,married,primary,no,no,unknown,jun,158,,no,0
31,married,tertiary,yes,no,unknown,may,313,,no,0
27,married,tertiary,yes,no,cellular,jul,818,,no,0
48,married,secondary,yes,no,unknown,jun,157,,no,0
55,married,secondary,no,no,unknown,jun,614,,yes,0
30,single,tertiary,yes,no,cellular,apr,52,,no,0
26,married,unknown,yes,no,unknown,may,346,,no,0
35,married,secondary,yes,no,unknown,may,245,,no,0
57,married,tertiary,no,no,cellular,aug,68,,no,0
52,divorced,unknown,no,no,cellular,aug,168,,no,0
59,married,secondary,no,no,cellular,jul,286,,no,0
42,divorced,tertiary,yes,no,cellular,jun,300,389.0,yes,1
63,married,secondary,no,no,cellular,feb,45,93.0,no,1
41,married,secondary,yes,yes,cellular,nov,132,,no,0
47,married,secondary,no,no,cellular,feb,269,187.0,yes,1
36,married,secondary,yes,no,unknown,jun,44,,no,0
44,married,secondary,no,yes,telephone,jul,122,,no,0
45,divorced,tertiary,no,no,cellular,jul,103,,no,0
23,single,secondary,no,no,telephone,jun,79,,no,0
42,married,secondary,yes,yes,cellular,apr,181,270.0,no,1
31,single,tertiary,yes,no,cellular,aug,565,,no,0
28,single,secondary,no,yes,cellular,jul,171,,no,0
29,single,tertiary,yes,no,cellular,may,157,,no,0
27,single,tertiary,no,no,cellular,feb,449,,no,0
36,married,secondary,yes,yes,cellular,sep,120,,no,0
38,married,unknown,no,no,cellular,nov,349,183.0,yes,1
38,married,tertiary,no,no,cellular,aug,170,,no,0
55,married,unknown,yes,no,unknown,may,764,,no,0
28,married,secondary,yes,no,cellular,may,369,,no,0
44,married,secondary,yes,no,cellular,may,18,178.0,no,1
28,single,secondary,yes,no,unknown,may,152,,no,0
45,single,tertiary,no,no,cellular,nov,230,,no,0
25,single,secondary,yes,no,unknown,may,164,,no,0
49,married,tertiary,no,no,cellular,apr,163,186.0,no,1
32,single,secondary,yes,no,cellular,may,242,365.0,no,1
36,married,tertiary,no,no,unknown,jun,91,,no,0
31,married,secondary,yes,no,cellular,may,274,,no,0
31,single,secondary,no,no,cellular,aug,1504,,no,0
58,married,secondary,yes,no,cellular,jul,119,,no,0
46,married,tertiary,yes,no,unknown,jun,375,,no,0
49,single,primary,yes,no,unknown,may,72,,no,0
53,married,primary,no,no,unknown,oct,71,,no,0
50,married,secondary,yes,no,unknown,may,673,,no,0
57,married,tertiary,no,no,cellular,apr,378,,yes,0
23,married,tertiary,yes,no,cellular,may,259,,no,0
22,single,secondary,no,no,cellular,mar,133,,no,0
51,divorced,tertiary,no,no,unknown,may,143,,no,0
52,married,unknown,yes,no,cellular,nov,567,,no,0
26,single,secondary,yes,no,cellular,may,283,,no,0
27,single,tertiary,no,no,cellular,jan,866,,yes,0
34,single,secondary,yes,no,unknown,may,252,,no,0
40,single,tertiary,yes,no,unknown,may,64,,no,0
55,married,secondary,no,no,cellular,aug,79,,no,0
29,divorced,tertiary,yes,yes,unknown,may,449,,no,0
37,married,tertiary,yes,no,cellular,aug,323,91.0,no,1
33,married,primary,no,no,cellular,aug,209,,no,0
33,married,secondary,yes,yes,cellular,jul,379,,no,0
45,married,primary,yes,yes,unknown,may,215,,no,0
31,divorced,secondary,yes,no,cellular,jul,146,,no,0
32,single,tertiary,yes,no,cellular,aug,958,,yes,0
40,married,tertiary,yes,no,unknown,may,135,,no,0
30,married,secondary,yes,yes,unknown,jun,48,,no,0
36,married,secondary,no,no,cellular,aug,250,,no,0
42,single,tertiary,yes,yes,cellular,nov,112,,no,0
38,married,secondary,yes,no,unknown,jun,50,,no,0
33,married,secondary,yes,no,cellular,nov,231,,no,0
27,single,secondary,no,no,telephone,jun,30,,no,0
59,married,secondary,yes,no,cellular,apr,197,,no,0
47,married,secondary,yes,no,unknown,jun,83,,no,0
42,married,tertiary,no,no,cellular,aug,183,,no,0
59,divorced,secondary,no,no,cellular,jun,395,,no,0
39,married,primary,no,no,cellular,aug,111,,no,0
42,married,secondary,no,no,cellular,mar,549,203.0,no,1
42,divorced,secondary,yes,no,cellular,may,219,,no,0
37,single,primary,yes,no,cellular,may,103,367.0,no,1
67,married,primary,no,no,cellular,jan,499,91.0,yes,1
53,married,unknown,no,no,cellular,aug,207,,no,0
27,single,tertiary,yes,no,unknown,may,789,,yes,0
43,married,primary,no,no,telephone,feb,195,,no,0
41,married,tertiary,no,no,cellular,nov,328,,no,0
34,married,primary,yes,no,unknown,may,85,,no,0
38,single,secondary,no,no,cellular,jul,129,182.0,no,1
22,single,primary,yes,no,unknown,may,106,,no,0
37,divorced,secondary,yes,no,unknown,may,172,,no,0
41,married,secondary,yes,yes,cellular,apr,261,322.0,no,1
46,married,tertiary,yes,no,unknown,may,42,,no,0
37,married,tertiary,no,no,cellular,jul,89,,no,0
32,single,secondary,yes,no,cellular,nov,224,183.0,no,1
37,married,secondary,yes,no,unknown,may,428,,no,0
50,single,secondary,yes,no,cellular,jul,174,,no,0
33,married,tertiary,yes,yes,cellular,aug,103,,no,0
43,married,primary,yes,no,telephone,nov,202,184.0,no,1
32,single,secondary,no,yes,cellular,jul,99,,no,0
35,married,secondary,no,no,cellular,aug,87,,no,0
30,married,tertiary,no,no,cellular,jul,363,,no,0
40,married,tertiary,no,no,cellular,aug,832,,no,0
36,single,tertiary,yes,no,cellular,apr,226,,no,0
45,married,secondary,yes,yes,telephone,jul,78,,no,0
43,married,secondary,no,no,unknown,may,483,,no,0
43,divorced,primary,no,no,cellular,nov,1154,,yes,0
29,married,secondary,yes,no,unknown,may,117,,no,0
32,single,tertiary,yes,no,cellular,apr,362,271.0,no,1
34,single,secondary,yes,no,unknown,may,290,,no,0
33,single,secondary,no,no,cellular,jan,844,,no,0
58,married,secondary,yes,no,unknown,may,516,,no,0
35,married,secondary,yes,yes,unknown,may,85,,no,0
47,divorced,tertiary,no,no,unknown,jun,124,,no,0
22,single,secondary,no,no,cellular,jul,337,181.0,yes,1
26,single,tertiary,yes,no,cellular,may,477,,no,0
52,married,secondary,yes,no,cellular,may,45,,no,0
32,single,secondary,yes,yes,cellular,apr,110,,no,0
38,married,secondary,yes,yes,cellular,may,210,,no,0
40,single,tertiary,no,no,cellular,jun,491,207.0,yes,1
29,single,tertiary,yes,no,cellular,jan,119,251.0,no,1
51,married,secondary,no,no,cellular,aug,132,,no,0
27,single,secondary,no,no,unknown,may,193,,no,0
47,married,secondary,yes,no,unknown,may,367,,no,0
26,married,secondary,yes,no,cellular,apr,213,317.0,no,1
52,married,primary,yes,yes,unknown,may,201,,no,0
27,single,tertiary,no,no,cellular,jan,76,,no,0
30,married,tertiary,no,no,cellular,aug,187,,no,0
34,married,secondary,yes,yes,unknown,may,194,,no,0
40,married,secondary,no,no,cellular,oct,717,,yes,0
56,married,secondary,no,yes,cellular,jul,170,,no,0
42,single,tertiary,yes,no,cellular,apr,494,,no,0
27,single,unknown,yes,no,unknown,may,371,,no,0
70,married,primary,no,no,cellular,feb,82,181.0,no,1
46,married,secondary,no,no,cellular,jul,385,,yes,0
48,married,secondary,no,no,unknown,jun,111,,no,0
57,married,secondary,yes,no,cellular,may,539,,no,0
37,single,secondary,yes,no,unknown,may,237,,no,0
43,married,secondary,yes,no,unknown,may,1721,,yes,0
47,married,secondary,yes,no,cellular,jul,56,,no,0
42,married,secondary,no,no,unknown,jun,349,,no,0
53,married,secondary,no,yes,unknown,may,95,,no,0
28,single,tertiary,yes,no,cellular,aug,419,91.0,no,1
36,married,primary,yes,yes,unknown,may,293,,no,0
21,married,primary,yes,yes,cellular,may,409,361.0,yes,1
35,single,tertiary,yes,no,cellular,may,19,,no,0
34,married,tertiary,no,no,cellular,aug,92,,no,0
35,married,tertiary,no,no,cellular,aug,436,,no,0
36,single,secondary,yes,yes,cellular,nov,109,189.0,no,1
58,married,secondary,no,no,cellular,aug,153,,no,0
36,married,secondary,no,no,unknown,jun,316,,no,0
54,married,primary,no,no,telephone,aug,128,,no,0
31,single,secondary,yes,no,cellular,may,166,111.0,no,1
60,married,secondary,no,yes,cellular,jul,337,,no,0
29,married,tertiary,no,no,cellular,aug,83,105.0,no,1
35,single,tertiary,no,no,cellular,aug,90,,no,0
39,single,tertiary,no,no,cellular,jul,56,,no,0
19,single,primary,no,no,cellular,mar,271,,yes,0
44,married,primary,yes,no,unknown,may,220,,no,0
43,single,primary,no,yes,cellular,jul,662,,yes,0
48,divorced,secondary,yes,no,cellular,may,54,362.0,no,1
44,divorced,tertiary,yes,yes,unknown,may,127,,no,0
57,married,secondary,yes,no,unknown,may,63,,no,0
44,married,secondary,yes,no,unknown,may,128,,no,0
42,married,tertiary,yes,yes,cellular,nov,63,,no,0
29,single,secondary,no,no,cellular,may,333,,no,0
34,single,tertiary,no,no,cellular,may,213,,yes,0
31,married,tertiary,yes,no,cellular,aug,231,,no,0
54,single,secondary,no,no,unknown,jun,330,,no,0
33,divorced,secondary,yes,no,unknown,may,496,,no,0
32,married,tertiary,no,yes,cellular,feb,142,,no,0
30,married,secondary,yes,no,unknown,may,466,,no,0
46,married,tertiary,no,no,cellular,aug,121,,no,0
43,married,secondary,no,yes,unknown,may,180,,no,0
40,married,tertiary,no,no,cellular,jul,318,317.0,no,1
45,married,secondary,yes,no,cellular,may,234,,no,0
48,married,tertiary,no,no,unknown,jun,516,,no,0
30,single,tertiary,no,yes,cellular,aug,252,,no,0
51,married,secondary,no,no,telephone,jul,27,,no,0
34,single,secondary,yes,no,cellular,sep,121,100.0,yes,1
41,divorced,tertiary,no,no,cellular,apr,314,239.0,yes,1
59,married,secondary,no,no,cellular,oct,738,183.0,yes,1
56,married,secondary,yes,no,cellular,may,301,368.0,no,1
44,married,secondary,no,no,cellular,jul,166,,no,0
60,divorced,secondary,no,no,cellular,aug,433,,no,0
43,single,secondary,no,no,cellular,jul,97,,no,0
30,single,secondary,yes,no,cellular,jul,352,,no,0
52,married,secondary,no,no,cellular,aug,84,,no,0
39,married,secondary,yes,yes,cellular,may,206,355.0,no,1
49,single,tertiary,yes,no,cellular,jun,407,92.0,yes,1
59,married,primary,no,yes,cellular,feb,88,208.0,no,1
35,single,secondary,no,no,cellular,apr,71,,no,0
28,single,primary,no,no,cellular,apr,132,,no,0
37,married,secondary,yes,no,cellular,may,412,,no,0
38,divorced,tertiary,yes,no,unknown,may,68,,no,0
33,married,secondary,yes,no,cellular,jul,208,,no,0
31,single,secondary,yes,no,unknown,may,169,,no,0
57,divorced,secondary,no,no,cellular,feb,348,,no,0
30,married,secondary,no,no,cellular,aug,91,,no,0
32,married,tertiary,yes,no,unknown,may,128,,no,0
28,single,secondary,no,yes,cellular,jan,133,,no,0
26,single,secondary,no,no,telephone,oct,171,,yes,0
33,single,tertiary,no,no,telephone,aug,41,,no,0
33,divorced,secondary,yes,no,unknown,may,139,,no,0
32,single,tertiary,yes,no,unknown,may,860,,yes,0
26,single,secondary,yes,no,cellular,may,101,,no,0
51,married,primary,yes,no,cellular,jul,324,,no,0
66,married,primary,no,no,cellular,feb,474,172.0,yes,1
54,married,secondary,yes,no,cellular,may,369,,no,0
44,married,tertiary,yes,yes,cellular,nov,286,191.0,no,1
76,married,secondary,no,no,telephone,apr,263,,yes,0
22,single,secondary,no,no,cellular,apr,125,,yes,0
46,married,secondary,yes,yes,cellular,nov,111,155.0,no,1
47,married,tertiary,no,yes,cellular,nov,86,,no,0
34,married,tertiary,yes,no,cellular,nov,118,164.0,no,1
31,married,secondary,yes,no,unknown,may,150,,no,0
33,single,tertiary,no,no,cellular,aug,124,,no,0
31,married,secondary,yes,yes,unknown,may,260,,no,0
73,married,unknown,no,no,telephone,oct,434,57.0,yes,1
51,married,tertiary,no,no,cellular,aug,147,,no,0
30,single,secondary,no,yes,cellular,jan,194,205.0,no,1
34,single,tertiary,no,no,cellular,may,245,168.0,no,1
40,single,tertiary,no,no,cellular,feb,147,209.0,no,1
31,single,secondary,yes,no,unknown,may,217,,no,0
47,married,primary,no,no,cellular,nov,462,,yes,0
47,single,tertiary,no,no,cellular,apr,96,,no,0
33,married,tertiary,yes,yes,cellular,aug,212,,no,0
29,married,secondary,yes,no,unknown,jun,262,,no,0
41,married,secondary,yes,yes,telephone,jul,124,,no,0
48,married,secondary,yes,no,cellular,aug,85,,no,0
46,married,secondary,yes,no,cellular,aug,56,,no,0
55,married,secondary,yes,no,cellular,may,312,,no,0
25,single,secondary,yes,no,telephone,may,44,,no,0
47,single,secondary,yes,no,telephone,may,58,334.0,no,1
49,single,tertiary,no,no,unknown,jun,133,,no,0
54,married,primary,no,no,unknown,jun,200,,no,0
55,divorced,secondary,yes,no,cellular,apr,296,270.0,yes,1
30,single,secondary,no,no,cellular,nov,312,,no,0
30,married,tertiary,yes,yes,cellular,nov,436,178.0,yes,1
29,single,secondary,yes,no,unknown,may,230,,no,0
51,married,tertiary,no,no,cellular,may,109,,no,0
40,married,secondary,no,yes,cellular,jul,103,,no,0
27,married,tertiary,no,no,cellular,jul,306,,no,0
48,married,secondary,yes,yes,cellular,jul,112,,no,0
49,married,secondary,yes,no,cellular,nov,201,,no,0
38,divorced,tertiary,no,no,cellular,jul,160,,no,0
59,divorced,secondary,no,no,telephone,feb,251,,no,0
40,single,secondary,no,no,unknown,jun,471,,no,0
40,married,secondary,no,no,unknown,jun,236,,no,0
37,divorced,primary,no,no,unknown,jun,27,,no,0
31,single,secondary,yes,yes,cellular,may,530,,yes,0
53,married,secondary,yes,no,cellular,aug,160,,no,0
41,single,secondary,yes,no,unknown,jun,190,,no,0
39,married,primary,no,no,cellular,jul,261,,no,0
47,married,secondary,no,no,cellular,aug,162,,no,0
38,married,tertiary,no,no,cellular,oct,322,,no,0
32,married,secondary,yes,no,cellular,nov,192,5.0,no,1
33,married,secondary,yes,no,unknown,may,67,,no,0
38,married,tertiary,yes,no,cellular,apr,691,,no,0
33,married,tertiary,no,no,cellular,jan,202,83.0,yes,1
49,married,tertiary,no,no,cellular,jan,165,,no,0
43,married,unknown,yes,no,cellular,nov,48,,no,0
58,married,unknown,no,no,unknown,jun,1403,,no,0
43,married,secondary,yes,no,unknown,may,14,,no,0
38,married,unknown,yes,no,unknown,may,100,,no,0
38,married,secondary,yes,no,cellular,feb,306,,no,0
45,married,secondary,yes,no,cellular,may,113,360.0,no,1
48,married,secondary,yes,no,cellular,jul,95,,no,0
26,single,secondary,no,no,cellular,oct,133,,no,0
60,married,primary,no,no,cellular,jul,147,,no,0
48,married,primary,no,no,unknown,jun,136,,no,0
59,married,secondary,no,no,cellular,nov,175,100.0,no,1
37,married,primary,yes,no,unknown,may,122,,no,0
47,married,tertiary,no,no,cellular,aug,47,,no,0
24,single,secondary,yes,no,unknown,jun,158,,no,0
33,married,secondary,no,no,telephone,nov,61,,no,0
38,single,secondary,yes,no,cellular,jul,370,,no,0
46,married,secondary,no,yes,cellular,aug,243,,no,0
72,married,tertiary,no,no,telephone,jul,116,,no,0
32,married,primary,yes,no,cellular,may,275,370.0,no,1
39,single,secondary,no,yes,cellular,nov,224,,no,0
52,married,primary,no,yes,cellular,jul,124,,no,0
36,married,tertiary,yes,no,cellular,apr,68,,no,0
44,married,tertiary,yes,yes,unknown,may,127,,no,0
43,married,primary,yes,no,unknown,may,47,,no,0
57,married,unknown,no,no,cellular,jul,54,,no,0
29,single,tertiary,no,no,cellular,apr,222,,no,0
32,married,primary,yes,yes,unknown,jun,8,,no,0
36,married,secondary,yes,yes,cellular,jul,1201,,yes,0
55,single,secondary,yes,no,unknown,may,178,,no,0
44,married,tertiary,yes,no,cellular,aug,360,,no,0
41,single,secondary,no,no,cellular,nov,98,153.0,no,1
43,married,secondary,yes,no,unknown,may,132,,no,0
32,married,tertiary,no,no,unknown,may,569,,no,0
39,married,secondary,yes,no,cellular,may,247,,no,0
31,married,secondary,yes,no,cellular,nov,474,,no,0
34,single,tertiary,yes,no,cellular,nov,165,,no,0
51,married,unknown,no,no,cellular,jul,52,,no,0
31,single,tertiary,no,no,cellular,feb,211,,no,0
27,single,secondary,yes,no,unknown,may,191,,no,0
27,single,secondary,yes,no,cellular,may,146,349.0,no,1
45,single,primary,yes,no,cellular,apr,110,263.0,no,1
28,single,secondary,yes,yes,cellular,sep,259,98.0,yes,1
46,married,secondary,no,no,cellular,aug,1181,,yes,0
49,married,primary,no,no,cellular,nov,108,,no,0
30,divorced,secondary,no,no,cellular,sep,72,,no,0
50,divorced,primary,no,yes,cellular,jul,208,,no,0
31,single,secondary,yes,no,cellular,nov,239,182.0,no,1
36,married,secondary,yes,no,unknown,jun,38,,no,0
52,single,tertiary,no,no,unknown,jun,431,,no,0
26,single,tertiary,no,yes,cellular,jul,393,,no,0
42,single,primary,yes,yes,cellular,jul,178,,no,0
33,married,secondary,yes,no,cellular,feb,56,274.0,no,1
57,married,primary,yes,no,unknown,may,38,,no,0
33,married,secondary,yes,no,telephone,may,32,,no,0
30,married,tertiary,yes,yes,cellular,jul,187,,no,0
51,married,primary,yes,no,cellular,jul,176,,no,0
32,married,secondary,yes,no,unknown,may,135,,no,0
29,married,tertiary,yes,no,cellular,aug,453,1.0,no,1
51,divorced,secondary,yes,no,cellular,may,498,263.0,no,1
29,divorced,secondary,no,no,unknown,may,125,,no,0
30,single,tertiary,no,no,cellular,sep,272,184.0,yes,1
59,married,tertiary,no,no,unknown,jun,647,,no,0
39,married,secondary,yes,yes,cellular,may,337,330.0,no,1
